AssetType,Pack,Category,SuggestedUse,FileName,AssetPath,ThumbnailPath,RendererCount,Bounds,Notes
"Prefab","Free Sci-Fi Office Pack","가구·보관","비품창고, 통제실, 조종실 보조 소품","Office Chair Variant.prefab","Assets/ScifiOfficeLite/Prefabs/Chairs and Stools/Office Chair Variant.prefab","thumbnails/objects/0001_prefab_Office_Chair_Variant_3230cf56.png","1","0.99 x 1.52 x 1","원본 머티리얼 1개가 현재 URP 프로젝트에서 미지원입니다. 썸네일은 형태 확인용 중립 재질로 생성했습니다."
"Prefab","Free Sci-Fi Office Pack","가구·보관","비품창고, 통제실, 조종실 보조 소품","Office Chair.prefab","Assets/ScifiOfficeLite/Prefabs/Chairs and Stools/Office Chair.prefab","thumbnails/objects/0002_prefab_Office_Chair_bec08259.png","1","0.99 x 1.52 x 1","원본 머티리얼 1개가 현재 URP 프로젝트에서 미지원입니다. 썸네일은 형태 확인용 중립 재질로 생성했습니다."
"Prefab","Free Sci-Fi Office Pack","가구·보관","비품창고, 통제실, 조종실 보조 소품","Stool.prefab","Assets/ScifiOfficeLite/Prefabs/Chairs and Stools/Stool.prefab","thumbnails/objects/0003_prefab_Stool_c72d2193.png","1","0.37 x 0.97 x 0.37","원본 머티리얼 1개가 현재 URP 프로젝트에서 미지원입니다. 썸네일은 형태 확인용 중립 재질로 생성했습니다."
"Prefab","Free Sci-Fi Office Pack","가구·보관","비품창고, 통제실, 조종실 보조 소품","Drawer 2 Oak Variant.prefab","Assets/ScifiOfficeLite/Prefabs/Drawers/Drawer 2 Oak Variant.prefab","thumbnails/objects/0004_prefab_Drawer_2_Oak_Variant_af802d80.png","5","0.7 x 0.95 x 0.9","원본 머티리얼 6개가 현재 URP 프로젝트에서 미지원입니다. 썸네일은 형태 확인용 중립 재질로 생성했습니다."
"Prefab","Free Sci-Fi Office Pack","가구·보관","비품창고, 통제실, 조종실 보조 소품","Drawer 2.prefab","Assets/ScifiOfficeLite/Prefabs/Drawers/Drawer 2.prefab","thumbnails/objects/0005_prefab_Drawer_2_aaaf4568.png","5","0.7 x 0.95 x 0.9","원본 머티리얼 6개가 현재 URP 프로젝트에서 미지원입니다. 썸네일은 형태 확인용 중립 재질로 생성했습니다."
"Prefab","Free Sci-Fi Office Pack","가구·보관","비품창고, 통제실, 조종실 보조 소품","Vase.prefab","Assets/ScifiOfficeLite/Prefabs/Drawers/Vase.prefab","thumbnails/objects/0006_prefab_Vase_c73d3352.png","1","0.42 x 1.05 x 0.42",""
"Prefab","Free Sci-Fi Office Pack","가구·보관","비품창고, 통제실, 조종실 보조 소품","Shelf with Crates.prefab","Assets/ScifiOfficeLite/Prefabs/Shelf with Crates.prefab","thumbnails/objects/0007_prefab_Shelf_with_Crates_a9bed1fc.png","7","0.97 x 2.29 x 2.78","원본 머티리얼 7개가 현재 URP 프로젝트에서 미지원입니다. 썸네일은 형태 확인용 중립 재질로 생성했습니다."
"Prefab","Free Sci-Fi Office Pack","가구·보관","비품창고, 통제실, 조종실 보조 소품","Shelf without Crates.prefab","Assets/ScifiOfficeLite/Prefabs/Shelf without Crates.prefab","thumbnails/objects/0008_prefab_Shelf_without_Crates_523a55b8.png","1","0.97 x 2.29 x 2.78","원본 머티리얼 1개가 현재 URP 프로젝트에서 미지원입니다. 썸네일은 형태 확인용 중립 재질로 생성했습니다."
"Prefab","Free Sci-Fi Office Pack","가구·보관","비품창고, 통제실, 조종실 보조 소품","Drawer Table Long Blue Plastic Variant.prefab","Assets/ScifiOfficeLite/Prefabs/Tables/Blue Plastic/Drawer Table Long Blue Plastic Variant.prefab","thumbnails/objects/0009_prefab_Drawer_Table_Long_Blue_Plastic_Variant_d25d1de7.png","6","3.11 x 1 x 0.96","원본 머티리얼 7개가 현재 URP 프로젝트에서 미지원입니다. 썸네일은 형태 확인용 중립 재질로 생성했습니다."
"Prefab","Free Sci-Fi Office Pack","가구·보관","비품창고, 통제실, 조종실 보조 소품","Drawer Table Long Dark Oak.prefab","Assets/ScifiOfficeLite/Prefabs/Tables/Dark Oak/Drawer Table Long Dark Oak.prefab","thumbnails/objects/0010_prefab_Drawer_Table_Long_Dark_Oak_2fb93fbe.png","6","3.11 x 1 x 0.96","원본 머티리얼 7개가 현재 URP 프로젝트에서 미지원입니다. 썸네일은 형태 확인용 중립 재질로 생성했습니다."
"Prefab","Free Sci-Fi Office Pack","가구·보관","비품창고, 통제실, 조종실 보조 소품","Table Dark Oak.prefab","Assets/ScifiOfficeLite/Prefabs/Tables/Dark Oak/Table Dark Oak.prefab","thumbnails/objects/0011_prefab_Table_Dark_Oak_69885e17.png","1","2 x 0.99 x 1","원본 머티리얼 1개가 현재 URP 프로젝트에서 미지원입니다. 썸네일은 형태 확인용 중립 재질로 생성했습니다."
"Prefab","Free Sci-Fi Office Pack","가구·보관","비품창고, 통제실, 조종실 보조 소품","Drawer Table Long Grey Wood Variant.prefab","Assets/ScifiOfficeLite/Prefabs/Tables/Grey Wood/Drawer Table Long Grey Wood Variant.prefab","thumbnails/objects/0012_prefab_Drawer_Table_Long_Grey_Wood_Variant_19e37f13.png","6","3.11 x 1 x 0.96","원본 머티리얼 7개가 현재 URP 프로젝트에서 미지원입니다. 썸네일은 형태 확인용 중립 재질로 생성했습니다."
"Prefab","Free Sci-Fi Office Pack","가구·보관","비품창고, 통제실, 조종실 보조 소품","Table Grey Wood Variant.prefab","Assets/ScifiOfficeLite/Prefabs/Tables/Grey Wood/Table Grey Wood Variant.prefab","thumbnails/objects/0013_prefab_Table_Grey_Wood_Variant_9fd14274.png","1","2 x 0.99 x 1","원본 머티리얼 1개가 현재 URP 프로젝트에서 미지원입니다. 썸네일은 형태 확인용 중립 재질로 생성했습니다."
"Prefab","Free Sci-Fi Office Pack","가구·보관","비품창고, 통제실, 조종실 보조 소품","Table Metal Variant.prefab","Assets/ScifiOfficeLite/Prefabs/Tables/Metal/Table Metal Variant.prefab","thumbnails/objects/0014_prefab_Table_Metal_Variant_0727bab0.png","1","2 x 0.99 x 1","원본 머티리얼 1개가 현재 URP 프로젝트에서 미지원입니다. 썸네일은 형태 확인용 중립 재질로 생성했습니다."
"Prefab","Free Sci-Fi Office Pack","가구·보관","비품창고, 통제실, 조종실 보조 소품","Table Set 1 Dark Oak.prefab","Assets/ScifiOfficeLite/Prefabs/Tables/Table Set 1 Dark Oak.prefab","thumbnails/objects/0015_prefab_Table_Set_1_Dark_Oak_69c70faa.png","10","3.11 x 1.83 x 0.96","원본 머티리얼 9개가 현재 URP 프로젝트에서 미지원입니다. 썸네일은 형태 확인용 중립 재질로 생성했습니다."
"Prefab","Free Sci-Fi Office Pack","가구·보관","비품창고, 통제실, 조종실 보조 소품","Table Set 1 Grey Wood Variant.prefab","Assets/ScifiOfficeLite/Prefabs/Tables/Table Set 1 Grey Wood Variant.prefab","thumbnails/objects/0016_prefab_Table_Set_1_Grey_Wood_Variant_18129444.png","10","3.11 x 1.83 x 0.96","원본 머티리얼 9개가 현재 URP 프로젝트에서 미지원입니다. 썸네일은 형태 확인용 중립 재질로 생성했습니다."
"Prefab","Free Sci-Fi Office Pack","가구·보관","비품창고, 통제실, 조종실 보조 소품","Drawer Table Long White Wood Variant.prefab","Assets/ScifiOfficeLite/Prefabs/Tables/White Wood/Drawer Table Long White Wood Variant.prefab","thumbnails/objects/0017_prefab_Drawer_Table_Long_White_Wood_Variant_dd452523.png","6","3.11 x 1 x 0.96","원본 머티리얼 7개가 현재 URP 프로젝트에서 미지원입니다. 썸네일은 형태 확인용 중립 재질로 생성했습니다."
"Prefab","Free Sci-Fi Office Pack","가구·보관","비품창고, 통제실, 조종실 보조 소품","Table White Wood Variant.prefab","Assets/ScifiOfficeLite/Prefabs/Tables/White Wood/Table White Wood Variant.prefab","thumbnails/objects/0018_prefab_Table_White_Wood_Variant_eb4dee32.png","1","2 x 0.99 x 1","원본 머티리얼 1개가 현재 URP 프로젝트에서 미지원입니다. 썸네일은 형태 확인용 중립 재질로 생성했습니다."
"Prefab","Free Sci-Fi Office Pack","가구·보관","비품창고, 통제실, 조종실 보조 소품","Server Rack.prefab","Assets/ScifiOfficeLite/Prefabs/Tech Accessories/Server Rack.prefab","thumbnails/objects/0019_prefab_Server_Rack_a9bd9c1d.png","8","0.64 x 2.28 x 0.54","원본 머티리얼 8개가 현재 URP 프로젝트에서 미지원입니다. 썸네일은 형태 확인용 중립 재질로 생성했습니다."
"Prefab","Free Sci-Fi Office Pack","가구·보관","비품창고, 통제실, 조종실 보조 소품","Tray.prefab","Assets/ScifiOfficeLite/Prefabs/Tray.prefab","thumbnails/objects/0020_prefab_Tray_10a7b5f0.png","1","0.81 x 0.24 x 1.34","원본 머티리얼 1개가 현재 URP 프로젝트에서 미지원입니다. 썸네일은 형태 확인용 중립 재질로 생성했습니다."
"Prefab","Free Sci-Fi Office Pack","가구·보관","비품창고, 통제실, 조종실 보조 소품","Tv 32 Inch.prefab","Assets/ScifiOfficeLite/Prefabs/TVs/Tv 32 Inch.prefab","thumbnails/objects/0021_prefab_Tv_32_Inch_cf477de3.png","2","1.5 x 0.78 x 0.34","원본 머티리얼 2개가 현재 URP 프로젝트에서 미지원입니다. 썸네일은 형태 확인용 중립 재질로 생성했습니다."
"Prefab","Free Sci-Fi Office Pack","기계·구조물","동력실, 무기실, 화물칸 외곽, 복도 보강재","Mechanical arm 1 Variant.prefab","Assets/ScifiOfficeLite/Prefabs/Tech Accessories/Mechanical arm 1 Variant.prefab","thumbnails/objects/0022_prefab_Mechanical_arm_1_Variant_f839b688.png","24","2.76 x 2.03 x 2.65","원본 머티리얼 24개가 현재 URP 프로젝트에서 미지원입니다. 썸네일은 형태 확인용 중립 재질로 생성했습니다."
"Prefab","Free Sci-Fi Office Pack","기계·구조물","동력실, 무기실, 화물칸 외곽, 복도 보강재","Mechanical arm 1.prefab","Assets/ScifiOfficeLite/Prefabs/Tech Accessories/Mechanical arm 1.prefab","thumbnails/objects/0023_prefab_Mechanical_arm_1_1bb93d7f.png","19","2.76 x 2.03 x 2.3","원본 머티리얼 19개가 현재 URP 프로젝트에서 미지원입니다. 썸네일은 형태 확인용 중립 재질로 생성했습니다."
"Prefab","Free Sci-Fi Office Pack","기계·구조물","동력실, 무기실, 화물칸 외곽, 복도 보강재","Mechanical arm 2.prefab","Assets/ScifiOfficeLite/Prefabs/Tech Accessories/Mechanical arm 2.prefab","thumbnails/objects/0024_prefab_Mechanical_arm_2_f6f4bb64.png","21","2.76 x 2.03 x 2.41","원본 머티리얼 21개가 현재 URP 프로젝트에서 미지원입니다. 썸네일은 형태 확인용 중립 재질로 생성했습니다."
"Prefab","Free Sci-Fi Office Pack","문","복도, 화물칸, 방 입구, 공통 선체 마감","Broken Door.prefab","Assets/ScifiOfficeLite/Prefabs/Doors/Broken Door.prefab","thumbnails/objects/0025_prefab_Broken_Door_be11ad0f.png","4","2.51 x 2.7 x 0.57","원본 머티리얼 4개가 현재 URP 프로젝트에서 미지원입니다. 썸네일은 형태 확인용 중립 재질로 생성했습니다."
"Prefab","Free Sci-Fi Office Pack","문","복도, 화물칸, 방 입구, 공통 선체 마감","Door Wall Opaque.prefab","Assets/ScifiOfficeLite/Prefabs/Wall/Door Wall Opaque.prefab","thumbnails/objects/0026_prefab_Door_Wall_Opaque_e8c3c1de.png","3","4 x 4 x 0.55","원본 머티리얼 3개가 현재 URP 프로젝트에서 미지원입니다. 썸네일은 형태 확인용 중립 재질로 생성했습니다."
"Prefab","Free Sci-Fi Office Pack","바닥·계단","복도, 화물칸, 방 입구, 공통 선체 마감","20m Epoxy Ground.prefab","Assets/ScifiOfficeLite/Prefabs/Carpets and Floors/20m Epoxy Ground.prefab","thumbnails/objects/0027_prefab_20m_Epoxy_Ground_3a80122a.png","1","20 x 0 x 20","원본 머티리얼 1개가 현재 URP 프로젝트에서 미지원입니다. 썸네일은 형태 확인용 중립 재질로 생성했습니다."
"Prefab","Free Sci-Fi Office Pack","바닥·계단","복도, 화물칸, 방 입구, 공통 선체 마감","Carpet 10.prefab","Assets/ScifiOfficeLite/Prefabs/Carpets and Floors/Carpet 10.prefab","thumbnails/objects/0028_prefab_Carpet_10_faaffd21.png","1","1.21 x 0.03 x 1.98","원본 머티리얼 1개가 현재 URP 프로젝트에서 미지원입니다. 썸네일은 형태 확인용 중립 재질로 생성했습니다."
"Prefab","Free Sci-Fi Office Pack","바닥·계단","복도, 화물칸, 방 입구, 공통 선체 마감","Carpet 11.prefab","Assets/ScifiOfficeLite/Prefabs/Carpets and Floors/Carpet 11.prefab","thumbnails/objects/0029_prefab_Carpet_11_6a3a5fd8.png","1","1.22 x 0.01 x 2","원본 머티리얼 1개가 현재 URP 프로젝트에서 미지원입니다. 썸네일은 형태 확인용 중립 재질로 생성했습니다."
"Prefab","Free Sci-Fi Office Pack","바닥·계단","복도, 화물칸, 방 입구, 공통 선체 마감","Carpet 12.prefab","Assets/ScifiOfficeLite/Prefabs/Carpets and Floors/Carpet 12.prefab","thumbnails/objects/0030_prefab_Carpet_12_c99a7463.png","1","1.21 x 0.03 x 1.98","원본 머티리얼 1개가 현재 URP 프로젝트에서 미지원입니다. 썸네일은 형태 확인용 중립 재질로 생성했습니다."
"Prefab","Free Sci-Fi Office Pack","바닥·계단","복도, 화물칸, 방 입구, 공통 선체 마감","Carpet 13.prefab","Assets/ScifiOfficeLite/Prefabs/Carpets and Floors/Carpet 13.prefab","thumbnails/objects/0031_prefab_Carpet_13_8b34051a.png","1","1.21 x 0.03 x 1.98","원본 머티리얼 1개가 현재 URP 프로젝트에서 미지원입니다. 썸네일은 형태 확인용 중립 재질로 생성했습니다."
"Prefab","Free Sci-Fi Office Pack","바닥·계단","복도, 화물칸, 방 입구, 공통 선체 마감","Carpet 5.prefab","Assets/ScifiOfficeLite/Prefabs/Carpets and Floors/Carpet 5.prefab","thumbnails/objects/0032_prefab_Carpet_5_0200d677.png","1","0.91 x 0.01 x 1.36","원본 머티리얼 1개가 현재 URP 프로젝트에서 미지원입니다. 썸네일은 형태 확인용 중립 재질로 생성했습니다."
"Prefab","Free Sci-Fi Office Pack","바닥·계단","복도, 화물칸, 방 입구, 공통 선체 마감","Carpet 8.prefab","Assets/ScifiOfficeLite/Prefabs/Carpets and Floors/Carpet 8.prefab","thumbnails/objects/0033_prefab_Carpet_8_51472a3a.png","1","1.21 x 0.03 x 1.98","원본 머티리얼 1개가 현재 URP 프로젝트에서 미지원입니다. 썸네일은 형태 확인용 중립 재질로 생성했습니다."
"Prefab","Free Sci-Fi Office Pack","바닥·계단","복도, 화물칸, 방 입구, 공통 선체 마감","Carpet 9.prefab","Assets/ScifiOfficeLite/Prefabs/Carpets and Floors/Carpet 9.prefab","thumbnails/objects/0034_prefab_Carpet_9_67798503.png","1","1.21 x 0.03 x 1.98","원본 머티리얼 1개가 현재 URP 프로젝트에서 미지원입니다. 썸네일은 형태 확인용 중립 재질로 생성했습니다."
"Prefab","Free Sci-Fi Office Pack","벽·패널","복도, 화물칸, 방 입구, 공통 선체 마감","Wall 2 Half Variant.prefab","Assets/ScifiOfficeLite/Prefabs/Wall/Wall 2 Half Variant.prefab","thumbnails/objects/0035_prefab_Wall_2_Half_Variant_67f260db.png","2","2 x 4 x 0.35","원본 머티리얼 2개가 현재 URP 프로젝트에서 미지원입니다. 썸네일은 형태 확인용 중립 재질로 생성했습니다."
"Prefab","Free Sci-Fi Office Pack","벽·패널","복도, 화물칸, 방 입구, 공통 선체 마감","Wall 2 Half.prefab","Assets/ScifiOfficeLite/Prefabs/Wall/Wall 2 Half.prefab","thumbnails/objects/0036_prefab_Wall_2_Half_3e0993b8.png","1","2 x 4 x 0.15","원본 머티리얼 1개가 현재 URP 프로젝트에서 미지원입니다. 썸네일은 형태 확인용 중립 재질로 생성했습니다."
"Prefab","Free Sci-Fi Office Pack","벽·패널","복도, 화물칸, 방 입구, 공통 선체 마감","Wall 2 Variant.prefab","Assets/ScifiOfficeLite/Prefabs/Wall/Wall 2 Variant.prefab","thumbnails/objects/0037_prefab_Wall_2_Variant_920fa9b6.png","2","4 x 4 x 0.35","원본 머티리얼 2개가 현재 URP 프로젝트에서 미지원입니다. 썸네일은 형태 확인용 중립 재질로 생성했습니다."
"Prefab","Free Sci-Fi Office Pack","벽·패널","복도, 화물칸, 방 입구, 공통 선체 마감","Wall 2.prefab","Assets/ScifiOfficeLite/Prefabs/Wall/Wall 2.prefab","thumbnails/objects/0038_prefab_Wall_2_8db2aaf9.png","1","4 x 4 x 0.15","원본 머티리얼 1개가 현재 URP 프로젝트에서 미지원입니다. 썸네일은 형태 확인용 중립 재질로 생성했습니다."
"Prefab","Free Sci-Fi Office Pack","벽·패널","복도, 화물칸, 방 입구, 공통 선체 마감","Wall Pillar 3.prefab","Assets/ScifiOfficeLite/Prefabs/Wall/Wall Pillar 3.prefab","thumbnails/objects/0039_prefab_Wall_Pillar_3_14a70582.png","1","0.5 x 4 x 0.5","원본 머티리얼 1개가 현재 URP 프로젝트에서 미지원입니다. 썸네일은 형태 확인용 중립 재질로 생성했습니다."
"Prefab","Free Sci-Fi Office Pack","벽·패널","복도, 화물칸, 방 입구, 공통 선체 마감","Wall Pillar.prefab","Assets/ScifiOfficeLite/Prefabs/Wall/Wall Pillar.prefab","thumbnails/objects/0040_prefab_Wall_Pillar_813a6101.png","1","0.3 x 4 x 0.22","원본 머티리얼 1개가 현재 URP 프로젝트에서 미지원입니다. 썸네일은 형태 확인용 중립 재질로 생성했습니다."
"Prefab","Free Sci-Fi Office Pack","벽·패널","복도, 화물칸, 방 입구, 공통 선체 마감","Wall Top Piece Half.prefab","Assets/ScifiOfficeLite/Prefabs/Wall/Wall Top Piece Half.prefab","thumbnails/objects/0041_prefab_Wall_Top_Piece_Half_93f8360b.png","1","2 x 0.31 x 0.2","원본 머티리얼 1개가 현재 URP 프로젝트에서 미지원입니다. 썸네일은 형태 확인용 중립 재질로 생성했습니다."
"Prefab","Free Sci-Fi Office Pack","벽·패널","복도, 화물칸, 방 입구, 공통 선체 마감","Wall Top Piece.prefab","Assets/ScifiOfficeLite/Prefabs/Wall/Wall Top Piece.prefab","thumbnails/objects/0042_prefab_Wall_Top_Piece_44c2a680.png","1","4 x 0.31 x 0.2","원본 머티리얼 1개가 현재 URP 프로젝트에서 미지원입니다. 썸네일은 형태 확인용 중립 재질로 생성했습니다."
"Prefab","Free Sci-Fi Office Pack","벽·패널","복도, 화물칸, 방 입구, 공통 선체 마감","Wall Window Set 10.prefab","Assets/ScifiOfficeLite/Prefabs/Wall/Wall Window Set 10.prefab","thumbnails/objects/0043_prefab_Wall_Window_Set_10_6b295e14.png","4","4 x 2.52 x 0.15","원본 머티리얼 7개가 현재 URP 프로젝트에서 미지원입니다. 썸네일은 형태 확인용 중립 재질로 생성했습니다."
"Prefab","Free Sci-Fi Office Pack","조명","복도, 화물칸, 방 입구, 공통 선체 마감","Ceiling Light Bright.prefab","Assets/ScifiOfficeLite/Prefabs/Lighting/Ceiling Lights/2D/Ceiling Light Bright.prefab","thumbnails/objects/0044_prefab_Ceiling_Light_Bright_cf852e5c.png","1","1.4 x 0.01 x 0.26","원본 머티리얼 1개가 현재 URP 프로젝트에서 미지원입니다. 썸네일은 형태 확인용 중립 재질로 생성했습니다."
"Prefab","Free Sci-Fi Office Pack","조명","복도, 화물칸, 방 입구, 공통 선체 마감","Ceiling Light.prefab","Assets/ScifiOfficeLite/Prefabs/Lighting/Ceiling Lights/2D/Ceiling Light.prefab","thumbnails/objects/0045_prefab_Ceiling_Light_86ec1900.png","1","1.4 x 0.01 x 0.26","원본 머티리얼 1개가 현재 URP 프로젝트에서 미지원입니다. 썸네일은 형태 확인용 중립 재질로 생성했습니다."
"Prefab","Free Sci-Fi Office Pack","터미널·화면","조종실, 통제실, 무기실, 상점/정비 UI 배경 후보","PC 2.prefab","Assets/ScifiOfficeLite/Prefabs/Tech Accessories/PC 2.prefab","thumbnails/objects/0046_prefab_PC_2_8ee313b4.png","1","0.28 x 0.5 x 0.5","원본 머티리얼 1개가 현재 URP 프로젝트에서 미지원입니다. 썸네일은 형태 확인용 중립 재질로 생성했습니다."
"Model","Free Sci-Fi Office Pack","가구·보관","비품창고, 통제실, 조종실 보조 소품","Carpet 10.FBX","Assets/ScifiOfficeLite/Meshes/Office Interior/Carpet/Carpet 10.FBX","thumbnails/objects/0047_model_Carpet_10_8fbefca9.png","1","1.21 x 0.03 x 1.98","FBX 원본 모델입니다. 같은 형태의 프리팹이 있으면 프리팹 우선 검토. 원본 머티리얼 1개가 현재 URP 프로젝트에서 미지원입니다. 썸네일은 형태 확인용 중립 재질로 생성했습니다."
"Model","Free Sci-Fi Office Pack","가구·보관","비품창고, 통제실, 조종실 보조 소품","Carpet 11.FBX","Assets/ScifiOfficeLite/Meshes/Office Interior/Carpet/Carpet 11.FBX","thumbnails/objects/0048_model_Carpet_11_85ae5d46.png","1","1.22 x 0.01 x 2","FBX 원본 모델입니다. 같은 형태의 프리팹이 있으면 프리팹 우선 검토. 원본 머티리얼 1개가 현재 URP 프로젝트에서 미지원입니다. 썸네일은 형태 확인용 중립 재질로 생성했습니다."
"Model","Free Sci-Fi Office Pack","가구·보관","비품창고, 통제실, 조종실 보조 소품","Carpet 12.FBX","Assets/ScifiOfficeLite/Meshes/Office Interior/Carpet/Carpet 12.FBX","thumbnails/objects/0049_model_Carpet_12_e209c373.png","1","1.21 x 0.03 x 1.98","FBX 원본 모델입니다. 같은 형태의 프리팹이 있으면 프리팹 우선 검토. 원본 머티리얼 1개가 현재 URP 프로젝트에서 미지원입니다. 썸네일은 형태 확인용 중립 재질로 생성했습니다."
"Model","Free Sci-Fi Office Pack","가구·보관","비품창고, 통제실, 조종실 보조 소품","Carpet 13.FBX","Assets/ScifiOfficeLite/Meshes/Office Interior/Carpet/Carpet 13.FBX","thumbnails/objects/0050_model_Carpet_13_c420c978.png","1","1.21 x 0.03 x 1.98","FBX 원본 모델입니다. 같은 형태의 프리팹이 있으면 프리팹 우선 검토. 원본 머티리얼 1개가 현재 URP 프로젝트에서 미지원입니다. 썸네일은 형태 확인용 중립 재질로 생성했습니다."
"Model","Free Sci-Fi Office Pack","가구·보관","비품창고, 통제실, 조종실 보조 소품","Carpet 5.FBX","Assets/ScifiOfficeLite/Meshes/Office Interior/Carpet/Carpet 5.FBX","thumbnails/objects/0051_model_Carpet_5_0406efc7.png","1","0.91 x 0.01 x 1.36","FBX 원본 모델입니다. 같은 형태의 프리팹이 있으면 프리팹 우선 검토. 원본 머티리얼 1개가 현재 URP 프로젝트에서 미지원입니다. 썸네일은 형태 확인용 중립 재질로 생성했습니다."
"Model","Free Sci-Fi Office Pack","가구·보관","비품창고, 통제실, 조종실 보조 소품","Carpet 8.FBX","Assets/ScifiOfficeLite/Meshes/Office Interior/Carpet/Carpet 8.FBX","thumbnails/objects/0052_model_Carpet_8_67e6e3b8.png","1","1.21 x 0.03 x 1.98","FBX 원본 모델입니다. 같은 형태의 프리팹이 있으면 프리팹 우선 검토. 원본 머티리얼 1개가 현재 URP 프로젝트에서 미지원입니다. 썸네일은 형태 확인용 중립 재질로 생성했습니다."
"Model","Free Sci-Fi Office Pack","가구·보관","비품창고, 통제실, 조종실 보조 소품","Carpet 9.FBX","Assets/ScifiOfficeLite/Meshes/Office Interior/Carpet/Carpet 9.FBX","thumbnails/objects/0053_model_Carpet_9_6c8328b3.png","1","1.21 x 0.03 x 1.98","FBX 원본 모델입니다. 같은 형태의 프리팹이 있으면 프리팹 우선 검토. 원본 머티리얼 1개가 현재 URP 프로젝트에서 미지원입니다. 썸네일은 형태 확인용 중립 재질로 생성했습니다."
"Model","Free Sci-Fi Office Pack","가구·보관","비품창고, 통제실, 조종실 보조 소품","office chair.FBX","Assets/ScifiOfficeLite/Meshes/Office Interior/Chairs/office chair.FBX","thumbnails/objects/0054_model_office_chair_124f24f5.png","1","0.99 x 1.52 x 1","FBX 원본 모델입니다. 같은 형태의 프리팹이 있으면 프리팹 우선 검토."
"Model","Free Sci-Fi Office Pack","가구·보관","비품창고, 통제실, 조종실 보조 소품","Stool.FBX","Assets/ScifiOfficeLite/Meshes/Office Interior/Chairs/Stool.FBX","thumbnails/objects/0055_model_Stool_8546639f.png","1","0.37 x 0.97 x 0.37","FBX 원본 모델입니다. 같은 형태의 프리팹이 있으면 프리팹 우선 검토."
"Model","Free Sci-Fi Office Pack","가구·보관","비품창고, 통제실, 조종실 보조 소품","Drawer 2.FBX","Assets/ScifiOfficeLite/Meshes/Office Interior/Drawer 2.FBX","thumbnails/objects/0056_model_Drawer_2_3374e5d6.png","5","0.7 x 0.95 x 0.9","FBX 원본 모델입니다. 같은 형태의 프리팹이 있으면 프리팹 우선 검토. 원본 머티리얼 6개가 현재 URP 프로젝트에서 미지원입니다. 썸네일은 형태 확인용 중립 재질로 생성했습니다."
"Model","Free Sci-Fi Office Pack","가구·보관","비품창고, 통제실, 조종실 보조 소품","Radio.FBX","Assets/ScifiOfficeLite/Meshes/Office Interior/Radio.FBX","thumbnails/objects/0057_model_Radio_7205a594.png","1","0.43 x 0.29 x 0.17","FBX 원본 모델입니다. 같은 형태의 프리팹이 있으면 프리팹 우선 검토. 원본 머티리얼 1개가 현재 URP 프로젝트에서 미지원입니다. 썸네일은 형태 확인용 중립 재질로 생성했습니다."
"Model","Free Sci-Fi Office Pack","가구·보관","비품창고, 통제실, 조종실 보조 소품","Shelf with Crates.FBX","Assets/ScifiOfficeLite/Meshes/Office Interior/Shelf with Crates.FBX","thumbnails/objects/0058_model_Shelf_with_Crates_51a8d527.png","7","0.97 x 2.29 x 2.78","FBX 원본 모델입니다. 같은 형태의 프리팹이 있으면 프리팹 우선 검토."
"Model","Free Sci-Fi Office Pack","가구·보관","비품창고, 통제실, 조종실 보조 소품","Shelf Without Crates.FBX","Assets/ScifiOfficeLite/Meshes/Office Interior/Shelf Without Crates.FBX","thumbnails/objects/0059_model_Shelf_Without_Crates_7637ad75.png","1","0.97 x 2.29 x 2.78","FBX 원본 모델입니다. 같은 형태의 프리팹이 있으면 프리팹 우선 검토. 원본 머티리얼 1개가 현재 URP 프로젝트에서 미지원입니다. 썸네일은 형태 확인용 중립 재질로 생성했습니다."
"Model","Free Sci-Fi Office Pack","가구·보관","비품창고, 통제실, 조종실 보조 소품","Table 1.FBX","Assets/ScifiOfficeLite/Meshes/Office Interior/Tables/Table 1.FBX","thumbnails/objects/0060_model_Table_1_dcd349bc.png","1","2 x 0.99 x 1","FBX 원본 모델입니다. 같은 형태의 프리팹이 있으면 프리팹 우선 검토. 원본 머티리얼 1개가 현재 URP 프로젝트에서 미지원입니다. 썸네일은 형태 확인용 중립 재질로 생성했습니다."
"Model","Free Sci-Fi Office Pack","가구·보관","비품창고, 통제실, 조종실 보조 소품","Table 6.FBX","Assets/ScifiOfficeLite/Meshes/Office Interior/Tables/Table 6.FBX","thumbnails/objects/0061_model_Table_6_6e5c9cd1.png","6","3.11 x 1 x 0.96","FBX 원본 모델입니다. 같은 형태의 프리팹이 있으면 프리팹 우선 검토. 원본 머티리얼 7개가 현재 URP 프로젝트에서 미지원입니다. 썸네일은 형태 확인용 중립 재질로 생성했습니다."
"Model","Free Sci-Fi Office Pack","가구·보관","비품창고, 통제실, 조종실 보조 소품","Table Set 1.FBX","Assets/ScifiOfficeLite/Meshes/Office Interior/Tables/Table Set 1.FBX","thumbnails/objects/0062_model_Table_Set_1_1ee8d8dc.png","15","3.11 x 1.83 x 0.96","FBX 원본 모델입니다. 같은 형태의 프리팹이 있으면 프리팹 우선 검토. 원본 머티리얼 5개가 현재 URP 프로젝트에서 미지원입니다. 썸네일은 형태 확인용 중립 재질로 생성했습니다."
"Model","Free Sci-Fi Office Pack","가구·보관","비품창고, 통제실, 조종실 보조 소품","Tray.FBX","Assets/ScifiOfficeLite/Meshes/Office Interior/Tray.FBX","thumbnails/objects/0063_model_Tray_1651f941.png","1","0.81 x 0.24 x 1.34","FBX 원본 모델입니다. 같은 형태의 프리팹이 있으면 프리팹 우선 검토. 원본 머티리얼 1개가 현재 URP 프로젝트에서 미지원입니다. 썸네일은 형태 확인용 중립 재질로 생성했습니다."
"Model","Free Sci-Fi Office Pack","가구·보관","비품창고, 통제실, 조종실 보조 소품","Tv 32 Inch.FBX","Assets/ScifiOfficeLite/Meshes/Office Interior/Tv/Tv 32 Inch.FBX","thumbnails/objects/0064_model_Tv_32_Inch_0b044349.png","2","1.5 x 0.78 x 0.34","FBX 원본 모델입니다. 같은 형태의 프리팹이 있으면 프리팹 우선 검토. 원본 머티리얼 2개가 현재 URP 프로젝트에서 미지원입니다. 썸네일은 형태 확인용 중립 재질로 생성했습니다."
"Model","Free Sci-Fi Office Pack","가구·보관","비품창고, 통제실, 조종실 보조 소품","Vase.fbx","Assets/ScifiOfficeLite/Meshes/Office Interior/Vase.fbx","thumbnails/objects/0065_model_Vase_60e7cf90.png","1","0.42 x 1.05 x 0.42","FBX 원본 모델입니다. 같은 형태의 프리팹이 있으면 프리팹 우선 검토."
"Model","Free Sci-Fi Office Pack","가구·보관","비품창고, 통제실, 조종실 보조 소품","Server Rack.FBX","Assets/ScifiOfficeLite/Meshes/Sci-Fi Environment/Server Rack.FBX","thumbnails/objects/0066_model_Server_Rack_64214171.png","8","0.64 x 2.28 x 0.54","FBX 원본 모델입니다. 같은 형태의 프리팹이 있으면 프리팹 우선 검토. 원본 머티리얼 8개가 현재 URP 프로젝트에서 미지원입니다. 썸네일은 형태 확인용 중립 재질로 생성했습니다."
"Model","Free Sci-Fi Office Pack","기계·구조물","동력실, 무기실, 화물칸 외곽, 복도 보강재","Mechanical Arm 1.FBX","Assets/ScifiOfficeLite/Meshes/Sci-Fi Environment/Mechanical Arm 1.FBX","thumbnails/objects/0067_model_Mechanical_Arm_1_fcfa44d3.png","19","2.76 x 2.03 x 2.3","FBX 원본 모델입니다. 같은 형태의 프리팹이 있으면 프리팹 우선 검토. 원본 머티리얼 19개가 현재 URP 프로젝트에서 미지원입니다. 썸네일은 형태 확인용 중립 재질로 생성했습니다."
"Model","Free Sci-Fi Office Pack","기계·구조물","동력실, 무기실, 화물칸 외곽, 복도 보강재","Mechanical Claw.fbx","Assets/ScifiOfficeLite/Meshes/Sci-Fi Environment/Mechanical Claw.fbx","thumbnails/objects/0068_model_Mechanical_Claw_16f24c79.png","5","0.38 x 0.53 x 0.31","FBX 원본 모델입니다. 같은 형태의 프리팹이 있으면 프리팹 우선 검토. 원본 머티리얼 5개가 현재 URP 프로젝트에서 미지원입니다. 썸네일은 형태 확인용 중립 재질로 생성했습니다."
"Model","Free Sci-Fi Office Pack","문","복도, 화물칸, 방 입구, 공통 선체 마감","SciFiDoor.FBX","Assets/ScifiOfficeLite/Meshes/Sci-Fi Environment/SciFiDoor.FBX","thumbnails/objects/0069_model_SciFiDoor_28c668c7.png","3","2.47 x 2.7 x 0.29","FBX 원본 모델입니다. 같은 형태의 프리팹이 있으면 프리팹 우선 검토. 원본 머티리얼 3개가 현재 URP 프로젝트에서 미지원입니다. 썸네일은 형태 확인용 중립 재질로 생성했습니다."
"Model","Free Sci-Fi Office Pack","벽·패널","복도, 화물칸, 방 입구, 공통 선체 마감","Wall 2 Half.FBX","Assets/ScifiOfficeLite/Meshes/Walls/Wall 2 Half.FBX","thumbnails/objects/0070_model_Wall_2_Half_abc9ee81.png","1","2 x 4 x 0.15","FBX 원본 모델입니다. 같은 형태의 프리팹이 있으면 프리팹 우선 검토. 원본 머티리얼 1개가 현재 URP 프로젝트에서 미지원입니다. 썸네일은 형태 확인용 중립 재질로 생성했습니다."
"Model","Free Sci-Fi Office Pack","벽·패널","복도, 화물칸, 방 입구, 공통 선체 마감","Wall 2.FBX","Assets/ScifiOfficeLite/Meshes/Walls/Wall 2.FBX","thumbnails/objects/0071_model_Wall_2_4b6b6a5c.png","1","4 x 4 x 0.15","FBX 원본 모델입니다. 같은 형태의 프리팹이 있으면 프리팹 우선 검토. 원본 머티리얼 1개가 현재 URP 프로젝트에서 미지원입니다. 썸네일은 형태 확인용 중립 재질로 생성했습니다."
"Model","Free Sci-Fi Office Pack","벽·패널","복도, 화물칸, 방 입구, 공통 선체 마감","Wall 4.FBX","Assets/ScifiOfficeLite/Meshes/Walls/Wall 4.FBX","thumbnails/objects/0072_model_Wall_4_79f2c28e.png","1","4 x 4 x 0.15","FBX 원본 모델입니다. 같은 형태의 프리팹이 있으면 프리팹 우선 검토. 원본 머티리얼 1개가 현재 URP 프로젝트에서 미지원입니다. 썸네일은 형태 확인용 중립 재질로 생성했습니다."
"Model","Free Sci-Fi Office Pack","벽·패널","복도, 화물칸, 방 입구, 공통 선체 마감","Wall Pillar 1.FBX","Assets/ScifiOfficeLite/Meshes/Walls/Wall Pillar 1.FBX","thumbnails/objects/0073_model_Wall_Pillar_1_7c8fb3d9.png","1","0.3 x 4 x 0.22","FBX 원본 모델입니다. 같은 형태의 프리팹이 있으면 프리팹 우선 검토. 원본 머티리얼 1개가 현재 URP 프로젝트에서 미지원입니다. 썸네일은 형태 확인용 중립 재질로 생성했습니다."
"Model","Free Sci-Fi Office Pack","벽·패널","복도, 화물칸, 방 입구, 공통 선체 마감","Wall Pillar 3.FBX","Assets/ScifiOfficeLite/Meshes/Walls/Wall Pillar 3.FBX","thumbnails/objects/0074_model_Wall_Pillar_3_028de6a3.png","1","0.5 x 4 x 0.5","FBX 원본 모델입니다. 같은 형태의 프리팹이 있으면 프리팹 우선 검토. 원본 머티리얼 1개가 현재 URP 프로젝트에서 미지원입니다. 썸네일은 형태 확인용 중립 재질로 생성했습니다."
"Model","Free Sci-Fi Office Pack","벽·패널","복도, 화물칸, 방 입구, 공통 선체 마감","Wall Top Piece 1.FBX","Assets/ScifiOfficeLite/Meshes/Walls/Wall Top Piece 1.FBX","thumbnails/objects/0075_model_Wall_Top_Piece_1_e0b0d224.png","1","4 x 0.31 x 0.2","FBX 원본 모델입니다. 같은 형태의 프리팹이 있으면 프리팹 우선 검토. 원본 머티리얼 1개가 현재 URP 프로젝트에서 미지원입니다. 썸네일은 형태 확인용 중립 재질로 생성했습니다."
"Model","Free Sci-Fi Office Pack","벽·패널","복도, 화물칸, 방 입구, 공통 선체 마감","Wall Top Piece 3.FBX","Assets/ScifiOfficeLite/Meshes/Walls/Wall Top Piece 3.FBX","thumbnails/objects/0076_model_Wall_Top_Piece_3_a4b73bf2.png","1","2 x 0.31 x 0.2","FBX 원본 모델입니다. 같은 형태의 프리팹이 있으면 프리팹 우선 검토. 원본 머티리얼 1개가 현재 URP 프로젝트에서 미지원입니다. 썸네일은 형태 확인용 중립 재질로 생성했습니다."
"Model","Free Sci-Fi Office Pack","벽·패널","복도, 화물칸, 방 입구, 공통 선체 마감","Wall With Windows Set 10.FBX","Assets/ScifiOfficeLite/Meshes/Walls/Wall With Windows Set 10.FBX","thumbnails/objects/0077_model_Wall_With_Windows_Set_10_43a25b8c.png","4","4 x 2.52 x 0.15","FBX 원본 모델입니다. 같은 형태의 프리팹이 있으면 프리팹 우선 검토. 원본 머티리얼 7개가 현재 URP 프로젝트에서 미지원입니다. 썸네일은 형태 확인용 중립 재질로 생성했습니다."
"Model","Free Sci-Fi Office Pack","조명","복도, 화물칸, 방 입구, 공통 선체 마감","Ceiling Lights Lo.FBX","Assets/ScifiOfficeLite/Meshes/Lights/Ceiling Lights Lo.FBX","thumbnails/objects/0078_model_Ceiling_Lights_Lo_fe6bf2bb.png","1","1.4 x 0.01 x 0.26","FBX 원본 모델입니다. 같은 형태의 프리팹이 있으면 프리팹 우선 검토. 원본 머티리얼 1개가 현재 URP 프로젝트에서 미지원입니다. 썸네일은 형태 확인용 중립 재질로 생성했습니다."
"Model","Free Sci-Fi Office Pack","터미널·화면","조종실, 통제실, 무기실, 상점/정비 UI 배경 후보","PC 2.FBX","Assets/ScifiOfficeLite/Meshes/Office Interior/Computers/PC 2.FBX","thumbnails/objects/0079_model_PC_2_96b5fc81.png","1","0.28 x 0.5 x 0.5","FBX 원본 모델입니다. 같은 형태의 프리팹이 있으면 프리팹 우선 검토. 원본 머티리얼 1개가 현재 URP 프로젝트에서 미지원입니다. 썸네일은 형태 확인용 중립 재질로 생성했습니다."
"Material","Free Sci-Fi Office Pack","머티리얼","재질 후보, 색감/마모/발광 확인","Chair set T2.mat","Assets/ScifiOfficeLite/Meshes/Materials/Chair set/Chair set T2.mat","thumbnails/materials/0001_material_Chair_set_T2_933e167a.png","0","2048x2048","머티리얼 파일입니다. 렌더러 적용 전 셰이더 호환성 확인 필요. 원본 HDRP 계열 머티리얼 설정이 현재 URP 프로젝트와 맞지 않습니다. 썸네일은 연결된 기본 텍스처로 대체했습니다."
"Material","Free Sci-Fi Office Pack","머티리얼","재질 후보, 색감/마모/발광 확인","Chair set.mat","Assets/ScifiOfficeLite/Meshes/Materials/Chair set/Chair set.mat","thumbnails/materials/0002_material_Chair_set_70a10d2c.png","0","2048x2048","머티리얼 파일입니다. 렌더러 적용 전 셰이더 호환성 확인 필요. 원본 HDRP 계열 머티리얼 설정이 현재 URP 프로젝트와 맞지 않습니다. 썸네일은 연결된 기본 텍스처로 대체했습니다."
"Material","Free Sci-Fi Office Pack","머티리얼","재질 후보, 색감/마모/발광 확인","DemoSkybox.mat","Assets/ScifiOfficeLite/Meshes/Materials/DemoSkybox.mat","thumbnails/materials/0003_material_DemoSkybox_2deb4690.png","1","1 x 1 x 1","데모/예시 폴더 출처입니다. 실제 적용 전 재확인 필요."
"Material","Free Sci-Fi Office Pack","머티리얼","재질 후보, 색감/마모/발광 확인","Carpet 2.mat","Assets/ScifiOfficeLite/Meshes/Materials/Ground Mats/Carpet/Carpet 2.mat","thumbnails/materials/0004_material_Carpet_2_0d3a9f2b.png","0","4096x4096","머티리얼 파일입니다. 렌더러 적용 전 셰이더 호환성 확인 필요. 원본 HDRP 계열 머티리얼 설정이 현재 URP 프로젝트와 맞지 않습니다. 썸네일은 연결된 기본 텍스처로 대체했습니다."
"Material","Free Sci-Fi Office Pack","머티리얼","재질 후보, 색감/마모/발광 확인","Door Mat.mat","Assets/ScifiOfficeLite/Meshes/Materials/Ground Mats/Carpet/Door Mat.mat","thumbnails/materials/0005_material_Door_Mat_6673e9ec.png","0","4096x4096","머티리얼 파일입니다. 렌더러 적용 전 셰이더 호환성 확인 필요. 원본 HDRP 계열 머티리얼 설정이 현재 URP 프로젝트와 맞지 않습니다. 썸네일은 연결된 기본 텍스처로 대체했습니다."
"Material","Free Sci-Fi Office Pack","머티리얼","재질 후보, 색감/마모/발광 확인","Concrete Ground 20m.mat","Assets/ScifiOfficeLite/Meshes/Materials/Ground Mats/Concrete/Concrete Ground 20m.mat","thumbnails/materials/0006_material_Concrete_Ground_20m_7346930d.png","0","1024x1024","머티리얼 파일입니다. 렌더러 적용 전 셰이더 호환성 확인 필요. 원본 HDRP 계열 머티리얼 설정이 현재 URP 프로젝트와 맞지 않습니다. 썸네일은 연결된 기본 텍스처로 대체했습니다."
"Material","Free Sci-Fi Office Pack","머티리얼","재질 후보, 색감/마모/발광 확인","Epoxy Ground 20m.mat","Assets/ScifiOfficeLite/Meshes/Materials/Ground Mats/Epoxy/Epoxy Ground 20m.mat","thumbnails/materials/0007_material_Epoxy_Ground_20m_9d482609.png","0","1024x1024","머티리얼 파일입니다. 렌더러 적용 전 셰이더 호환성 확인 필요. 원본 HDRP 계열 머티리얼 설정이 현재 URP 프로젝트와 맞지 않습니다. 썸네일은 연결된 기본 텍스처로 대체했습니다."
"Material","Free Sci-Fi Office Pack","머티리얼","재질 후보, 색감/마모/발광 확인","Grey Door.mat","Assets/ScifiOfficeLite/Meshes/Materials/Interactables and Doors/Doors/Grey Door.mat","thumbnails/materials/0008_material_Grey_Door_ec11f5bc.png","0","2048x2048","머티리얼 파일입니다. 렌더러 적용 전 셰이더 호환성 확인 필요. 원본 HDRP 계열 머티리얼 설정이 현재 URP 프로젝트와 맞지 않습니다. 썸네일은 연결된 기본 텍스처로 대체했습니다."
"Material","Free Sci-Fi Office Pack","머티리얼","재질 후보, 색감/마모/발광 확인","Control Panel.mat","Assets/ScifiOfficeLite/Meshes/Materials/Interactables and Doors/Server, Control, Security panel/Control Panel.mat","thumbnails/materials/0009_material_Control_Panel_2119b0e3.png","0","4096x4096","머티리얼 파일입니다. 렌더러 적용 전 셰이더 호환성 확인 필요. 원본 HDRP 계열 머티리얼 설정이 현재 URP 프로젝트와 맞지 않습니다. 썸네일은 연결된 기본 텍스처로 대체했습니다."
"Material","Free Sci-Fi Office Pack","머티리얼","재질 후보, 색감/마모/발광 확인","Glass.mat","Assets/ScifiOfficeLite/Meshes/Materials/Interactables and Doors/Server, Control, Security panel/Glass.mat","thumbnails/materials/0010_material_Glass_190f7918.png","1","1 x 1 x 1","머티리얼 파일입니다. 렌더러 적용 전 셰이더 호환성 확인 필요. 원본 HDRP 계열 머티리얼 설정이 현재 URP 프로젝트와 맞지 않습니다. 썸네일은 연결된 텍스처를 임시 URP 재질에 복사해 생성했습니다."
"Material","Free Sci-Fi Office Pack","머티리얼","재질 후보, 색감/마모/발광 확인","Mechanical arms.mat","Assets/ScifiOfficeLite/Meshes/Materials/Interactables and Doors/Server, Control, Security panel/Mechanical arms.mat","thumbnails/materials/0011_material_Mechanical_arms_29b8ef02.png","0","2048x2048","머티리얼 파일입니다. 렌더러 적용 전 셰이더 호환성 확인 필요. 원본 HDRP 계열 머티리얼 설정이 현재 URP 프로젝트와 맞지 않습니다. 썸네일은 연결된 기본 텍스처로 대체했습니다."
"Material","Free Sci-Fi Office Pack","머티리얼","재질 후보, 색감/마모/발광 확인","White Light.mat","Assets/ScifiOfficeLite/Meshes/Materials/Lights/White Light.mat","thumbnails/materials/0012_material_White_Light_f2cd9cbe.png","0","2048x2048","머티리얼 파일입니다. 렌더러 적용 전 셰이더 호환성 확인 필요. 원본 HDRP 계열 머티리얼 설정이 현재 URP 프로젝트와 맞지 않습니다. 썸네일은 연결된 기본 텍스처로 대체했습니다."
"Material","Free Sci-Fi Office Pack","머티리얼","재질 후보, 색감/마모/발광 확인","Crates.mat","Assets/ScifiOfficeLite/Meshes/Materials/Table Texture Set/Crates.mat","thumbnails/materials/0013_material_Crates_6f0c6751.png","0","512x512","머티리얼 파일입니다. 렌더러 적용 전 셰이더 호환성 확인 필요. 원본 HDRP 계열 머티리얼 설정이 현재 URP 프로젝트와 맞지 않습니다. 썸네일은 연결된 기본 텍스처로 대체했습니다."
"Material","Free Sci-Fi Office Pack","머티리얼","재질 후보, 색감/마모/발광 확인","Shelf.mat","Assets/ScifiOfficeLite/Meshes/Materials/Table Texture Set/Shelf.mat","thumbnails/materials/0014_material_Shelf_fc87d88f.png","0","512x512","머티리얼 파일입니다. 렌더러 적용 전 셰이더 호환성 확인 필요. 원본 HDRP 계열 머티리얼 설정이 현재 URP 프로젝트와 맞지 않습니다. 썸네일은 연결된 기본 텍스처로 대체했습니다."
"Material","Free Sci-Fi Office Pack","머티리얼","재질 후보, 색감/마모/발광 확인","Table set Glass.mat","Assets/ScifiOfficeLite/Meshes/Materials/Table Texture Set/Table set Glass.mat","thumbnails/materials/0015_material_Table_set_Glass_fce8f173.png","0","2048x2048","머티리얼 파일입니다. 렌더러 적용 전 셰이더 호환성 확인 필요. 원본 HDRP 계열 머티리얼 설정이 현재 URP 프로젝트와 맞지 않습니다. 썸네일은 연결된 기본 텍스처로 대체했습니다."
"Material","Free Sci-Fi Office Pack","머티리얼","재질 후보, 색감/마모/발광 확인","Table Texture Set 1 V2.mat","Assets/ScifiOfficeLite/Meshes/Materials/Table Texture Set/Table Texture Set 1 V2.mat","thumbnails/materials/0016_material_Table_Texture_Set_1_V2_fc057319.png","0","2048x2048","머티리얼 파일입니다. 렌더러 적용 전 셰이더 호환성 확인 필요. 원본 HDRP 계열 머티리얼 설정이 현재 URP 프로젝트와 맞지 않습니다. 썸네일은 연결된 기본 텍스처로 대체했습니다."
"Material","Free Sci-Fi Office Pack","머티리얼","재질 후보, 색감/마모/발광 확인","Table Texture Set 1.mat","Assets/ScifiOfficeLite/Meshes/Materials/Table Texture Set/Table Texture Set 1.mat","thumbnails/materials/0017_material_Table_Texture_Set_1_da52c2ab.png","0","2048x2048","머티리얼 파일입니다. 렌더러 적용 전 셰이더 호환성 확인 필요. 원본 HDRP 계열 머티리얼 설정이 현재 URP 프로젝트와 맞지 않습니다. 썸네일은 연결된 기본 텍스처로 대체했습니다."
"Material","Free Sci-Fi Office Pack","머티리얼","재질 후보, 색감/마모/발광 확인","Table Texture Set 2.mat","Assets/ScifiOfficeLite/Meshes/Materials/Table Texture Set/Table Texture Set 2.mat","thumbnails/materials/0018_material_Table_Texture_Set_2_dd1561ea.png","0","2048x2048","머티리얼 파일입니다. 렌더러 적용 전 셰이더 호환성 확인 필요. 원본 HDRP 계열 머티리얼 설정이 현재 URP 프로젝트와 맞지 않습니다. 썸네일은 연결된 기본 텍스처로 대체했습니다."
"Material","Free Sci-Fi Office Pack","머티리얼","재질 후보, 색감/마모/발광 확인","Table Texture Set 3.mat","Assets/ScifiOfficeLite/Meshes/Materials/Table Texture Set/Table Texture Set 3.mat","thumbnails/materials/0019_material_Table_Texture_Set_3_567813bd.png","0","2048x2048","머티리얼 파일입니다. 렌더러 적용 전 셰이더 호환성 확인 필요. 원본 HDRP 계열 머티리얼 설정이 현재 URP 프로젝트와 맞지 않습니다. 썸네일은 연결된 기본 텍스처로 대체했습니다."
"Material","Free Sci-Fi Office Pack","머티리얼","재질 후보, 색감/마모/발광 확인","Table Texture Set 4.mat","Assets/ScifiOfficeLite/Meshes/Materials/Table Texture Set/Table Texture Set 4.mat","thumbnails/materials/0020_material_Table_Texture_Set_4_f8ef2d1c.png","0","2048x2048","머티리얼 파일입니다. 렌더러 적용 전 셰이더 호환성 확인 필요. 원본 HDRP 계열 머티리얼 설정이 현재 URP 프로젝트와 맞지 않습니다. 썸네일은 연결된 기본 텍스처로 대체했습니다."
"Material","Free Sci-Fi Office Pack","머티리얼","재질 후보, 색감/마모/발광 확인","Table Texture Set 5.mat","Assets/ScifiOfficeLite/Meshes/Materials/Table Texture Set/Table Texture Set 5.mat","thumbnails/materials/0021_material_Table_Texture_Set_5_890f382f.png","0","2048x2048","머티리얼 파일입니다. 렌더러 적용 전 셰이더 호환성 확인 필요. 원본 HDRP 계열 머티리얼 설정이 현재 URP 프로젝트와 맞지 않습니다. 썸네일은 연결된 기본 텍스처로 대체했습니다."
"Material","Free Sci-Fi Office Pack","머티리얼","재질 후보, 색감/마모/발광 확인","tray.mat","Assets/ScifiOfficeLite/Meshes/Materials/Table Texture Set/tray.mat","thumbnails/materials/0022_material_tray_1189c685.png","0","512x512","머티리얼 파일입니다. 렌더러 적용 전 셰이더 호환성 확인 필요. 원본 HDRP 계열 머티리얼 설정이 현재 URP 프로젝트와 맞지 않습니다. 썸네일은 연결된 기본 텍스처로 대체했습니다."
"Material","Free Sci-Fi Office Pack","머티리얼","재질 후보, 색감/마모/발광 확인","Vase.mat","Assets/ScifiOfficeLite/Meshes/Materials/Table Texture Set/Vase.mat","thumbnails/materials/0023_material_Vase_37801b10.png","1","1 x 1 x 1","머티리얼 파일입니다. 렌더러 적용 전 셰이더 호환성 확인 필요."
"Material","Free Sci-Fi Office Pack","머티리얼","재질 후보, 색감/마모/발광 확인","Keyboard props.mat","Assets/ScifiOfficeLite/Meshes/Materials/Techware/Keyboard props.mat","thumbnails/materials/0024_material_Keyboard_props_4d84e292.png","0","2048x2048","머티리얼 파일입니다. 렌더러 적용 전 셰이더 호환성 확인 필요. 원본 HDRP 계열 머티리얼 설정이 현재 URP 프로젝트와 맞지 않습니다. 썸네일은 연결된 기본 텍스처로 대체했습니다."
"Material","Free Sci-Fi Office Pack","머티리얼","재질 후보, 색감/마모/발광 확인","Techware.mat","Assets/ScifiOfficeLite/Meshes/Materials/Techware/Techware.mat","thumbnails/materials/0025_material_Techware_c3369ef0.png","0","2048x2048","머티리얼 파일입니다. 렌더러 적용 전 셰이더 호환성 확인 필요. 원본 HDRP 계열 머티리얼 설정이 현재 URP 프로젝트와 맞지 않습니다. 썸네일은 연결된 기본 텍스처로 대체했습니다."
"Material","Free Sci-Fi Office Pack","머티리얼","재질 후보, 색감/마모/발광 확인","Wall Set 1 T1.mat","Assets/ScifiOfficeLite/Meshes/Materials/Walls/Wall Set 1 T1.mat","thumbnails/materials/0026_material_Wall_Set_1_T1_a45e668b.png","0","4096x4096","머티리얼 파일입니다. 렌더러 적용 전 셰이더 호환성 확인 필요. 원본 HDRP 계열 머티리얼 설정이 현재 URP 프로젝트와 맞지 않습니다. 썸네일은 연결된 기본 텍스처로 대체했습니다."
"Material","Free Sci-Fi Office Pack","머티리얼","재질 후보, 색감/마모/발광 확인","Wall Set 2 Glass.mat","Assets/ScifiOfficeLite/Meshes/Materials/Walls/Wall Set 2 Glass.mat","thumbnails/materials/0027_material_Wall_Set_2_Glass_6d90a3d9.png","0","4096x4096","머티리얼 파일입니다. 렌더러 적용 전 셰이더 호환성 확인 필요. 원본 HDRP 계열 머티리얼 설정이 현재 URP 프로젝트와 맞지 않습니다. 썸네일은 연결된 기본 텍스처로 대체했습니다."
"Material","Free Sci-Fi Office Pack","머티리얼","재질 후보, 색감/마모/발광 확인","Wall Set 2.mat","Assets/ScifiOfficeLite/Meshes/Materials/Walls/Wall Set 2.mat","thumbnails/materials/0028_material_Wall_Set_2_4c41aa11.png","0","4096x4096","머티리얼 파일입니다. 렌더러 적용 전 셰이더 호환성 확인 필요. 원본 HDRP 계열 머티리얼 설정이 현재 URP 프로젝트와 맞지 않습니다. 썸네일은 연결된 기본 텍스처로 대체했습니다."
"Texture","Free Sci-Fi Office Pack","텍스처/금속·거칠기","재질 후보, 색감/마모/발광 확인","Ceiling_lights_lo_Metallic.png","Assets/ScifiOfficeLite/Meshes/Textures/Environment/Lights/Ceiling_lights_lo_Metallic.png","thumbnails/textures/0001_texture_Ceiling_lights_lo_Metallic_35dda675.png","0","2048x2048","텍스처 파일입니다. 형태가 아니라 재질 후보로 보십시오."
"Texture","Free Sci-Fi Office Pack","텍스처/금속·거칠기","재질 후보, 색감/마모/발광 확인","crates_1001_MetallicSmoothness.png","Assets/ScifiOfficeLite/Meshes/Textures/Environment/Table texture set/Table Props/crates_1001_MetallicSmoothness.png","thumbnails/textures/0002_texture_crates_1001_MetallicSmoothness_9027fb33.png","0","512x512","텍스처 파일입니다. 형태가 아니라 재질 후보로 보십시오."
"Texture","Free Sci-Fi Office Pack","텍스처/금속·거칠기","재질 후보, 색감/마모/발광 확인","shelf_1001_MetallicSmoothness.png","Assets/ScifiOfficeLite/Meshes/Textures/Environment/Table texture set/Table Props/shelf_1001_MetallicSmoothness.png","thumbnails/textures/0003_texture_shelf_1001_MetallicSmoothness_77a64a17.png","0","512x512","텍스처 파일입니다. 형태가 아니라 재질 후보로 보십시오."
"Texture","Free Sci-Fi Office Pack","텍스처/금속·거칠기","재질 후보, 색감/마모/발광 확인","tray_1001_MetallicSmoothness.png","Assets/ScifiOfficeLite/Meshes/Textures/Environment/Table texture set/Table Props/tray_1001_MetallicSmoothness.png","thumbnails/textures/0004_texture_tray_1001_MetallicSmoothness_65be9833.png","0","512x512","텍스처 파일입니다. 형태가 아니라 재질 후보로 보십시오."
"Texture","Free Sci-Fi Office Pack","텍스처/금속·거칠기","재질 후보, 색감/마모/발광 확인","vase_grey_MetallicSmoothness.png","Assets/ScifiOfficeLite/Meshes/Textures/Environment/Table texture set/Vase/vase_grey_MetallicSmoothness.png","thumbnails/textures/0005_texture_vase_grey_MetallicSmoothness_c368be16.png","0","1024x1024","텍스처 파일입니다. 형태가 아니라 재질 후보로 보십시오."
"Texture","Free Sci-Fi Office Pack","텍스처/노멀","재질 후보, 색감/마모/발광 확인","Control Panel Table_Normal.png","Assets/ScifiOfficeLite/Meshes/Textures/Control Panel/Control Panel Table_Normal.png","thumbnails/textures/0006_texture_Control_Panel_Table_Normal_69d40b41.png","0","4096x4096","텍스처 파일입니다. 형태가 아니라 재질 후보로 보십시오."
"Texture","Free Sci-Fi Office Pack","텍스처/노멀","재질 후보, 색감/마모/발광 확인","Chair Set _Normal.png","Assets/ScifiOfficeLite/Meshes/Textures/Environment/Chair set/Chair Set _Normal.png","thumbnails/textures/0007_texture_Chair_Set__Normal_eaa4da1b.png","0","2048x2048","텍스처 파일입니다. 형태가 아니라 재질 후보로 보십시오."
"Texture","Free Sci-Fi Office Pack","텍스처/노멀","재질 후보, 색감/마모/발광 확인","Chair Set T2_Normal.png","Assets/ScifiOfficeLite/Meshes/Textures/Environment/Chair set/Type 2/Chair Set T2_Normal.png","thumbnails/textures/0008_texture_Chair_Set_T2_Normal_3b4f029a.png","0","2048x2048","텍스처 파일입니다. 형태가 아니라 재질 후보로 보십시오."
"Texture","Free Sci-Fi Office Pack","텍스처/노멀","재질 후보, 색감/마모/발광 확인","Carpet 2_Normal.png","Assets/ScifiOfficeLite/Meshes/Textures/Environment/Ground/Carpet/Carpet 2_Normal.png","thumbnails/textures/0009_texture_Carpet_2_Normal_3cfb2833.png","0","4096x4096","텍스처 파일입니다. 형태가 아니라 재질 후보로 보십시오."
"Texture","Free Sci-Fi Office Pack","텍스처/노멀","재질 후보, 색감/마모/발광 확인","Door Mat_Normal.png","Assets/ScifiOfficeLite/Meshes/Textures/Environment/Ground/Carpet/Door Mat_Normal.png","thumbnails/textures/0010_texture_Door_Mat_Normal_29a3ee36.png","0","4096x4096","텍스처 파일입니다. 형태가 아니라 재질 후보로 보십시오."
"Texture","Free Sci-Fi Office Pack","텍스처/노멀","재질 후보, 색감/마모/발광 확인","Ceiling_lights_lo_Normal.png","Assets/ScifiOfficeLite/Meshes/Textures/Environment/Lights/Ceiling_lights_lo_Normal.png","thumbnails/textures/0011_texture_Ceiling_lights_lo_Normal_3fa2b0db.png","0","2048x2048","텍스처 파일입니다. 형태가 아니라 재질 후보로 보십시오."
"Texture","Free Sci-Fi Office Pack","텍스처/노멀","재질 후보, 색감/마모/발광 확인","crates_1001_Normal.png","Assets/ScifiOfficeLite/Meshes/Textures/Environment/Table texture set/Table Props/crates_1001_Normal.png","thumbnails/textures/0012_texture_crates_1001_Normal_44f4ca90.png","0","512x512","텍스처 파일입니다. 형태가 아니라 재질 후보로 보십시오."
"Texture","Free Sci-Fi Office Pack","텍스처/노멀","재질 후보, 색감/마모/발광 확인","shelf_1001_Normal.png","Assets/ScifiOfficeLite/Meshes/Textures/Environment/Table texture set/Table Props/shelf_1001_Normal.png","thumbnails/textures/0013_texture_shelf_1001_Normal_c91f7d7c.png","0","512x512","텍스처 파일입니다. 형태가 아니라 재질 후보로 보십시오."
"Texture","Free Sci-Fi Office Pack","텍스처/노멀","재질 후보, 색감/마모/발광 확인","tray_1001_Normal.png","Assets/ScifiOfficeLite/Meshes/Textures/Environment/Table texture set/Table Props/tray_1001_Normal.png","thumbnails/textures/0014_texture_tray_1001_Normal_5f32f790.png","0","512x512","텍스처 파일입니다. 형태가 아니라 재질 후보로 보십시오."
"Texture","Free Sci-Fi Office Pack","텍스처/노멀","재질 후보, 색감/마모/발광 확인","Table Glass_Normal.png","Assets/ScifiOfficeLite/Meshes/Textures/Environment/Table texture set/Table Set Glass/Table Glass_Normal.png","thumbnails/textures/0015_texture_Table_Glass_Normal_8c7253b3.png","0","2048x2048","텍스처 파일입니다. 형태가 아니라 재질 후보로 보십시오."
"Texture","Free Sci-Fi Office Pack","텍스처/노멀","재질 후보, 색감/마모/발광 확인","Table texture set 1_Normal.png","Assets/ScifiOfficeLite/Meshes/Textures/Environment/Table texture set/Table Texture set 1/Table texture set 1_Normal.png","thumbnails/textures/0016_texture_Table_texture_set_1_Normal_da95164b.png","0","2048x2048","텍스처 파일입니다. 형태가 아니라 재질 후보로 보십시오."
"Texture","Free Sci-Fi Office Pack","텍스처/노멀","재질 후보, 색감/마모/발광 확인","Table texture set 2_Normal.png","Assets/ScifiOfficeLite/Meshes/Textures/Environment/Table texture set/Table Texture set 2/Table texture set 2_Normal.png","thumbnails/textures/0017_texture_Table_texture_set_2_Normal_bf220723.png","0","2048x2048","텍스처 파일입니다. 형태가 아니라 재질 후보로 보십시오."
"Texture","Free Sci-Fi Office Pack","텍스처/노멀","재질 후보, 색감/마모/발광 확인","Table texture set 3_Normal.png","Assets/ScifiOfficeLite/Meshes/Textures/Environment/Table texture set/Table Texture set 3/Table texture set 3_Normal.png","thumbnails/textures/0018_texture_Table_texture_set_3_Normal_a4bd218b.png","0","2048x2048","텍스처 파일입니다. 형태가 아니라 재질 후보로 보십시오."
"Texture","Free Sci-Fi Office Pack","텍스처/노멀","재질 후보, 색감/마모/발광 확인","Table texture set 4_Normal.png","Assets/ScifiOfficeLite/Meshes/Textures/Environment/Table texture set/Table Texture Set 4/Table texture set 4_Normal.png","thumbnails/textures/0019_texture_Table_texture_set_4_Normal_3bb52f8b.png","0","2048x2048","텍스처 파일입니다. 형태가 아니라 재질 후보로 보십시오."
"Texture","Free Sci-Fi Office Pack","텍스처/노멀","재질 후보, 색감/마모/발광 확인","Table texture set 5_Normal.png","Assets/ScifiOfficeLite/Meshes/Textures/Environment/Table texture set/Table Texture Set 5/Table texture set 5_Normal.png","thumbnails/textures/0020_texture_Table_texture_set_5_Normal_daa47d4b.png","0","2048x2048","텍스처 파일입니다. 형태가 아니라 재질 후보로 보십시오."
"Texture","Free Sci-Fi Office Pack","텍스처/노멀","재질 후보, 색감/마모/발광 확인","vase_grey_Normal.png","Assets/ScifiOfficeLite/Meshes/Textures/Environment/Table texture set/Vase/vase_grey_Normal.png","thumbnails/textures/0021_texture_vase_grey_Normal_74bf2e91.png","0","1024x1024","텍스처 파일입니다. 형태가 아니라 재질 후보로 보십시오."
"Texture","Free Sci-Fi Office Pack","텍스처/노멀","재질 후보, 색감/마모/발광 확인","Keyboard Props_Normal.png","Assets/ScifiOfficeLite/Meshes/Textures/Environment/Techware/Keyboard props texture/Keyboard Props_Normal.png","thumbnails/textures/0022_texture_Keyboard_Props_Normal_55879d2c.png","0","2048x2048","텍스처 파일입니다. 형태가 아니라 재질 후보로 보십시오."
"Texture","Free Sci-Fi Office Pack","텍스처/노멀","재질 후보, 색감/마모/발광 확인","Techware_Normal.png","Assets/ScifiOfficeLite/Meshes/Textures/Environment/Techware/Techware_Normal.png","thumbnails/textures/0023_texture_Techware_Normal_b2a7874f.png","0","2048x2048","텍스처 파일입니다. 형태가 아니라 재질 후보로 보십시오."
"Texture","Free Sci-Fi Office Pack","텍스처/노멀","재질 후보, 색감/마모/발광 확인","Wall multiset_Normal.png","Assets/ScifiOfficeLite/Meshes/Textures/Environment/Wall texture/wall set 1/Wall multiset_Normal.png","thumbnails/textures/0024_texture_Wall_multiset_Normal_c8300e4f.png","0","4096x4096","텍스처 파일입니다. 형태가 아니라 재질 후보로 보십시오."
"Texture","Free Sci-Fi Office Pack","텍스처/노멀","재질 후보, 색감/마모/발광 확인","Wall_Multiset_2_Normal.png","Assets/ScifiOfficeLite/Meshes/Textures/Environment/Wall texture/Wall set 2/Wall_Multiset_2_Normal.png","thumbnails/textures/0025_texture_Wall_Multiset_2_Normal_bb8a33fc.png","0","4096x4096","텍스처 파일입니다. 형태가 아니라 재질 후보로 보십시오."
"Texture","Free Sci-Fi Office Pack","텍스처/노멀","재질 후보, 색감/마모/발광 확인","Door 1_Normal.png","Assets/ScifiOfficeLite/Meshes/Textures/Interactables and Doors/Doors/Door 1_Normal.png","thumbnails/textures/0026_texture_Door_1_Normal_e8af8ed5.png","0","2048x2048","텍스처 파일입니다. 형태가 아니라 재질 후보로 보십시오."
"Texture","Free Sci-Fi Office Pack","텍스처/노멀","재질 후보, 색감/마모/발광 확인","Mechanical arms_Normal.png","Assets/ScifiOfficeLite/Meshes/Textures/Interactables and Doors/Mechanical arms/Mechanical arms_Normal.png","thumbnails/textures/0027_texture_Mechanical_arms_Normal_a4bc2c01.png","0","2048x2048","텍스처 파일입니다. 형태가 아니라 재질 후보로 보십시오."
"Texture","Free Sci-Fi Office Pack","텍스처/발광","재질 후보, 색감/마모/발광 확인","Ceiling_lights_lo_Emissive.png","Assets/ScifiOfficeLite/Meshes/Textures/Environment/Lights/Ceiling_lights_lo_Emissive.png","thumbnails/textures/0028_texture_Ceiling_lights_lo_Emissive_4b6b949f.png","0","2048x2048","텍스처 파일입니다. 형태가 아니라 재질 후보로 보십시오."
"Texture","Free Sci-Fi Office Pack","텍스처/발광","재질 후보, 색감/마모/발광 확인","Door 1_Emission.png","Assets/ScifiOfficeLite/Meshes/Textures/Interactables and Doors/Doors/Door 1_Emission.png","thumbnails/textures/0029_texture_Door_1_Emission_1db3b25d.png","0","2048x2048","텍스처 파일입니다. 형태가 아니라 재질 후보로 보십시오."
"Texture","Free Sci-Fi Office Pack","텍스처/색상","재질 후보, 색감/마모/발광 확인","Control Panel Table_Diffuse.png","Assets/ScifiOfficeLite/Meshes/Textures/Control Panel/Control Panel Table_Diffuse.png","thumbnails/textures/0030_texture_Control_Panel_Table_Diffuse_14ba45ca.png","0","4096x4096","텍스처 파일입니다. 형태가 아니라 재질 후보로 보십시오."
"Texture","Free Sci-Fi Office Pack","텍스처/색상","재질 후보, 색감/마모/발광 확인","Control Panel Table_Height.png","Assets/ScifiOfficeLite/Meshes/Textures/Control Panel/Control Panel Table_Height.png","thumbnails/textures/0031_texture_Control_Panel_Table_Height_31790bd1.png","0","4096x4096","텍스처 파일입니다. 형태가 아니라 재질 후보로 보십시오."
"Texture","Free Sci-Fi Office Pack","텍스처/색상","재질 후보, 색감/마모/발광 확인","Control Panel Table_Maskmap.png","Assets/ScifiOfficeLite/Meshes/Textures/Control Panel/Control Panel Table_Maskmap.png","thumbnails/textures/0032_texture_Control_Panel_Table_Maskmap_eab89866.png","0","4096x4096","텍스처 파일입니다. 형태가 아니라 재질 후보로 보십시오."
"Texture","Free Sci-Fi Office Pack","텍스처/색상","재질 후보, 색감/마모/발광 확인","Chair Set _Diffuse.png","Assets/ScifiOfficeLite/Meshes/Textures/Environment/Chair set/Chair Set _Diffuse.png","thumbnails/textures/0033_texture_Chair_Set__Diffuse_c72c0920.png","0","2048x2048","텍스처 파일입니다. 형태가 아니라 재질 후보로 보십시오."
"Texture","Free Sci-Fi Office Pack","텍스처/색상","재질 후보, 색감/마모/발광 확인","Chair Set _Height.png","Assets/ScifiOfficeLite/Meshes/Textures/Environment/Chair set/Chair Set _Height.png","thumbnails/textures/0034_texture_Chair_Set__Height_b4b2befb.png","0","2048x2048","텍스처 파일입니다. 형태가 아니라 재질 후보로 보십시오."
"Texture","Free Sci-Fi Office Pack","텍스처/색상","재질 후보, 색감/마모/발광 확인","Chair Set _Maskmap.png","Assets/ScifiOfficeLite/Meshes/Textures/Environment/Chair set/Chair Set _Maskmap.png","thumbnails/textures/0035_texture_Chair_Set__Maskmap_150b8848.png","0","2048x2048","텍스처 파일입니다. 형태가 아니라 재질 후보로 보십시오."
"Texture","Free Sci-Fi Office Pack","텍스처/색상","재질 후보, 색감/마모/발광 확인","Chair Set T2_Diffuse.png","Assets/ScifiOfficeLite/Meshes/Textures/Environment/Chair set/Type 2/Chair Set T2_Diffuse.png","thumbnails/textures/0036_texture_Chair_Set_T2_Diffuse_be830f7f.png","0","2048x2048","텍스처 파일입니다. 형태가 아니라 재질 후보로 보십시오."
"Texture","Free Sci-Fi Office Pack","텍스처/색상","재질 후보, 색감/마모/발광 확인","Chair Set T2_Height.png","Assets/ScifiOfficeLite/Meshes/Textures/Environment/Chair set/Type 2/Chair Set T2_Height.png","thumbnails/textures/0037_texture_Chair_Set_T2_Height_e995daa2.png","0","2048x2048","텍스처 파일입니다. 형태가 아니라 재질 후보로 보십시오."
"Texture","Free Sci-Fi Office Pack","텍스처/색상","재질 후보, 색감/마모/발광 확인","Chair Set T2_Maskmap.png","Assets/ScifiOfficeLite/Meshes/Textures/Environment/Chair set/Type 2/Chair Set T2_Maskmap.png","thumbnails/textures/0038_texture_Chair_Set_T2_Maskmap_278509bf.png","0","2048x2048","텍스처 파일입니다. 형태가 아니라 재질 후보로 보십시오."
"Texture","Free Sci-Fi Office Pack","텍스처/색상","재질 후보, 색감/마모/발광 확인","Carpet 2_Diffuse.png","Assets/ScifiOfficeLite/Meshes/Textures/Environment/Ground/Carpet/Carpet 2_Diffuse.png","thumbnails/textures/0039_texture_Carpet_2_Diffuse_70991958.png","0","4096x4096","텍스처 파일입니다. 형태가 아니라 재질 후보로 보십시오."
"Texture","Free Sci-Fi Office Pack","텍스처/색상","재질 후보, 색감/마모/발광 확인","Carpet 2_Height.png","Assets/ScifiOfficeLite/Meshes/Textures/Environment/Ground/Carpet/Carpet 2_Height.png","thumbnails/textures/0040_texture_Carpet_2_Height_b2c12583.png","0","4096x4096","텍스처 파일입니다. 형태가 아니라 재질 후보로 보십시오."
"Texture","Free Sci-Fi Office Pack","텍스처/색상","재질 후보, 색감/마모/발광 확인","Carpet 2_Maskmap.png","Assets/ScifiOfficeLite/Meshes/Textures/Environment/Ground/Carpet/Carpet 2_Maskmap.png","thumbnails/textures/0041_texture_Carpet_2_Maskmap_74e65840.png","0","4096x4096","텍스처 파일입니다. 형태가 아니라 재질 후보로 보십시오."
"Texture","Free Sci-Fi Office Pack","텍스처/색상","재질 후보, 색감/마모/발광 확인","Door Mat_Diffuse.png","Assets/ScifiOfficeLite/Meshes/Textures/Environment/Ground/Carpet/Door Mat_Diffuse.png","thumbnails/textures/0042_texture_Door_Mat_Diffuse_777e55db.png","0","4096x4096","텍스처 파일입니다. 형태가 아니라 재질 후보로 보십시오."
"Texture","Free Sci-Fi Office Pack","텍스처/색상","재질 후보, 색감/마모/발광 확인","Door Mat_Height.png","Assets/ScifiOfficeLite/Meshes/Textures/Environment/Ground/Carpet/Door Mat_Height.png","thumbnails/textures/0043_texture_Door_Mat_Height_f16618f6.png","0","4096x4096","텍스처 파일입니다. 형태가 아니라 재질 후보로 보십시오."
"Texture","Free Sci-Fi Office Pack","텍스처/색상","재질 후보, 색감/마모/발광 확인","Door Mat_Maskmap.png","Assets/ScifiOfficeLite/Meshes/Textures/Environment/Ground/Carpet/Door Mat_Maskmap.png","thumbnails/textures/0044_texture_Door_Mat_Maskmap_21b1ffa3.png","0","4096x4096","텍스처 파일입니다. 형태가 아니라 재질 후보로 보십시오."
"Texture","Free Sci-Fi Office Pack","텍스처/색상","재질 후보, 색감/마모/발광 확인","Ceiling_lights_lo_Diffuse.png","Assets/ScifiOfficeLite/Meshes/Textures/Environment/Lights/Ceiling_lights_lo_Diffuse.png","thumbnails/textures/0045_texture_Ceiling_lights_lo_Diffuse_80bad2e0.png","0","2048x2048","텍스처 파일입니다. 형태가 아니라 재질 후보로 보십시오."
"Texture","Free Sci-Fi Office Pack","텍스처/색상","재질 후보, 색감/마모/발광 확인","book AO.png","Assets/ScifiOfficeLite/Meshes/Textures/Environment/Table texture set/Table Props/book AO.png","thumbnails/textures/0046_texture_book_AO_3a9b4814.png","0","512x512","텍스처 파일입니다. 형태가 아니라 재질 후보로 보십시오."
"Texture","Free Sci-Fi Office Pack","텍스처/색상","재질 후보, 색감/마모/발광 확인","crates  AO.png","Assets/ScifiOfficeLite/Meshes/Textures/Environment/Table texture set/Table Props/crates  AO.png","thumbnails/textures/0047_texture_crates__AO_0c6dd277.png","0","1024x1024","텍스처 파일입니다. 형태가 아니라 재질 후보로 보십시오."
"Texture","Free Sci-Fi Office Pack","텍스처/색상","재질 후보, 색감/마모/발광 확인","crates_1001_AlbedoTransparency.png","Assets/ScifiOfficeLite/Meshes/Textures/Environment/Table texture set/Table Props/crates_1001_AlbedoTransparency.png","thumbnails/textures/0048_texture_crates_1001_AlbedoTransparency_9b48d2fc.png","0","512x512","텍스처 파일입니다. 형태가 아니라 재질 후보로 보십시오."
"Texture","Free Sci-Fi Office Pack","텍스처/색상","재질 후보, 색감/마모/발광 확인","crates_MaskMap.png","Assets/ScifiOfficeLite/Meshes/Textures/Environment/Table texture set/Table Props/crates_MaskMap.png","thumbnails/textures/0049_texture_crates_MaskMap_5559ad06.png","0","512x512","텍스처 파일입니다. 형태가 아니라 재질 후보로 보십시오."
"Texture","Free Sci-Fi Office Pack","텍스처/색상","재질 후보, 색감/마모/발광 확인","shelf.png","Assets/ScifiOfficeLite/Meshes/Textures/Environment/Table texture set/Table Props/shelf.png","thumbnails/textures/0050_texture_shelf_3d0b768b.png","0","512x512","텍스처 파일입니다. 형태가 아니라 재질 후보로 보십시오."
"Texture","Free Sci-Fi Office Pack","텍스처/색상","재질 후보, 색감/마모/발광 확인","shelf_1001_AlbedoTransparency.png","Assets/ScifiOfficeLite/Meshes/Textures/Environment/Table texture set/Table Props/shelf_1001_AlbedoTransparency.png","thumbnails/textures/0051_texture_shelf_1001_AlbedoTransparency_ec561a28.png","0","512x512","텍스처 파일입니다. 형태가 아니라 재질 후보로 보십시오."
"Texture","Free Sci-Fi Office Pack","텍스처/색상","재질 후보, 색감/마모/발광 확인","shelf_MaskMap.png","Assets/ScifiOfficeLite/Meshes/Textures/Environment/Table texture set/Table Props/shelf_MaskMap.png","thumbnails/textures/0052_texture_shelf_MaskMap_feba931a.png","0","512x512","텍스처 파일입니다. 형태가 아니라 재질 후보로 보십시오."
"Texture","Free Sci-Fi Office Pack","텍스처/색상","재질 후보, 색감/마모/발광 확인","tray AO.png","Assets/ScifiOfficeLite/Meshes/Textures/Environment/Table texture set/Table Props/tray AO.png","thumbnails/textures/0053_texture_tray_AO_c378cf83.png","0","1024x1024","텍스처 파일입니다. 형태가 아니라 재질 후보로 보십시오."
"Texture","Free Sci-Fi Office Pack","텍스처/색상","재질 후보, 색감/마모/발광 확인","tray_1001_AlbedoTransparency.png","Assets/ScifiOfficeLite/Meshes/Textures/Environment/Table texture set/Table Props/tray_1001_AlbedoTransparency.png","thumbnails/textures/0054_texture_tray_1001_AlbedoTransparency_70df6ffc.png","0","512x512","텍스처 파일입니다. 형태가 아니라 재질 후보로 보십시오."
"Texture","Free Sci-Fi Office Pack","텍스처/색상","재질 후보, 색감/마모/발광 확인","Table Glass_Diffuse+Alpha.png","Assets/ScifiOfficeLite/Meshes/Textures/Environment/Table texture set/Table Set Glass/Table Glass_Diffuse+Alpha.png","thumbnails/textures/0055_texture_Table_Glass_Diffuse_Alpha_c9d5411b.png","0","2048x2048","텍스처 파일입니다. 형태가 아니라 재질 후보로 보십시오."
"Texture","Free Sci-Fi Office Pack","텍스처/색상","재질 후보, 색감/마모/발광 확인","Table Glass_Diffuse.png","Assets/ScifiOfficeLite/Meshes/Textures/Environment/Table texture set/Table Set Glass/Table Glass_Diffuse.png","thumbnails/textures/0056_texture_Table_Glass_Diffuse_093293d8.png","0","2048x2048","텍스처 파일입니다. 형태가 아니라 재질 후보로 보십시오."
"Texture","Free Sci-Fi Office Pack","텍스처/색상","재질 후보, 색감/마모/발광 확인","Table Glass_Height.png","Assets/ScifiOfficeLite/Meshes/Textures/Environment/Table texture set/Table Set Glass/Table Glass_Height.png","thumbnails/textures/0057_texture_Table_Glass_Height_02385103.png","0","2048x2048","텍스처 파일입니다. 형태가 아니라 재질 후보로 보십시오."
"Texture","Free Sci-Fi Office Pack","텍스처/색상","재질 후보, 색감/마모/발광 확인","Table Glass_Maskmap.png","Assets/ScifiOfficeLite/Meshes/Textures/Environment/Table texture set/Table Set Glass/Table Glass_Maskmap.png","thumbnails/textures/0058_texture_Table_Glass_Maskmap_0d7fd2c0.png","0","2048x2048","텍스처 파일입니다. 형태가 아니라 재질 후보로 보십시오."
"Texture","Free Sci-Fi Office Pack","텍스처/색상","재질 후보, 색감/마모/발광 확인","Table texture set 1 V2_Diffuse.png","Assets/ScifiOfficeLite/Meshes/Textures/Environment/Table texture set/Table Texture set 1/Table texture set 1 V2_Diffuse.png","thumbnails/textures/0059_texture_Table_texture_set_1_V2_Diffuse_c81ee700.png","0","2048x2048","텍스처 파일입니다. 형태가 아니라 재질 후보로 보십시오."
"Texture","Free Sci-Fi Office Pack","텍스처/색상","재질 후보, 색감/마모/발광 확인","Table texture set 1_Diffuse.png","Assets/ScifiOfficeLite/Meshes/Textures/Environment/Table texture set/Table Texture set 1/Table texture set 1_Diffuse.png","thumbnails/textures/0060_texture_Table_texture_set_1_Diffuse_9384ae10.png","0","2048x2048","텍스처 파일입니다. 형태가 아니라 재질 후보로 보십시오."
"Texture","Free Sci-Fi Office Pack","텍스처/색상","재질 후보, 색감/마모/발광 확인","Table texture set 1_Height.png","Assets/ScifiOfficeLite/Meshes/Textures/Environment/Table texture set/Table Texture set 1/Table texture set 1_Height.png","thumbnails/textures/0061_texture_Table_texture_set_1_Height_787ae1ab.png","0","2048x2048","텍스처 파일입니다. 형태가 아니라 재질 후보로 보십시오."
"Texture","Free Sci-Fi Office Pack","텍스처/색상","재질 후보, 색감/마모/발광 확인","Table texture set 1_Maskmap.png","Assets/ScifiOfficeLite/Meshes/Textures/Environment/Table texture set/Table Texture set 1/Table texture set 1_Maskmap.png","thumbnails/textures/0062_texture_Table_texture_set_1_Maskmap_f28f0038.png","0","2048x2048","텍스처 파일입니다. 형태가 아니라 재질 후보로 보십시오."
"Texture","Free Sci-Fi Office Pack","텍스처/색상","재질 후보, 색감/마모/발광 확인","Table texture set 2_Diffuse.png","Assets/ScifiOfficeLite/Meshes/Textures/Environment/Table texture set/Table Texture set 2/Table texture set 2_Diffuse.png","thumbnails/textures/0063_texture_Table_texture_set_2_Diffuse_6faf75c8.png","0","2048x2048","텍스처 파일입니다. 형태가 아니라 재질 후보로 보십시오."
"Texture","Free Sci-Fi Office Pack","텍스처/색상","재질 후보, 색감/마모/발광 확인","Table texture set 2_Height.png","Assets/ScifiOfficeLite/Meshes/Textures/Environment/Table texture set/Table Texture set 2/Table texture set 2_Height.png","thumbnails/textures/0064_texture_Table_texture_set_2_Height_40db26f3.png","0","2048x2048","텍스처 파일입니다. 형태가 아니라 재질 후보로 보십시오."
"Texture","Free Sci-Fi Office Pack","텍스처/색상","재질 후보, 색감/마모/발광 확인","Table texture set 2_Maskmap.png","Assets/ScifiOfficeLite/Meshes/Textures/Environment/Table texture set/Table Texture set 2/Table texture set 2_Maskmap.png","thumbnails/textures/0065_texture_Table_texture_set_2_Maskmap_5b190c70.png","0","2048x2048","텍스처 파일입니다. 형태가 아니라 재질 후보로 보십시오."
"Texture","Free Sci-Fi Office Pack","텍스처/색상","재질 후보, 색감/마모/발광 확인","Table texture set 3_Diffuse.png","Assets/ScifiOfficeLite/Meshes/Textures/Environment/Table texture set/Table Texture set 3/Table texture set 3_Diffuse.png","thumbnails/textures/0066_texture_Table_texture_set_3_Diffuse_e75cbc50.png","0","2048x2048","텍스처 파일입니다. 형태가 아니라 재질 후보로 보십시오."
"Texture","Free Sci-Fi Office Pack","텍스처/색상","재질 후보, 색감/마모/발광 확인","Table texture set 3_Height.png","Assets/ScifiOfficeLite/Meshes/Textures/Environment/Table texture set/Table Texture set 3/Table texture set 3_Height.png","thumbnails/textures/0067_texture_Table_texture_set_3_Height_e3bfc7eb.png","0","2048x2048","텍스처 파일입니다. 형태가 아니라 재질 후보로 보십시오."
"Texture","Free Sci-Fi Office Pack","텍스처/색상","재질 후보, 색감/마모/발광 확인","Table texture set 3_Maskmap.png","Assets/ScifiOfficeLite/Meshes/Textures/Environment/Table texture set/Table Texture set 3/Table texture set 3_Maskmap.png","thumbnails/textures/0068_texture_Table_texture_set_3_Maskmap_f5293a78.png","0","2048x2048","텍스처 파일입니다. 형태가 아니라 재질 후보로 보십시오."
"Texture","Free Sci-Fi Office Pack","텍스처/색상","재질 후보, 색감/마모/발광 확인","Table texture set 4_Diffuse.png","Assets/ScifiOfficeLite/Meshes/Textures/Environment/Table texture set/Table Texture Set 4/Table texture set 4_Diffuse.png","thumbnails/textures/0069_texture_Table_texture_set_4_Diffuse_8fdac650.png","0","2048x2048","텍스처 파일입니다. 형태가 아니라 재질 후보로 보십시오."
"Texture","Free Sci-Fi Office Pack","텍스처/색상","재질 후보, 색감/마모/발광 확인","Table texture set 4_Height.png","Assets/ScifiOfficeLite/Meshes/Textures/Environment/Table texture set/Table Texture Set 4/Table texture set 4_Height.png","thumbnails/textures/0070_texture_Table_texture_set_4_Height_7ab7d5eb.png","0","2048x2048","텍스처 파일입니다. 형태가 아니라 재질 후보로 보십시오."
"Texture","Free Sci-Fi Office Pack","텍스처/색상","재질 후보, 색감/마모/발광 확인","Table texture set 4_Maskmap.png","Assets/ScifiOfficeLite/Meshes/Textures/Environment/Table texture set/Table Texture Set 4/Table texture set 4_Maskmap.png","thumbnails/textures/0071_texture_Table_texture_set_4_Maskmap_9da74478.png","0","2048x2048","텍스처 파일입니다. 형태가 아니라 재질 후보로 보십시오."
"Texture","Free Sci-Fi Office Pack","텍스처/색상","재질 후보, 색감/마모/발광 확인","Table texture set 5 brown_Diffuse.png","Assets/ScifiOfficeLite/Meshes/Textures/Environment/Table texture set/Table Texture Set 5/Table texture set 5 brown_Diffuse.png","thumbnails/textures/0072_texture_Table_texture_set_5_brown_Diffuse_24cdc934.png","0","2048x2048","텍스처 파일입니다. 형태가 아니라 재질 후보로 보십시오."
"Texture","Free Sci-Fi Office Pack","텍스처/색상","재질 후보, 색감/마모/발광 확인","Table texture set 5_Diffuse.png","Assets/ScifiOfficeLite/Meshes/Textures/Environment/Table texture set/Table Texture Set 5/Table texture set 5_Diffuse.png","thumbnails/textures/0073_texture_Table_texture_set_5_Diffuse_abc3d310.png","0","2048x2048","텍스처 파일입니다. 형태가 아니라 재질 후보로 보십시오."
"Texture","Free Sci-Fi Office Pack","텍스처/색상","재질 후보, 색감/마모/발광 확인","Table texture set 5_Height.png","Assets/ScifiOfficeLite/Meshes/Textures/Environment/Table texture set/Table Texture Set 5/Table texture set 5_Height.png","thumbnails/textures/0074_texture_Table_texture_set_5_Height_788a48ab.png","0","2048x2048","텍스처 파일입니다. 형태가 아니라 재질 후보로 보십시오."
"Texture","Free Sci-Fi Office Pack","텍스처/색상","재질 후보, 색감/마모/발광 확인","Table texture set 5_Maskmap.png","Assets/ScifiOfficeLite/Meshes/Textures/Environment/Table texture set/Table Texture Set 5/Table texture set 5_Maskmap.png","thumbnails/textures/0075_texture_Table_texture_set_5_Maskmap_0ace2538.png","0","2048x2048","텍스처 파일입니다. 형태가 아니라 재질 후보로 보십시오."
"Texture","Free Sci-Fi Office Pack","텍스처/색상","재질 후보, 색감/마모/발광 확인","vase AO.png","Assets/ScifiOfficeLite/Meshes/Textures/Environment/Table texture set/Vase/vase AO.png","thumbnails/textures/0076_texture_vase_AO_3ba7c359.png","0","1024x1024","텍스처 파일입니다. 형태가 아니라 재질 후보로 보십시오."
"Texture","Free Sci-Fi Office Pack","텍스처/색상","재질 후보, 색감/마모/발광 확인","vase_grey_AlbedoTransparency.png","Assets/ScifiOfficeLite/Meshes/Textures/Environment/Table texture set/Vase/vase_grey_AlbedoTransparency.png","thumbnails/textures/0077_texture_vase_grey_AlbedoTransparency_04bfea09.png","0","1024x1024","텍스처 파일입니다. 형태가 아니라 재질 후보로 보십시오."
"Texture","Free Sci-Fi Office Pack","텍스처/색상","재질 후보, 색감/마모/발광 확인","Keyboard Props_Diffuse.png","Assets/ScifiOfficeLite/Meshes/Textures/Environment/Techware/Keyboard props texture/Keyboard Props_Diffuse.png","thumbnails/textures/0078_texture_Keyboard_Props_Diffuse_73f0ea7d.png","0","2048x2048","텍스처 파일입니다. 형태가 아니라 재질 후보로 보십시오."
"Texture","Free Sci-Fi Office Pack","텍스처/색상","재질 후보, 색감/마모/발광 확인","Keyboard Props_Height.png","Assets/ScifiOfficeLite/Meshes/Textures/Environment/Techware/Keyboard props texture/Keyboard Props_Height.png","thumbnails/textures/0079_texture_Keyboard_Props_Height_ece5e17c.png","0","2048x2048","텍스처 파일입니다. 형태가 아니라 재질 후보로 보십시오."
"Texture","Free Sci-Fi Office Pack","텍스처/색상","재질 후보, 색감/마모/발광 확인","Keyboard Props_Maskmap.png","Assets/ScifiOfficeLite/Meshes/Textures/Environment/Techware/Keyboard props texture/Keyboard Props_Maskmap.png","thumbnails/textures/0080_texture_Keyboard_Props_Maskmap_8af6c689.png","0","2048x2048","텍스처 파일입니다. 형태가 아니라 재질 후보로 보십시오."
"Texture","Free Sci-Fi Office Pack","텍스처/색상","재질 후보, 색감/마모/발광 확인","Techware_Diffuse.png","Assets/ScifiOfficeLite/Meshes/Textures/Environment/Techware/Techware_Diffuse.png","thumbnails/textures/0081_texture_Techware_Diffuse_4e236934.png","0","2048x2048","텍스처 파일입니다. 형태가 아니라 재질 후보로 보십시오."
"Texture","Free Sci-Fi Office Pack","텍스처/색상","재질 후보, 색감/마모/발광 확인","Techware_Height.png","Assets/ScifiOfficeLite/Meshes/Textures/Environment/Techware/Techware_Height.png","thumbnails/textures/0082_texture_Techware_Height_a62658b7.png","0","2048x2048","텍스처 파일입니다. 형태가 아니라 재질 후보로 보십시오."
"Texture","Free Sci-Fi Office Pack","텍스처/색상","재질 후보, 색감/마모/발광 확인","Techware_Maskmap.png","Assets/ScifiOfficeLite/Meshes/Textures/Environment/Techware/Techware_Maskmap.png","thumbnails/textures/0083_texture_Techware_Maskmap_7b7cfb44.png","0","2048x2048","텍스처 파일입니다. 형태가 아니라 재질 후보로 보십시오."
"Texture","Free Sci-Fi Office Pack","텍스처/색상","재질 후보, 색감/마모/발광 확인","Wall multiset_Diffuse.png","Assets/ScifiOfficeLite/Meshes/Textures/Environment/Wall texture/wall set 1/Wall multiset_Diffuse.png","thumbnails/textures/0084_texture_Wall_multiset_Diffuse_340fee34.png","0","4096x4096","텍스처 파일입니다. 형태가 아니라 재질 후보로 보십시오."
"Texture","Free Sci-Fi Office Pack","텍스처/색상","재질 후보, 색감/마모/발광 확인","Wall multiset_Height.png","Assets/ScifiOfficeLite/Meshes/Textures/Environment/Wall texture/wall set 1/Wall multiset_Height.png","thumbnails/textures/0085_texture_Wall_multiset_Height_bbaedfb7.png","0","4096x4096","텍스처 파일입니다. 형태가 아니라 재질 후보로 보십시오."
"Texture","Free Sci-Fi Office Pack","텍스처/색상","재질 후보, 색감/마모/발광 확인","Wall multiset_Maskmap.png","Assets/ScifiOfficeLite/Meshes/Textures/Environment/Wall texture/wall set 1/Wall multiset_Maskmap.png","thumbnails/textures/0086_texture_Wall_multiset_Maskmap_61698044.png","0","4096x4096","텍스처 파일입니다. 형태가 아니라 재질 후보로 보십시오."
"Texture","Free Sci-Fi Office Pack","텍스처/색상","재질 후보, 색감/마모/발광 확인","Wall_Multiset_2_Diffuse+Alpha.png","Assets/ScifiOfficeLite/Meshes/Textures/Environment/Wall texture/Wall set 2/Wall_Multiset_2_Diffuse+Alpha.png","thumbnails/textures/0087_texture_Wall_Multiset_2_Diffuse_Alpha_7fa707d6.png","0","4096x4096","텍스처 파일입니다. 형태가 아니라 재질 후보로 보십시오."
"Texture","Free Sci-Fi Office Pack","텍스처/색상","재질 후보, 색감/마모/발광 확인","Wall_Multiset_2_Diffuse.png","Assets/ScifiOfficeLite/Meshes/Textures/Environment/Wall texture/Wall set 2/Wall_Multiset_2_Diffuse.png","thumbnails/textures/0088_texture_Wall_Multiset_2_Diffuse_7595a1cd.png","0","4096x4096","텍스처 파일입니다. 형태가 아니라 재질 후보로 보십시오."
"Texture","Free Sci-Fi Office Pack","텍스처/색상","재질 후보, 색감/마모/발광 확인","Wall_Multiset_2_Height.png","Assets/ScifiOfficeLite/Meshes/Textures/Environment/Wall texture/Wall set 2/Wall_Multiset_2_Height.png","thumbnails/textures/0089_texture_Wall_Multiset_2_Height_0818a3cc.png","0","4096x4096","텍스처 파일입니다. 형태가 아니라 재질 후보로 보십시오."
"Texture","Free Sci-Fi Office Pack","텍스처/색상","재질 후보, 색감/마모/발광 확인","Wall_Multiset_2_Maskmap.png","Assets/ScifiOfficeLite/Meshes/Textures/Environment/Wall texture/Wall set 2/Wall_Multiset_2_Maskmap.png","thumbnails/textures/0090_texture_Wall_Multiset_2_Maskmap_ac48e799.png","0","4096x4096","텍스처 파일입니다. 형태가 아니라 재질 후보로 보십시오."
"Texture","Free Sci-Fi Office Pack","텍스처/색상","재질 후보, 색감/마모/발광 확인","Door 1_Diffuse.png","Assets/ScifiOfficeLite/Meshes/Textures/Interactables and Doors/Doors/Door 1_Diffuse.png","thumbnails/textures/0091_texture_Door_1_Diffuse_4bcd16ce.png","0","2048x2048","텍스처 파일입니다. 형태가 아니라 재질 후보로 보십시오."
"Texture","Free Sci-Fi Office Pack","텍스처/색상","재질 후보, 색감/마모/발광 확인","Mechanical arms_Diffuse.png","Assets/ScifiOfficeLite/Meshes/Textures/Interactables and Doors/Mechanical arms/Mechanical arms_Diffuse.png","thumbnails/textures/0092_texture_Mechanical_arms_Diffuse_133bef8a.png","0","2048x2048","텍스처 파일입니다. 형태가 아니라 재질 후보로 보십시오."
"Texture","Free Sci-Fi Office Pack","텍스처/색상","재질 후보, 색감/마모/발광 확인","Mechanical arms_Height.png","Assets/ScifiOfficeLite/Meshes/Textures/Interactables and Doors/Mechanical arms/Mechanical arms_Height.png","thumbnails/textures/0093_texture_Mechanical_arms_Height_1faca891.png","0","2048x2048","텍스처 파일입니다. 형태가 아니라 재질 후보로 보십시오."
"Texture","Free Sci-Fi Office Pack","텍스처/색상","재질 후보, 색감/마모/발광 확인","Mechanical arms_Maskmap.png","Assets/ScifiOfficeLite/Meshes/Textures/Interactables and Doors/Mechanical arms/Mechanical arms_Maskmap.png","thumbnails/textures/0094_texture_Mechanical_arms_Maskmap_e93a4226.png","0","2048x2048","텍스처 파일입니다. 형태가 아니라 재질 후보로 보십시오."
"Texture","Free Sci-Fi Office Pack","텍스처/색상","재질 후보, 색감/마모/발광 확인","Lightmap-0_comp_dir.png","Assets/ScifiOfficeLite/Scene/Demo/Lightmap-0_comp_dir.png","thumbnails/textures/0095_texture_Lightmap_0_comp_dir_863293c7.png","0","1024x1024","데모/예시 폴더 출처입니다. 실제 적용 전 재확인 필요."
"Texture","Free Sci-Fi Office Pack","텍스처/색상","재질 후보, 색감/마모/발광 확인","Lightmap-0_comp_shadowmask.png","Assets/ScifiOfficeLite/Scene/Demo/Lightmap-0_comp_shadowmask.png","thumbnails/textures/0096_texture_Lightmap_0_comp_shadowmask_935e9232.png","0","1024x1024","데모/예시 폴더 출처입니다. 실제 적용 전 재확인 필요."
"Texture","Free Sci-Fi Office Pack","텍스처/색상","재질 후보, 색감/마모/발광 확인","Lightmap-1_comp_dir.png","Assets/ScifiOfficeLite/Scene/Demo/Lightmap-1_comp_dir.png","thumbnails/textures/0097_texture_Lightmap_1_comp_dir_dda96d9a.png","0","1024x1024","데모/예시 폴더 출처입니다. 실제 적용 전 재확인 필요."
"Texture","Free Sci-Fi Office Pack","텍스처/색상","재질 후보, 색감/마모/발광 확인","Lightmap-1_comp_shadowmask.png","Assets/ScifiOfficeLite/Scene/Demo/Lightmap-1_comp_shadowmask.png","thumbnails/textures/0098_texture_Lightmap_1_comp_shadowmask_67d2831d.png","0","1024x1024","데모/예시 폴더 출처입니다. 실제 적용 전 재확인 필요."
"Texture","Free Sci-Fi Office Pack","텍스처/색상","재질 후보, 색감/마모/발광 확인","Lightmap-2_comp_dir.png","Assets/ScifiOfficeLite/Scene/Demo/Lightmap-2_comp_dir.png","thumbnails/textures/0099_texture_Lightmap_2_comp_dir_0afaca59.png","0","1024x1024","데모/예시 폴더 출처입니다. 실제 적용 전 재확인 필요."
"Texture","Free Sci-Fi Office Pack","텍스처/색상","재질 후보, 색감/마모/발광 확인","Lightmap-2_comp_shadowmask.png","Assets/ScifiOfficeLite/Scene/Demo/Lightmap-2_comp_shadowmask.png","thumbnails/textures/0100_texture_Lightmap_2_comp_shadowmask_ddcc8830.png","0","1024x1024","데모/예시 폴더 출처입니다. 실제 적용 전 재확인 필요."
"Texture","Free Sci-Fi Office Pack","텍스처/색상","재질 후보, 색감/마모/발광 확인","Lightmap-3_comp_dir.png","Assets/ScifiOfficeLite/Scene/Demo/Lightmap-3_comp_dir.png","thumbnails/textures/0101_texture_Lightmap_3_comp_dir_2c2b3eac.png","0","1024x1024","데모/예시 폴더 출처입니다. 실제 적용 전 재확인 필요."
"Texture","Free Sci-Fi Office Pack","텍스처/색상","재질 후보, 색감/마모/발광 확인","Lightmap-3_comp_shadowmask.png","Assets/ScifiOfficeLite/Scene/Demo/Lightmap-3_comp_shadowmask.png","thumbnails/textures/0102_texture_Lightmap_3_comp_shadowmask_508cc653.png","0","1024x1024","데모/예시 폴더 출처입니다. 실제 적용 전 재확인 필요."
"Prefab","GoldenFrame Terminal - FREE","터미널·화면","조종실, 통제실, 무기실, 상점/정비 UI 배경 후보","Cosmic_Retro_Computer2_13.prefab","Assets/GoldenFrame_Terminal_FREE/Prefabs/Cosmic_Retro_Computer2_13.prefab","thumbnails/objects/0080_prefab_Cosmic_Retro_Computer2_13_9a79c0ce.png","2","0.32 x 0.34 x 0.37",""
"Model","GoldenFrame Terminal - FREE","터미널·화면","조종실, 통제실, 무기실, 상점/정비 UI 배경 후보","Cosmic_Retro_Computer2_13.fbx","Assets/GoldenFrame_Terminal_FREE/Models/Cosmic_Retro_Computer2_13.fbx","thumbnails/objects/0081_model_Cosmic_Retro_Computer2_13_5c43fbcd.png","2","0.32 x 0.34 x 0.37","FBX 원본 모델입니다. 같은 형태의 프리팹이 있으면 프리팹 우선 검토."
"Material","GoldenFrame Terminal - FREE","머티리얼","재질 후보, 색감/마모/발광 확인","GoldenFrame_Terminal_FREE.mat","Assets/GoldenFrame_Terminal_FREE/Demo_Scene/GoldenFrame_Terminal_FREE.mat","thumbnails/materials/0029_material_GoldenFrame_Terminal_FREE_ae24ce5f.png","1","1 x 1 x 1","데모/예시 폴더 출처입니다. 실제 적용 전 재확인 필요."
"Material","GoldenFrame Terminal - FREE","머티리얼","재질 후보, 색감/마모/발광 확인","GoldenFrame_Terminal_FREE.mat","Assets/GoldenFrame_Terminal_FREE/Materials/GoldenFrame_Terminal_FREE.mat","thumbnails/materials/0030_material_GoldenFrame_Terminal_FREE_d7d44189.png","1","1 x 1 x 1","머티리얼 파일입니다. 렌더러 적용 전 셰이더 호환성 확인 필요."
"Material","GoldenFrame Terminal - FREE","머티리얼","재질 후보, 색감/마모/발광 확인","GoldenFrame_Terminal_FREE_Emissive.mat","Assets/GoldenFrame_Terminal_FREE/Materials/GoldenFrame_Terminal_FREE_Emissive.mat","thumbnails/materials/0031_material_GoldenFrame_Terminal_FREE_Emissive_2912638d.png","1","1 x 1 x 1","머티리얼 파일입니다. 렌더러 적용 전 셰이더 호환성 확인 필요."
"Texture","GoldenFrame Terminal - FREE","텍스처/발광","재질 후보, 색감/마모/발광 확인","GoldenFrame_Terminal_FREE_Emissive.png","Assets/GoldenFrame_Terminal_FREE/Textures/GoldenFrame_Terminal_FREE_Emissive.png","thumbnails/textures/0103_texture_GoldenFrame_Terminal_FREE_Emissive_c23fa17a.png","0","8x8","텍스처 파일입니다. 형태가 아니라 재질 후보로 보십시오."
"Texture","GoldenFrame Terminal - FREE","텍스처/색상","재질 후보, 색감/마모/발광 확인","GoldenFrame_Terminal_FREE_Texture.png","Assets/GoldenFrame_Terminal_FREE/Textures/GoldenFrame_Terminal_FREE_Texture.png","thumbnails/textures/0104_texture_GoldenFrame_Terminal_FREE_Texture_9a970b0e.png","0","8x8","텍스처 파일입니다. 형태가 아니라 재질 후보로 보십시오."
"Prefab","Heavy Station Kit","가구·보관","비품창고, 통제실, 조종실 보조 소품","Box1.prefab","Assets/Heavy Station Kit/BASE/Prefabs/Props/Box1.prefab","thumbnails/objects/0082_prefab_Box1_bd5674fe.png","1","0.93 x 0.82 x 0.93",""
"Prefab","Heavy Station Kit","가구·보관","비품창고, 통제실, 조종실 보조 소품","Box2.prefab","Assets/Heavy Station Kit/BASE/Prefabs/Props/Box2.prefab","thumbnails/objects/0083_prefab_Box2_590feb05.png","1","0.93 x 1.6 x 0.93",""
"Prefab","Heavy Station Kit","기계·구조물","동력실, 무기실, 화물칸 외곽, 복도 보강재","Arms.prefab","Assets/Heavy Station Kit/BASE/Prefabs/Channels/Arms.prefab","thumbnails/objects/0084_prefab_Arms_e8e311fb.png","1","6.2 x 4.83 x 8.13",""
"Prefab","Heavy Station Kit","기계·구조물","동력실, 무기실, 화물칸 외곽, 복도 보강재","Chan_11.prefab","Assets/Heavy Station Kit/BASE/Prefabs/Channels/Chan_11.prefab","thumbnails/objects/0085_prefab_Chan_11_22a4c317.png","1","6.55 x 6.23 x 9.79",""
"Prefab","Heavy Station Kit","기계·구조물","동력실, 무기실, 화물칸 외곽, 복도 보강재","Chan_12.prefab","Assets/Heavy Station Kit/BASE/Prefabs/Channels/Chan_12.prefab","thumbnails/objects/0086_prefab_Chan_12_c141bc9c.png","1","6.55 x 6.23 x 9.79",""
"Prefab","Heavy Station Kit","기계·구조물","동력실, 무기실, 화물칸 외곽, 복도 보강재","Chan_41.prefab","Assets/Heavy Station Kit/BASE/Prefabs/Channels/Chan_41.prefab","thumbnails/objects/0087_prefab_Chan_41_e004fdfc.png","4","9.79 x 6.2 x 9.79",""
"Prefab","Heavy Station Kit","기계·구조물","동력실, 무기실, 화물칸 외곽, 복도 보강재","Chan_42_I.prefab","Assets/Heavy Station Kit/BASE/Prefabs/Channels/Chan_42_I.prefab","thumbnails/objects/0088_prefab_Chan_42_I_b3b75bf7.png","3","9.79 x 6.2 x 9.79",""
"Prefab","Heavy Station Kit","기계·구조물","동력실, 무기실, 화물칸 외곽, 복도 보강재","Chan_42_L.prefab","Assets/Heavy Station Kit/BASE/Prefabs/Channels/Chan_42_L.prefab","thumbnails/objects/0089_prefab_Chan_42_L_e1415472.png","3","9.79 x 6.2 x 9.79",""
"Prefab","Heavy Station Kit","기계·구조물","동력실, 무기실, 화물칸 외곽, 복도 보강재","Chan_43.prefab","Assets/Heavy Station Kit/BASE/Prefabs/Channels/Chan_43.prefab","thumbnails/objects/0090_prefab_Chan_43_1c8b0fbe.png","2","9.79 x 6.2 x 9.79",""
"Prefab","Heavy Station Kit","기계·구조물","동력실, 무기실, 화물칸 외곽, 복도 보강재","Chan_44.prefab","Assets/Heavy Station Kit/BASE/Prefabs/Channels/Chan_44.prefab","thumbnails/objects/0091_prefab_Chan_44_8fa941b9.png","1","9.79 x 6.2 x 9.79",""
"Prefab","Heavy Station Kit","기타","형태 확인 후 용도 결정","Ladder1.prefab","Assets/Heavy Station Kit/BASE/Prefabs/Ladders/Ladder1.prefab","thumbnails/objects/0092_prefab_Ladder1_b849a6ba.png","1","2.55 x 12.89 x 1.38",""
"Prefab","Heavy Station Kit","기타","형태 확인 후 용도 결정","Part_0_1.prefab","Assets/Heavy Station Kit/BASE/Prefabs/Partitions/Part_0_1.prefab","thumbnails/objects/0093_prefab_Part_0_1_dbf2657b.png","1","3.12 x 2.13 x 3.12",""
"Prefab","Heavy Station Kit","기타","형태 확인 후 용도 결정","Part_0_2.prefab","Assets/Heavy Station Kit/BASE/Prefabs/Partitions/Part_0_2.prefab","thumbnails/objects/0094_prefab_Part_0_2_c637a9f0.png","1","3.12 x 2.13 x 3.12",""
"Prefab","Heavy Station Kit","기타","형태 확인 후 용도 결정","Part_0_3.prefab","Assets/Heavy Station Kit/BASE/Prefabs/Partitions/Part_0_3.prefab","thumbnails/objects/0095_prefab_Part_0_3_6900c679.png","1","3.12 x 2.13 x 5.6",""
"Prefab","Heavy Station Kit","기타","형태 확인 후 용도 결정","Part_0_4.prefab","Assets/Heavy Station Kit/BASE/Prefabs/Partitions/Part_0_4.prefab","thumbnails/objects/0096_prefab_Part_0_4_ab1c217e.png","1","5.6 x 2.13 x 3.12",""
"Prefab","Heavy Station Kit","기타","형태 확인 후 용도 결정","Part_0_5.prefab","Assets/Heavy Station Kit/BASE/Prefabs/Partitions/Part_0_5.prefab","thumbnails/objects/0097_prefab_Part_0_5_2b2bbc37.png","1","5.6 x 2.13 x 5.6",""
"Prefab","Heavy Station Kit","기타","형태 확인 후 용도 결정","Part_0_6.prefab","Assets/Heavy Station Kit/BASE/Prefabs/Partitions/Part_0_6.prefab","thumbnails/objects/0098_prefab_Part_0_6_c74e4cbc.png","1","5.6 x 2.13 x 5.6",""
"Prefab","Heavy Station Kit","기타","형태 확인 후 용도 결정","Part_0_7.prefab","Assets/Heavy Station Kit/BASE/Prefabs/Partitions/Part_0_7.prefab","thumbnails/objects/0099_prefab_Part_0_7_46d59785.png","1","5.6 x 2.13 x 5.6",""
"Prefab","Heavy Station Kit","기타","형태 확인 후 용도 결정","Part_B1.prefab","Assets/Heavy Station Kit/BASE/Prefabs/Partitions2/Part_B1.prefab","thumbnails/objects/0100_prefab_Part_B1_9efdab8c.png","1","2.5 x 9.72 x 9.63",""
"Prefab","Heavy Station Kit","기타","형태 확인 후 용도 결정","Part_B2.prefab","Assets/Heavy Station Kit/BASE/Prefabs/Partitions2/Part_B2.prefab","thumbnails/objects/0101_prefab_Part_B2_5271ad47.png","1","2.64 x 9.72 x 9.63",""
"Prefab","Heavy Station Kit","기타","형태 확인 후 용도 결정","Part_B3.prefab","Assets/Heavy Station Kit/BASE/Prefabs/Partitions2/Part_B3.prefab","thumbnails/objects/0102_prefab_Part_B3_08379ace.png","1","2.41 x 9.72 x 9.63",""
"Prefab","Heavy Station Kit","기타","형태 확인 후 용도 결정","Part_B4.prefab","Assets/Heavy Station Kit/BASE/Prefabs/Partitions2/Part_B4.prefab","thumbnails/objects/0103_prefab_Part_B4_192e1009.png","1","2.42 x 9.72 x 9.63",""
"Prefab","Heavy Station Kit","기타","형태 확인 후 용도 결정","Part_B5.prefab","Assets/Heavy Station Kit/BASE/Prefabs/Partitions2/Part_B5.prefab","thumbnails/objects/0104_prefab_Part_B5_d7d3ef00.png","1","2.55 x 9.72 x 9.63",""
"Prefab","Heavy Station Kit","기타","형태 확인 후 용도 결정","Part_S10.prefab","Assets/Heavy Station Kit/BASE/Prefabs/Partitions2/Part_S10.prefab","thumbnails/objects/0105_prefab_Part_S10_ffe23751.png","1","2.53 x 9.72 x 2.12",""
"Prefab","Heavy Station Kit","기타","형태 확인 후 용도 결정","Part_S2.prefab","Assets/Heavy Station Kit/BASE/Prefabs/Partitions2/Part_S2.prefab","thumbnails/objects/0106_prefab_Part_S2_87cff020.png","1","1.73 x 9.72 x 2.12",""
"Prefab","Heavy Station Kit","기타","형태 확인 후 용도 결정","Part_S3.prefab","Assets/Heavy Station Kit/BASE/Prefabs/Partitions2/Part_S3.prefab","thumbnails/objects/0107_prefab_Part_S3_c832e8a9.png","1","2.45 x 9.72 x 2.12",""
"Prefab","Heavy Station Kit","기타","형태 확인 후 용도 결정","Part_S4.prefab","Assets/Heavy Station Kit/BASE/Prefabs/Partitions2/Part_S4.prefab","thumbnails/objects/0108_prefab_Part_S4_5f79cbee.png","1","2.39 x 9.72 x 2.48",""
"Prefab","Heavy Station Kit","기타","형태 확인 후 용도 결정","Part_S5.prefab","Assets/Heavy Station Kit/BASE/Prefabs/Partitions2/Part_S5.prefab","thumbnails/objects/0109_prefab_Part_S5_2c250367.png","1","2.37 x 9.72 x 2.12",""
"Prefab","Heavy Station Kit","기타","형태 확인 후 용도 결정","Part_S6.prefab","Assets/Heavy Station Kit/BASE/Prefabs/Partitions2/Part_S6.prefab","thumbnails/objects/0110_prefab_Part_S6_fa84f42c.png","1","2.51 x 9.72 x 2.12",""
"Prefab","Heavy Station Kit","기타","형태 확인 후 용도 결정","Part_S7.prefab","Assets/Heavy Station Kit/BASE/Prefabs/Partitions2/Part_S7.prefab","thumbnails/objects/0111_prefab_Part_S7_6d9222f5.png","1","2.45 x 9.72 x 2.12",""
"Prefab","Heavy Station Kit","기타","형태 확인 후 용도 결정","Part_S8.prefab","Assets/Heavy Station Kit/BASE/Prefabs/Partitions2/Part_S8.prefab","thumbnails/objects/0112_prefab_Part_S8_43abd46a.png","1","2.44 x 9.72 x 2.12",""
"Prefab","Heavy Station Kit","기타","형태 확인 후 용도 결정","Part_S9.prefab","Assets/Heavy Station Kit/BASE/Prefabs/Partitions2/Part_S9.prefab","thumbnails/objects/0113_prefab_Part_S9_ace7aa73.png","1","2.43 x 9.72 x 2.12",""
"Prefab","Heavy Station Kit","기타","형태 확인 후 용도 결정","Barrel1.prefab","Assets/Heavy Station Kit/BASE/Prefabs/Props/Barrel1.prefab","thumbnails/objects/0114_prefab_Barrel1_c081b58b.png","1","0.81 x 1 x 0.81",""
"Prefab","Heavy Station Kit","기타","형태 확인 후 용도 결정","Barrel2.prefab","Assets/Heavy Station Kit/BASE/Prefabs/Props/Barrel2.prefab","thumbnails/objects/0115_prefab_Barrel2_572ed800.png","1","0.81 x 1.8 x 0.81",""
"Prefab","Heavy Station Kit","기타","형태 확인 후 용도 결정","Tank1.prefab","Assets/Heavy Station Kit/BASE/Prefabs/Props/Tank1.prefab","thumbnails/objects/0116_prefab_Tank1_e69a85fb.png","1","1.04 x 2.5 x 1.04",""
"Prefab","Heavy Station Kit","기타","형태 확인 후 용도 결정","Tank2.prefab","Assets/Heavy Station Kit/BASE/Prefabs/Props/Tank2.prefab","thumbnails/objects/0117_prefab_Tank2_d0dfca70.png","1","1.77 x 2.99 x 1.77",""
"Prefab","Heavy Station Kit","기타","형태 확인 후 용도 결정","Support_1.prefab","Assets/Heavy Station Kit/BASE/Prefabs/Support/Support_1.prefab","thumbnails/objects/0118_prefab_Support_1_9305ab9c.png","1","1.94 x 10.15 x 1.94",""
"Prefab","Heavy Station Kit","기타","형태 확인 후 용도 결정","Support_2.prefab","Assets/Heavy Station Kit/BASE/Prefabs/Support/Support_2.prefab","thumbnails/objects/0119_prefab_Support_2_f468b217.png","1","9.58 x 10.15 x 1.94",""
"Prefab","Heavy Station Kit","기타","형태 확인 후 용도 결정","Support_3.prefab","Assets/Heavy Station Kit/BASE/Prefabs/Support/Support_3.prefab","thumbnails/objects/0120_prefab_Support_3_10c6abde.png","1","9.58 x 10.15 x 9.58",""
"Prefab","Heavy Station Kit","기타","형태 확인 후 용도 결정","Support_4.prefab","Assets/Heavy Station Kit/BASE/Prefabs/Support/Support_4.prefab","thumbnails/objects/0121_prefab_Support_4_8835b559.png","1","9.58 x 10.15 x 9.58",""
"Prefab","Heavy Station Kit","기타","형태 확인 후 용도 결정","TB_1.prefab","Assets/Heavy Station Kit/BASE/Prefabs/Top-Bottom/TB_1.prefab","thumbnails/objects/0122_prefab_TB_1_65337989.png","4","10 x 2.2 x 10",""
"Prefab","Heavy Station Kit","기타","형태 확인 후 용도 결정","TB_2.prefab","Assets/Heavy Station Kit/BASE/Prefabs/Top-Bottom/TB_2.prefab","thumbnails/objects/0123_prefab_TB_2_e1880042.png","7","10 x 2.23 x 10",""
"Prefab","Heavy Station Kit","기타","형태 확인 후 용도 결정","TB_3.prefab","Assets/Heavy Station Kit/BASE/Prefabs/Top-Bottom/TB_3.prefab","thumbnails/objects/0124_prefab_TB_3_8d2c360b.png","6","10 x 2.2 x 10",""
"Prefab","Heavy Station Kit","기타","형태 확인 후 용도 결정","TD_Base2_WE.prefab","Assets/Heavy Station Kit/BASE/Prefabs/Top-Down/TD_Base2_WE.prefab","thumbnails/objects/0125_prefab_TD_Base2_WE_6dbb49d1.png","1","5.38 x 10.24 x 10.01",""
"Prefab","Heavy Station Kit","기타","형태 확인 후 용도 결정","TD_base_part2.prefab","Assets/Heavy Station Kit/BASE/Prefabs/Top-Down/TD_base_part2.prefab","thumbnails/objects/0126_prefab_TD_base_part2_e7e1dc9e.png","2","3.48 x 0.96 x 3.12",""
"Prefab","Heavy Station Kit","기타","형태 확인 후 용도 결정","DotControlCenter.prefab","Assets/Heavy Station Kit/_common/Prefabs/DotControlCenter.prefab","thumbnails/objects/0127_prefab_DotControlCenter_c150268f.png","0","","렌더러가 없어 형태 미리보기가 없습니다."
"Prefab","Heavy Station Kit","기타","형태 확인 후 용도 결정","plate.prefab","Assets/Heavy Station Kit/_common/Prefabs/plate.prefab","thumbnails/objects/0128_prefab_plate_a91ad5e8.png","1","5000 x 0 x 5000",""
"Prefab","Heavy Station Kit","문","복도, 화물칸, 방 입구, 공통 선체 마감","B2_Door.prefab","Assets/Heavy Station Kit/BASE/Prefabs/Doors/B2_Door.prefab","thumbnails/objects/0129_prefab_B2_Door_5d5962cc.png","3","3.25 x 4.7 x 5.17",""
"Prefab","Heavy Station Kit","문","복도, 화물칸, 방 입구, 공통 선체 마감","B2_Door_Blocked.prefab","Assets/Heavy Station Kit/BASE/Prefabs/Doors/B2_Door_Blocked.prefab","thumbnails/objects/0130_prefab_B2_Door_Blocked_38932715.png","2","3.25 x 4.7 x 5.17",""
"Prefab","Heavy Station Kit","문틀·게이트","복도, 화물칸, 방 입구, 공통 선체 마감","Arche A2.prefab","Assets/Heavy Station Kit/BASE/Prefabs/Arches/Arche A2.prefab","thumbnails/objects/0131_prefab_Arche_A2_c0ccc544.png","1","0.7 x 9.72 x 0.95",""
"Prefab","Heavy Station Kit","문틀·게이트","복도, 화물칸, 방 입구, 공통 선체 마감","Arche A2_0.prefab","Assets/Heavy Station Kit/BASE/Prefabs/Arches/Arche A2_0.prefab","thumbnails/objects/0132_prefab_Arche_A2_0_c84e99e9.png","1","0.71 x 9.72 x 9.61",""
"Prefab","Heavy Station Kit","문틀·게이트","복도, 화물칸, 방 입구, 공통 선체 마감","Arche A2_1.prefab","Assets/Heavy Station Kit/BASE/Prefabs/Arches/Arche A2_1.prefab","thumbnails/objects/0133_prefab_Arche_A2_1_9857d460.png","1","0.71 x 9.72 x 9.61",""
"Prefab","Heavy Station Kit","문틀·게이트","복도, 화물칸, 방 입구, 공통 선체 마감","Arche A2_2.prefab","Assets/Heavy Station Kit/BASE/Prefabs/Arches/Arche A2_2.prefab","thumbnails/objects/0134_prefab_Arche_A2_2_508012eb.png","1","0.71 x 9.72 x 9.61",""
"Prefab","Heavy Station Kit","문틀·게이트","복도, 화물칸, 방 입구, 공통 선체 마감","Arche A2_3.prefab","Assets/Heavy Station Kit/BASE/Prefabs/Arches/Arche A2_3.prefab","thumbnails/objects/0135_prefab_Arche_A2_3_d29e2ea2.png","1","0.71 x 9.72 x 9.61",""
"Prefab","Heavy Station Kit","문틀·게이트","복도, 화물칸, 방 입구, 공통 선체 마감","G1.prefab","Assets/Heavy Station Kit/BASE/Prefabs/Arches/G1.prefab","thumbnails/objects/0136_prefab_G1_37e77a7a.png","1","0.21 x 1.2 x 5.42",""
"Prefab","Heavy Station Kit","문틀·게이트","복도, 화물칸, 방 입구, 공통 선체 마감","G2.prefab","Assets/Heavy Station Kit/BASE/Prefabs/Arches/G2.prefab","thumbnails/objects/0137_prefab_G2_001a1c81.png","1","0.2 x 1.14 x 7.73",""
"Prefab","Heavy Station Kit","문틀·게이트","복도, 화물칸, 방 입구, 공통 선체 마감","B2_EGateA_OFF.prefab","Assets/Heavy Station Kit/BASE/Prefabs/Doors/B2_EGateA_OFF.prefab","thumbnails/objects/0138_prefab_B2_EGateA_OFF_3c6f0d07.png","4","11.3 x 10.3 x 0.57",""
"Prefab","Heavy Station Kit","문틀·게이트","복도, 화물칸, 방 입구, 공통 선체 마감","B2_EGateA_ON.prefab","Assets/Heavy Station Kit/BASE/Prefabs/Doors/B2_EGateA_ON.prefab","thumbnails/objects/0139_prefab_B2_EGateA_ON_cf538a3b.png","5","11.3 x 10.3 x 5.58",""
"Prefab","Heavy Station Kit","문틀·게이트","복도, 화물칸, 방 입구, 공통 선체 마감","B2_EGateC.prefab","Assets/Heavy Station Kit/BASE/Prefabs/Doors/B2_EGateC.prefab","thumbnails/objects/0140_prefab_B2_EGateC_98a260e7.png","1","1.33 x 10.03 x 0.57",""
"Prefab","Heavy Station Kit","문틀·게이트","복도, 화물칸, 방 입구, 공통 선체 마감","B2_EGateD.prefab","Assets/Heavy Station Kit/BASE/Prefabs/Doors/B2_EGateD.prefab","thumbnails/objects/0141_prefab_B2_EGateD_f44d4da0.png","1","1.33 x 5.02 x 0.57",""
"Prefab","Heavy Station Kit","문틀·게이트","복도, 화물칸, 방 입구, 공통 선체 마감","B2_EGate_0.prefab","Assets/Heavy Station Kit/BASE/Prefabs/Doors/B2_EGate_0.prefab","thumbnails/objects/0142_prefab_B2_EGate_0_c3a42e39.png","1","8.78 x 0.47 x 5.58",""
"Prefab","Heavy Station Kit","문틀·게이트","복도, 화물칸, 방 입구, 공통 선체 마감","TD_base_arch.prefab","Assets/Heavy Station Kit/BASE/Prefabs/Top-Down/TD_base_arch.prefab","thumbnails/objects/0143_prefab_TD_base_arch_c075082b.png","1","3.47 x 9.81 x 1.32",""
"Prefab","Heavy Station Kit","바닥·계단","복도, 화물칸, 방 입구, 공통 선체 마감","FBC_1.prefab","Assets/Heavy Station Kit/BASE/Prefabs/Floors Fill/Block_Center/FBC_1.prefab","thumbnails/objects/0144_prefab_FBC_1_13d9a76f.png","1","8.77 x 0.29 x 8.77",""
"Prefab","Heavy Station Kit","바닥·계단","복도, 화물칸, 방 입구, 공통 선체 마감","FBC_2.prefab","Assets/Heavy Station Kit/BASE/Prefabs/Floors Fill/Block_Center/FBC_2.prefab","thumbnails/objects/0145_prefab_FBC_2_9dc6ee54.png","1","8.77 x 1.14 x 8.77",""
"Prefab","Heavy Station Kit","바닥·계단","복도, 화물칸, 방 입구, 공통 선체 마감","FBC_3.prefab","Assets/Heavy Station Kit/BASE/Prefabs/Floors Fill/Block_Center/FBC_3.prefab","thumbnails/objects/0146_prefab_FBC_3_2deb47fd.png","1","8.77 x 1.14 x 8.77",""
"Prefab","Heavy Station Kit","바닥·계단","복도, 화물칸, 방 입구, 공통 선체 마감","FBC_4.prefab","Assets/Heavy Station Kit/BASE/Prefabs/Floors Fill/Block_Center/FBC_4.prefab","thumbnails/objects/0147_prefab_FBC_4_988600ea.png","1","8.57 x 1.14 x 8.77",""
"Prefab","Heavy Station Kit","바닥·계단","복도, 화물칸, 방 입구, 공통 선체 마감","FBC_5.prefab","Assets/Heavy Station Kit/BASE/Prefabs/Floors Fill/Block_Center/FBC_5.prefab","thumbnails/objects/0148_prefab_FBC_5_01c1d6f3.png","1","8.57 x 1.14 x 8.57",""
"Prefab","Heavy Station Kit","바닥·계단","복도, 화물칸, 방 입구, 공통 선체 마감","FBC_6.prefab","Assets/Heavy Station Kit/BASE/Prefabs/Floors Fill/Block_Center/FBC_6.prefab","thumbnails/objects/0149_prefab_FBC_6_46259f28.png","1","8.36 x 1.14 x 8.36",""
"Prefab","Heavy Station Kit","바닥·계단","복도, 화물칸, 방 입구, 공통 선체 마감","FCC_1.prefab","Assets/Heavy Station Kit/BASE/Prefabs/Floors Fill/Clear_Center/FCC_1.prefab","thumbnails/objects/0150_prefab_FCC_1_413a064c.png","1","8.77 x 1.14 x 8.77",""
"Prefab","Heavy Station Kit","바닥·계단","복도, 화물칸, 방 입구, 공통 선체 마감","FCC_2.prefab","Assets/Heavy Station Kit/BASE/Prefabs/Floors Fill/Clear_Center/FCC_2.prefab","thumbnails/objects/0151_prefab_FCC_2_ef735b07.png","1","8.77 x 1.14 x 8.77",""
"Prefab","Heavy Station Kit","바닥·계단","복도, 화물칸, 방 입구, 공통 선체 마감","FCC_3.prefab","Assets/Heavy Station Kit/BASE/Prefabs/Floors Fill/Clear_Center/FCC_3.prefab","thumbnails/objects/0152_prefab_FCC_3_d179ec8e.png","1","8.77 x 1.14 x 8.77",""
"Prefab","Heavy Station Kit","바닥·계단","복도, 화물칸, 방 입구, 공통 선체 마감","FCC_4.prefab","Assets/Heavy Station Kit/BASE/Prefabs/Floors Fill/Clear_Center/FCC_4.prefab","thumbnails/objects/0153_prefab_FCC_4_0ee7fac9.png","1","8.57 x 1.14 x 8.77",""
"Prefab","Heavy Station Kit","바닥·계단","복도, 화물칸, 방 입구, 공통 선체 마감","FCC_5.prefab","Assets/Heavy Station Kit/BASE/Prefabs/Floors Fill/Clear_Center/FCC_5.prefab","thumbnails/objects/0154_prefab_FCC_5_a3d684c0.png","1","8.57 x 1.14 x 8.57",""
"Prefab","Heavy Station Kit","바닥·계단","복도, 화물칸, 방 입구, 공통 선체 마감","FCC_6.prefab","Assets/Heavy Station Kit/BASE/Prefabs/Floors Fill/Clear_Center/FCC_6.prefab","thumbnails/objects/0155_prefab_FCC_6_b471254b.png","1","8.36 x 1.14 x 8.36",""
"Prefab","Heavy Station Kit","바닥·계단","복도, 화물칸, 방 입구, 공통 선체 마감","FLC_1.prefab","Assets/Heavy Station Kit/BASE/Prefabs/Floors Fill/Ladder_Center/FLC_1.prefab","thumbnails/objects/0156_prefab_FLC_1_a1179acc.png","1","8.77 x 0.29 x 8.77",""
"Prefab","Heavy Station Kit","바닥·계단","복도, 화물칸, 방 입구, 공통 선체 마감","FLC_2.prefab","Assets/Heavy Station Kit/BASE/Prefabs/Floors Fill/Ladder_Center/FLC_2.prefab","thumbnails/objects/0157_prefab_FLC_2_4f50ef87.png","1","8.77 x 1.14 x 8.77",""
"Prefab","Heavy Station Kit","바닥·계단","복도, 화물칸, 방 입구, 공통 선체 마감","FLC_3.prefab","Assets/Heavy Station Kit/BASE/Prefabs/Floors Fill/Ladder_Center/FLC_3.prefab","thumbnails/objects/0158_prefab_FLC_3_3157810e.png","1","8.77 x 1.14 x 8.77",""
"Prefab","Heavy Station Kit","바닥·계단","복도, 화물칸, 방 입구, 공통 선체 마감","FLC_4.prefab","Assets/Heavy Station Kit/BASE/Prefabs/Floors Fill/Ladder_Center/FLC_4.prefab","thumbnails/objects/0159_prefab_FLC_4_6ec58f49.png","1","8.57 x 1.14 x 8.77",""
"Prefab","Heavy Station Kit","바닥·계단","복도, 화물칸, 방 입구, 공통 선체 마감","FLC_5.prefab","Assets/Heavy Station Kit/BASE/Prefabs/Floors Fill/Ladder_Center/FLC_5.prefab","thumbnails/objects/0160_prefab_FLC_5_03b41940.png","1","8.57 x 1.14 x 8.57",""
"Prefab","Heavy Station Kit","바닥·계단","복도, 화물칸, 방 입구, 공통 선체 마감","FLC_6.prefab","Assets/Heavy Station Kit/BASE/Prefabs/Floors Fill/Ladder_Center/FLC_6.prefab","thumbnails/objects/0161_prefab_FLC_6_144eb9cb.png","1","8.36 x 1.14 x 8.36",""
"Prefab","Heavy Station Kit","바닥·계단","복도, 화물칸, 방 입구, 공통 선체 마감","FF_base2_Handrails.prefab","Assets/Heavy Station Kit/BASE/Prefabs/Floors Fill/_Handrails/FF_base2_Handrails.prefab","thumbnails/objects/0162_prefab_FF_base2_Handrails_30365903.png","1","2.75 x 1.14 x 2.75",""
"Prefab","Heavy Station Kit","바닥·계단","복도, 화물칸, 방 입구, 공통 선체 마감","FF_base2_Handrails_2.prefab","Assets/Heavy Station Kit/BASE/Prefabs/Floors Fill/_Handrails/FF_base2_Handrails_2.prefab","thumbnails/objects/0163_prefab_FF_base2_Handrails_2_654dd0d8.png","1","2.6 x 1.14 x 2.6",""
"Prefab","Heavy Station Kit","바닥·계단","복도, 화물칸, 방 입구, 공통 선체 마감","St_Base2_Railing.prefab","Assets/Heavy Station Kit/BASE/Prefabs/Floors Fill/_Handrails/St_Base2_Railing.prefab","thumbnails/objects/0164_prefab_St_Base2_Railing_91233a30.png","1","0.4 x 1.14 x 1.94",""
"Prefab","Heavy Station Kit","바닥·계단","복도, 화물칸, 방 입구, 공통 선체 마감","St_Base2_Railing1.prefab","Assets/Heavy Station Kit/BASE/Prefabs/Floors Fill/_Handrails/St_Base2_Railing1.prefab","thumbnails/objects/0165_prefab_St_Base2_Railing1_c11731d9.png","1","0.4 x 1.14 x 2.82",""
"Prefab","Heavy Station Kit","바닥·계단","복도, 화물칸, 방 입구, 공통 선체 마감","Floor Base 1 C.prefab","Assets/Heavy Station Kit/BASE/Prefabs/Floors/Floor Base 1 C.prefab","thumbnails/objects/0166_prefab_Floor_Base_1_C_356eb2be.png","1","10.07 x 0.39 x 10.07",""
"Prefab","Heavy Station Kit","바닥·계단","복도, 화물칸, 방 입구, 공통 선체 마감","Floor Base 1 F.prefab","Assets/Heavy Station Kit/BASE/Prefabs/Floors/Floor Base 1 F.prefab","thumbnails/objects/0167_prefab_Floor_Base_1_F_378b7cbb.png","1","10.07 x 0.37 x 10.07",""
"Prefab","Heavy Station Kit","바닥·계단","복도, 화물칸, 방 입구, 공통 선체 마감","Floor Base 1.prefab","Assets/Heavy Station Kit/BASE/Prefabs/Floors/Floor Base 1.prefab","thumbnails/objects/0168_prefab_Floor_Base_1_ee477ced.png","1","10.07 x 0.47 x 10.07",""
"Prefab","Heavy Station Kit","바닥·계단","복도, 화물칸, 방 입구, 공통 선체 마감","Floor Base 2 C.prefab","Assets/Heavy Station Kit/BASE/Prefabs/Floors/Floor Base 2 C.prefab","thumbnails/objects/0169_prefab_Floor_Base_2_C_6a8ccf7d.png","1","10.07 x 0.42 x 10.07",""
"Prefab","Heavy Station Kit","바닥·계단","복도, 화물칸, 방 입구, 공통 선체 마감","Floor Base 2 F.prefab","Assets/Heavy Station Kit/BASE/Prefabs/Floors/Floor Base 2 F.prefab","thumbnails/objects/0170_prefab_Floor_Base_2_F_82c726a8.png","1","10.07 x 0.37 x 10.07",""
"Prefab","Heavy Station Kit","바닥·계단","복도, 화물칸, 방 입구, 공통 선체 마감","Floor Base 2.prefab","Assets/Heavy Station Kit/BASE/Prefabs/Floors/Floor Base 2.prefab","thumbnails/objects/0171_prefab_Floor_Base_2_82b25c86.png","1","10.07 x 0.47 x 10.07",""
"Prefab","Heavy Station Kit","바닥·계단","복도, 화물칸, 방 입구, 공통 선체 마감","Floor Base 3 C.prefab","Assets/Heavy Station Kit/BASE/Prefabs/Floors/Floor Base 3 C.prefab","thumbnails/objects/0172_prefab_Floor_Base_3_C_bc1837cc.png","1","10.07 x 0.32 x 10.07",""
"Prefab","Heavy Station Kit","바닥·계단","복도, 화물칸, 방 입구, 공통 선체 마감","Floor Base 3 F.prefab","Assets/Heavy Station Kit/BASE/Prefabs/Floors/Floor Base 3 F.prefab","thumbnails/objects/0173_prefab_Floor_Base_3_F_89c62c49.png","1","10.07 x 0.32 x 10.07",""
"Prefab","Heavy Station Kit","바닥·계단","복도, 화물칸, 방 입구, 공통 선체 마감","Floor Base 3.prefab","Assets/Heavy Station Kit/BASE/Prefabs/Floors/Floor Base 3.prefab","thumbnails/objects/0174_prefab_Floor_Base_3_7345b15f.png","1","10.07 x 0.35 x 10.07",""
"Prefab","Heavy Station Kit","바닥·계단","복도, 화물칸, 방 입구, 공통 선체 마감","Floor Base 4 C.prefab","Assets/Heavy Station Kit/BASE/Prefabs/Floors/Floor Base 4 C.prefab","thumbnails/objects/0175_prefab_Floor_Base_4_C_daff7643.png","1","10.07 x 0.35 x 10.07",""
"Prefab","Heavy Station Kit","바닥·계단","복도, 화물칸, 방 입구, 공통 선체 마감","Floor Base 4 F.prefab","Assets/Heavy Station Kit/BASE/Prefabs/Floors/Floor Base 4 F.prefab","thumbnails/objects/0176_prefab_Floor_Base_4_F_859e89e6.png","1","10.07 x 0.35 x 10.07",""
"Prefab","Heavy Station Kit","바닥·계단","복도, 화물칸, 방 입구, 공통 선체 마감","Floor Base 4.prefab","Assets/Heavy Station Kit/BASE/Prefabs/Floors/Floor Base 4.prefab","thumbnails/objects/0177_prefab_Floor_Base_4_be408d58.png","1","10.07 x 0.35 x 10.07",""
"Prefab","Heavy Station Kit","바닥·계단","복도, 화물칸, 방 입구, 공통 선체 마감","Floor Base 7 C.prefab","Assets/Heavy Station Kit/BASE/Prefabs/Floors/Floor Base 7 C.prefab","thumbnails/objects/0178_prefab_Floor_Base_7_C_41ec9f60.png","1","2.59 x 0.35 x 10.07",""
"Prefab","Heavy Station Kit","바닥·계단","복도, 화물칸, 방 입구, 공통 선체 마감","Floor Base 7 F.prefab","Assets/Heavy Station Kit/BASE/Prefabs/Floors/Floor Base 7 F.prefab","thumbnails/objects/0179_prefab_Floor_Base_7_F_6d3a9835.png","1","2.59 x 0.35 x 10.07",""
"Prefab","Heavy Station Kit","바닥·계단","복도, 화물칸, 방 입구, 공통 선체 마감","Floor Base 7.prefab","Assets/Heavy Station Kit/BASE/Prefabs/Floors/Floor Base 7.prefab","thumbnails/objects/0180_prefab_Floor_Base_7_1da0a1e3.png","1","2.59 x 0.35 x 10.07",""
"Prefab","Heavy Station Kit","바닥·계단","복도, 화물칸, 방 입구, 공통 선체 마감","Floor_5_base_Plate.prefab","Assets/Heavy Station Kit/BASE/Prefabs/Floors/Floor_5_base_Plate.prefab","thumbnails/objects/0181_prefab_Floor_5_base_Plate_060f249e.png","1","10 x 0.05 x 10",""
"Prefab","Heavy Station Kit","바닥·계단","복도, 화물칸, 방 입구, 공통 선체 마감","Floor_5_base_TB.prefab","Assets/Heavy Station Kit/BASE/Prefabs/Floors/Floor_5_base_TB.prefab","thumbnails/objects/0182_prefab_Floor_5_base_TB_9e3cf7b8.png","1","10 x 3.01 x 10",""
"Prefab","Heavy Station Kit","바닥·계단","복도, 화물칸, 방 입구, 공통 선체 마감","HSKb2_Hexa_Beam.prefab","Assets/Heavy Station Kit/BASE/Prefabs/Floors/HSKb2_Hexa_Beam.prefab","thumbnails/objects/0183_prefab_HSKb2_Hexa_Beam_c2db4cd6.png","1","9.19 x 0.8 x 0.35",""
"Prefab","Heavy Station Kit","바닥·계단","복도, 화물칸, 방 입구, 공통 선체 마감","HSKb2_Penta_Beam.prefab","Assets/Heavy Station Kit/BASE/Prefabs/Floors/HSKb2_Penta_Beam.prefab","thumbnails/objects/0184_prefab_HSKb2_Penta_Beam_3f4f72e6.png","1","9.24 x 0.8 x 0.25",""
"Prefab","Heavy Station Kit","바닥·계단","복도, 화물칸, 방 입구, 공통 선체 마감","ST_11.prefab","Assets/Heavy Station Kit/BASE/Prefabs/Stairs/Reinforced/ST_11.prefab","thumbnails/objects/0185_prefab_ST_11_b1a85b5a.png","1","2 x 0.75 x 2",""
"Prefab","Heavy Station Kit","바닥·계단","복도, 화물칸, 방 입구, 공통 선체 마감","ST_12.prefab","Assets/Heavy Station Kit/BASE/Prefabs/Stairs/Reinforced/ST_12.prefab","thumbnails/objects/0186_prefab_ST_12_4d61d161.png","1","2 x 1.6 x 2.14",""
"Prefab","Heavy Station Kit","바닥·계단","복도, 화물칸, 방 입구, 공통 선체 마감","ST_13.prefab","Assets/Heavy Station Kit/BASE/Prefabs/Stairs/Reinforced/ST_13.prefab","thumbnails/objects/0187_prefab_ST_13_f274e018.png","1","2 x 1.6 x 2.27",""
"Prefab","Heavy Station Kit","바닥·계단","복도, 화물칸, 방 입구, 공통 선체 마감","ST_21.prefab","Assets/Heavy Station Kit/BASE/Prefabs/Stairs/Reinforced/ST_21.prefab","thumbnails/objects/0188_prefab_ST_21_9ba040cf.png","1","2 x 0.75 x 2",""
"Prefab","Heavy Station Kit","바닥·계단","복도, 화물칸, 방 입구, 공통 선체 마감","ST_31.prefab","Assets/Heavy Station Kit/BASE/Prefabs/Stairs/Reinforced/ST_31.prefab","thumbnails/objects/0189_prefab_ST_31_b44a3ef0.png","1","2 x 0.75 x 2",""
"Prefab","Heavy Station Kit","바닥·계단","복도, 화물칸, 방 입구, 공통 선체 마감","ST_32.prefab","Assets/Heavy Station Kit/BASE/Prefabs/Stairs/Reinforced/ST_32.prefab","thumbnails/objects/0190_prefab_ST_32_ca04fa7b.png","1","2 x 1.6 x 2.14",""
"Prefab","Heavy Station Kit","바닥·계단","복도, 화물칸, 방 입구, 공통 선체 마감","ST_41.prefab","Assets/Heavy Station Kit/BASE/Prefabs/Stairs/Reinforced/ST_41.prefab","thumbnails/objects/0191_prefab_ST_41_7c17e475.png","1","2 x 0.75 x 2",""
"Prefab","Heavy Station Kit","바닥·계단","복도, 화물칸, 방 입구, 공통 선체 마감","ST_42.prefab","Assets/Heavy Station Kit/BASE/Prefabs/Stairs/Reinforced/ST_42.prefab","thumbnails/objects/0192_prefab_ST_42_6dff8d6e.png","1","2.14 x 1.6 x 2",""
"Prefab","Heavy Station Kit","바닥·계단","복도, 화물칸, 방 입구, 공통 선체 마감","ST_43.prefab","Assets/Heavy Station Kit/BASE/Prefabs/Stairs/Reinforced/ST_43.prefab","thumbnails/objects/0193_prefab_ST_43_3aaac4e7.png","1","2 x 1.6 x 2.14",""
"Prefab","Heavy Station Kit","바닥·계단","복도, 화물칸, 방 입구, 공통 선체 마감","ST_44.prefab","Assets/Heavy Station Kit/BASE/Prefabs/Stairs/Reinforced/ST_44.prefab","thumbnails/objects/0194_prefab_ST_44_9655b1a0.png","1","2.14 x 1.6 x 2.14",""
"Prefab","Heavy Station Kit","바닥·계단","복도, 화물칸, 방 입구, 공통 선체 마감","ST_51.prefab","Assets/Heavy Station Kit/BASE/Prefabs/Stairs/Reinforced/ST_51.prefab","thumbnails/objects/0195_prefab_ST_51_00ba909e.png","1","2 x 0.75 x 2",""
"Prefab","Heavy Station Kit","바닥·계단","복도, 화물칸, 방 입구, 공통 선체 마감","ST_61.prefab","Assets/Heavy Station Kit/BASE/Prefabs/Stairs/Simple/ST_61.prefab","thumbnails/objects/0196_prefab_ST_61_22e7f620.png","1","2 x 0.3 x 2",""
"Prefab","Heavy Station Kit","바닥·계단","복도, 화물칸, 방 입구, 공통 선체 마감","ST_62.prefab","Assets/Heavy Station Kit/BASE/Prefabs/Stairs/Simple/ST_62.prefab","thumbnails/objects/0197_prefab_ST_62_8c3940ab.png","1","2 x 1.15 x 2.14",""
"Prefab","Heavy Station Kit","바닥·계단","복도, 화물칸, 방 입구, 공통 선체 마감","ST_63.prefab","Assets/Heavy Station Kit/BASE/Prefabs/Stairs/Simple/ST_63.prefab","thumbnails/objects/0198_prefab_ST_63_3369a862.png","1","2.14 x 1.15 x 2.14",""
"Prefab","Heavy Station Kit","바닥·계단","복도, 화물칸, 방 입구, 공통 선체 마감","ST_64.prefab","Assets/Heavy Station Kit/BASE/Prefabs/Stairs/Simple/ST_64.prefab","thumbnails/objects/0199_prefab_ST_64_08aa28f5.png","1","2.27 x 1.15 x 2.14",""
"Prefab","Heavy Station Kit","바닥·계단","복도, 화물칸, 방 입구, 공통 선체 마감","ST_65.prefab","Assets/Heavy Station Kit/BASE/Prefabs/Stairs/Simple/ST_65.prefab","thumbnails/objects/0200_prefab_ST_65_959cfa2c.png","1","2 x 1.15 x 2.27",""
"Prefab","Heavy Station Kit","바닥·계단","복도, 화물칸, 방 입구, 공통 선체 마감","ST_71.prefab","Assets/Heavy Station Kit/BASE/Prefabs/Stairs/Simple/ST_71.prefab","thumbnails/objects/0201_prefab_ST_71_ec6ef8bf.png","1","2 x 0.3 x 2",""
"Prefab","Heavy Station Kit","바닥·계단","복도, 화물칸, 방 입구, 공통 선체 마감","ST_81.prefab","Assets/Heavy Station Kit/BASE/Prefabs/Stairs/Simple/ST_81.prefab","thumbnails/objects/0202_prefab_ST_81_5c6505d6.png","1","1 x 0.3 x 2",""
"Prefab","Heavy Station Kit","바닥·계단","복도, 화물칸, 방 입구, 공통 선체 마감","ST_82.prefab","Assets/Heavy Station Kit/BASE/Prefabs/Stairs/Simple/ST_82.prefab","thumbnails/objects/0203_prefab_ST_82_21276c3d.png","1","1.14 x 1.15 x 2",""
"Prefab","Heavy Station Kit","바닥·계단","복도, 화물칸, 방 입구, 공통 선체 마감","ST_83.prefab","Assets/Heavy Station Kit/BASE/Prefabs/Stairs/Simple/ST_83.prefab","thumbnails/objects/0204_prefab_ST_83_0c0a3194.png","1","1.27 x 1.15 x 2",""
"Prefab","Heavy Station Kit","바닥·계단","복도, 화물칸, 방 입구, 공통 선체 마감","ST_101.prefab","Assets/Heavy Station Kit/BASE/Prefabs/Stairs/Sloping/ST_101.prefab","thumbnails/objects/0205_prefab_ST_101_157bd4f7.png","1","2 x 2.18 x 2",""
"Prefab","Heavy Station Kit","바닥·계단","복도, 화물칸, 방 입구, 공통 선체 마감","ST_102.prefab","Assets/Heavy Station Kit/BASE/Prefabs/Stairs/Sloping/ST_102.prefab","thumbnails/objects/0206_prefab_ST_102_f9a4947c.png","1","2.04 x 2.98 x 2.14",""
"Prefab","Heavy Station Kit","바닥·계단","복도, 화물칸, 방 입구, 공통 선체 마감","ST_103.prefab","Assets/Heavy Station Kit/BASE/Prefabs/Stairs/Sloping/ST_103.prefab","thumbnails/objects/0207_prefab_ST_103_fb9e9745.png","1","2.04 x 2.98 x 2.14",""
"Prefab","Heavy Station Kit","바닥·계단","복도, 화물칸, 방 입구, 공통 선체 마감","ST_104.prefab","Assets/Heavy Station Kit/BASE/Prefabs/Stairs/Sloping/ST_104.prefab","thumbnails/objects/0208_prefab_ST_104_4305cd72.png","1","2.04 x 2.98 x 2.27",""
"Prefab","Heavy Station Kit","바닥·계단","복도, 화물칸, 방 입구, 공통 선체 마감","ST_91.prefab","Assets/Heavy Station Kit/BASE/Prefabs/Stairs/Sloping/ST_91.prefab","thumbnails/objects/0209_prefab_ST_91_ae4ab853.png","1","2 x 1.5 x 2",""
"Prefab","Heavy Station Kit","바닥·계단","복도, 화물칸, 방 입구, 공통 선체 마감","ST_92.prefab","Assets/Heavy Station Kit/BASE/Prefabs/Stairs/Sloping/ST_92.prefab","thumbnails/objects/0210_prefab_ST_92_c5859a08.png","1","2 x 2.34 x 2.14",""
"Prefab","Heavy Station Kit","바닥·계단","복도, 화물칸, 방 입구, 공통 선체 마감","ST_93.prefab","Assets/Heavy Station Kit/BASE/Prefabs/Stairs/Sloping/ST_93.prefab","thumbnails/objects/0211_prefab_ST_93_82394b91.png","1","2 x 2.34 x 2.14",""
"Prefab","Heavy Station Kit","바닥·계단","복도, 화물칸, 방 입구, 공통 선체 마감","ST_94.prefab","Assets/Heavy Station Kit/BASE/Prefabs/Stairs/Sloping/ST_94.prefab","thumbnails/objects/0212_prefab_ST_94_5dff5ff6.png","1","2 x 2.34 x 2.27",""
"Prefab","Heavy Station Kit","바닥·계단","복도, 화물칸, 방 입구, 공통 선체 마감","B2_HR_1.prefab","Assets/Heavy Station Kit/BASE/Prefabs/Stairs/ST_HandRail/B2_HR_1.prefab","thumbnails/objects/0213_prefab_B2_HR_1_e9399a87.png","1","1.8 x 1.11 x 0.17",""
"Prefab","Heavy Station Kit","바닥·계단","복도, 화물칸, 방 입구, 공통 선체 마감","B2_HR_2.prefab","Assets/Heavy Station Kit/BASE/Prefabs/Stairs/ST_HandRail/B2_HR_2.prefab","thumbnails/objects/0214_prefab_B2_HR_2_3b0045cc.png","1","1.98 x 1.82 x 0.17",""
"Prefab","Heavy Station Kit","바닥·계단","복도, 화물칸, 방 입구, 공통 선체 마감","B2_HR_21.prefab","Assets/Heavy Station Kit/BASE/Prefabs/Stairs/ST_HandRail/B2_HR_21.prefab","thumbnails/objects/0215_prefab_B2_HR_21_7c4005ad.png","1","1.98 x 1.82 x 0.17",""
"Prefab","Heavy Station Kit","벽·패널","복도, 화물칸, 방 입구, 공통 선체 마감","TD_base2_topwall2.prefab","Assets/Heavy Station Kit/BASE/Prefabs/Top-Down/TD_base2_topwall2.prefab","thumbnails/objects/0216_prefab_TD_base2_topwall2_eb977ef0.png","1","2.45 x 2 x 10",""
"Prefab","Heavy Station Kit","벽·패널","복도, 화물칸, 방 입구, 공통 선체 마감","TD_base2_topwall3.prefab","Assets/Heavy Station Kit/BASE/Prefabs/Top-Down/TD_base2_topwall3.prefab","thumbnails/objects/0217_prefab_TD_base2_topwall3_8e609b79.png","1","2.24 x 0.35 x 3.83",""
"Prefab","Heavy Station Kit","벽·패널","복도, 화물칸, 방 입구, 공통 선체 마감","TD_base_outwall.prefab","Assets/Heavy Station Kit/BASE/Prefabs/Top-Down/TD_base_outwall.prefab","thumbnails/objects/0218_prefab_TD_base_outwall_c67b6f71.png","1","2.28 x 9.97 x 10.15",""
"Prefab","Heavy Station Kit","벽·패널","복도, 화물칸, 방 입구, 공통 선체 마감","TD_base_outwall2.prefab","Assets/Heavy Station Kit/BASE/Prefabs/Top-Down/TD_base_outwall2.prefab","thumbnails/objects/0219_prefab_TD_base_outwall2_1de8b551.png","1","3.1 x 9.97 x 10.15",""
"Prefab","Heavy Station Kit","벽·패널","복도, 화물칸, 방 입구, 공통 선체 마감","TD_base_topwall.prefab","Assets/Heavy Station Kit/BASE/Prefabs/Top-Down/TD_base_topwall.prefab","thumbnails/objects/0220_prefab_TD_base_topwall_b6719868.png","1","2.24 x 0.35 x 10",""
"Prefab","Heavy Station Kit","벽·패널","복도, 화물칸, 방 입구, 공통 선체 마감","W1_D0.prefab","Assets/Heavy Station Kit/BASE/Prefabs/Walls/1 Wall/W1_D0.prefab","thumbnails/objects/0221_prefab_W1_D0_cd86f134.png","1","9.61 x 9.72 x 0.43",""
"Prefab","Heavy Station Kit","벽·패널","복도, 화물칸, 방 입구, 공통 선체 마감","W1_D1.prefab","Assets/Heavy Station Kit/BASE/Prefabs/Walls/1 Wall/W1_D1.prefab","thumbnails/objects/0222_prefab_W1_D1_dfe254dd.png","1","9.61 x 9.72 x 0.43",""
"Prefab","Heavy Station Kit","벽·패널","복도, 화물칸, 방 입구, 공통 선체 마감","W2_0D_I.prefab","Assets/Heavy Station Kit/BASE/Prefabs/Walls/2 Walls/W2_0D_I.prefab","thumbnails/objects/0223_prefab_W2_0D_I_4044a5d9.png","1","9.61 x 9.72 x 9.79",""
"Prefab","Heavy Station Kit","벽·패널","복도, 화물칸, 방 입구, 공통 선체 마감","W2_1D_I.prefab","Assets/Heavy Station Kit/BASE/Prefabs/Walls/2 Walls/W2_1D_I.prefab","thumbnails/objects/0224_prefab_W2_1D_I_70b90622.png","1","9.61 x 9.72 x 9.79",""
"Prefab","Heavy Station Kit","벽·패널","복도, 화물칸, 방 입구, 공통 선체 마감","W2_2D_I.prefab","Assets/Heavy Station Kit/BASE/Prefabs/Walls/2 Walls/W2_2D_I.prefab","thumbnails/objects/0225_prefab_W2_2D_I_b48af567.png","1","9.61 x 9.72 x 9.79",""
"Prefab","Heavy Station Kit","벽·패널","복도, 화물칸, 방 입구, 공통 선체 마감","W2_D0.prefab","Assets/Heavy Station Kit/BASE/Prefabs/Walls/2 Walls/W2_D0.prefab","thumbnails/objects/0226_prefab_W2_D0_7465cbc5.png","1","9.7 x 9.72 x 9.7",""
"Prefab","Heavy Station Kit","벽·패널","복도, 화물칸, 방 입구, 공통 선체 마감","W2_D1L.prefab","Assets/Heavy Station Kit/BASE/Prefabs/Walls/2 Walls/W2_D1L.prefab","thumbnails/objects/0227_prefab_W2_D1L_4e723370.png","1","9.7 x 9.72 x 9.7",""
"Prefab","Heavy Station Kit","벽·패널","복도, 화물칸, 방 입구, 공통 선체 마감","W2_D1R.prefab","Assets/Heavy Station Kit/BASE/Prefabs/Walls/2 Walls/W2_D1R.prefab","thumbnails/objects/0228_prefab_W2_D1R_0ee69a96.png","1","9.7 x 9.72 x 9.7",""
"Prefab","Heavy Station Kit","벽·패널","복도, 화물칸, 방 입구, 공통 선체 마감","W2_D2.prefab","Assets/Heavy Station Kit/BASE/Prefabs/Walls/2 Walls/W2_D2.prefab","thumbnails/objects/0229_prefab_W2_D2_8e430977.png","1","9.7 x 9.72 x 9.7",""
"Prefab","Heavy Station Kit","벽·패널","복도, 화물칸, 방 입구, 공통 선체 마감","W3_D0.prefab","Assets/Heavy Station Kit/BASE/Prefabs/Walls/3 Walls/W3_D0.prefab","thumbnails/objects/0230_prefab_W3_D0_5bfa659f.png","1","9.79 x 9.72 x 9.7",""
"Prefab","Heavy Station Kit","벽·패널","복도, 화물칸, 방 입구, 공통 선체 마감","W3_D1F.prefab","Assets/Heavy Station Kit/BASE/Prefabs/Walls/3 Walls/W3_D1F.prefab","thumbnails/objects/0231_prefab_W3_D1F_59cdf394.png","1","9.79 x 9.72 x 9.7",""
"Prefab","Heavy Station Kit","벽·패널","복도, 화물칸, 방 입구, 공통 선체 마감","W3_D1L.prefab","Assets/Heavy Station Kit/BASE/Prefabs/Walls/3 Walls/W3_D1L.prefab","thumbnails/objects/0232_prefab_W3_D1L_05c011ae.png","1","9.79 x 9.72 x 9.7",""
"Prefab","Heavy Station Kit","벽·패널","복도, 화물칸, 방 입구, 공통 선체 마감","W3_D1R.prefab","Assets/Heavy Station Kit/BASE/Prefabs/Walls/3 Walls/W3_D1R.prefab","thumbnails/objects/0233_prefab_W3_D1R_1d32d0f8.png","1","9.79 x 9.72 x 9.7",""
"Prefab","Heavy Station Kit","벽·패널","복도, 화물칸, 방 입구, 공통 선체 마감","W3_D2FL.prefab","Assets/Heavy Station Kit/BASE/Prefabs/Walls/3 Walls/W3_D2FL.prefab","thumbnails/objects/0234_prefab_W3_D2FL_4a1cf42f.png","1","9.79 x 9.72 x 9.7",""
"Prefab","Heavy Station Kit","벽·패널","복도, 화물칸, 방 입구, 공통 선체 마감","W3_D2FR.prefab","Assets/Heavy Station Kit/BASE/Prefabs/Walls/3 Walls/W3_D2FR.prefab","thumbnails/objects/0235_prefab_W3_D2FR_ab858bb9.png","1","9.79 x 9.72 x 9.7",""
"Prefab","Heavy Station Kit","벽·패널","복도, 화물칸, 방 입구, 공통 선체 마감","W3_D2LR.prefab","Assets/Heavy Station Kit/BASE/Prefabs/Walls/3 Walls/W3_D2LR.prefab","thumbnails/objects/0236_prefab_W3_D2LR_e80c5b6b.png","1","9.79 x 9.72 x 9.7",""
"Prefab","Heavy Station Kit","벽·패널","복도, 화물칸, 방 입구, 공통 선체 마감","W3_D3.prefab","Assets/Heavy Station Kit/BASE/Prefabs/Walls/3 Walls/W3_D3.prefab","thumbnails/objects/0237_prefab_W3_D3_926a1c84.png","1","9.79 x 9.72 x 9.7",""
"Prefab","Heavy Station Kit","벽·패널","복도, 화물칸, 방 입구, 공통 선체 마감","W4_D0.prefab","Assets/Heavy Station Kit/BASE/Prefabs/Walls/4 Walls/W4_D0.prefab","thumbnails/objects/0238_prefab_W4_D0_784a6ca1.png","1","9.79 x 9.72 x 9.79",""
"Prefab","Heavy Station Kit","벽·패널","복도, 화물칸, 방 입구, 공통 선체 마감","W4_D1.prefab","Assets/Heavy Station Kit/BASE/Prefabs/Walls/4 Walls/W4_D1.prefab","thumbnails/objects/0239_prefab_W4_D1_e7d4cf58.png","1","9.79 x 9.72 x 9.79",""
"Prefab","Heavy Station Kit","벽·패널","복도, 화물칸, 방 입구, 공통 선체 마감","W4_D2I.prefab","Assets/Heavy Station Kit/BASE/Prefabs/Walls/4 Walls/W4_D2I.prefab","thumbnails/objects/0240_prefab_W4_D2I_ecde03e8.png","1","9.79 x 9.72 x 9.79",""
"Prefab","Heavy Station Kit","벽·패널","복도, 화물칸, 방 입구, 공통 선체 마감","W4_D2L.prefab","Assets/Heavy Station Kit/BASE/Prefabs/Walls/4 Walls/W4_D2L.prefab","thumbnails/objects/0241_prefab_W4_D2L_d71e15bd.png","1","9.79 x 9.72 x 9.79",""
"Prefab","Heavy Station Kit","벽·패널","복도, 화물칸, 방 입구, 공통 선체 마감","W4_D3.prefab","Assets/Heavy Station Kit/BASE/Prefabs/Walls/4 Walls/W4_D3.prefab","thumbnails/objects/0242_prefab_W4_D3_08ce749a.png","1","9.79 x 9.72 x 9.79",""
"Prefab","Heavy Station Kit","벽·패널","복도, 화물칸, 방 입구, 공통 선체 마감","W4_D4.prefab","Assets/Heavy Station Kit/BASE/Prefabs/Walls/4 Walls/W4_D4.prefab","thumbnails/objects/0243_prefab_W4_D4_17dbbeed.png","1","9.79 x 9.72 x 9.79",""
"Prefab","Heavy Station Kit","벽·패널","복도, 화물칸, 방 입구, 공통 선체 마감","Wall Light Off.prefab","Assets/Heavy Station Kit/BASE/Prefabs/Walls/Wall Lights/Wall Light Off.prefab","thumbnails/objects/0244_prefab_Wall_Light_Off_b2cb2200.png","1","1.15 x 1.89 x 6.11",""
"Prefab","Heavy Station Kit","벽·패널","복도, 화물칸, 방 입구, 공통 선체 마감","Wall Lights On.prefab","Assets/Heavy Station Kit/BASE/Prefabs/Walls/Wall Lights/Wall Lights On.prefab","thumbnails/objects/0245_prefab_Wall_Lights_On_f6a8fd91.png","1","1.15 x 1.89 x 6.11",""
"Prefab","Heavy Station Kit","장비·소품","무기실, 동력실, 통제실, 화물칸 장식","Eq_1.prefab","Assets/Heavy Station Kit/BASE/Prefabs/Equipment/Eq_1.prefab","thumbnails/objects/0246_prefab_Eq_1_a6f7e07e.png","2","0.34 x 0.83 x 0.73",""
"Prefab","Heavy Station Kit","장비·소품","무기실, 동력실, 통제실, 화물칸 장식","Eq_10.prefab","Assets/Heavy Station Kit/BASE/Prefabs/Equipment/Eq_10.prefab","thumbnails/objects/0247_prefab_Eq_10_a7279ee2.png","4","0.96 x 1.57 x 3.26",""
"Prefab","Heavy Station Kit","장비·소품","무기실, 동력실, 통제실, 화물칸 장식","Eq_2.prefab","Assets/Heavy Station Kit/BASE/Prefabs/Equipment/Eq_2.prefab","thumbnails/objects/0248_prefab_Eq_2_42b15685.png","2","0.78 x 0.54 x 0.44",""
"Prefab","Heavy Station Kit","장비·소품","무기실, 동력실, 통제실, 화물칸 장식","Eq_20.prefab","Assets/Heavy Station Kit/BASE/Prefabs/Equipment/Eq_20.prefab","thumbnails/objects/0249_prefab_Eq_20_602cef3f.png","3","7.82 x 11.37 x 7.82",""
"Prefab","Heavy Station Kit","장비·소품","무기실, 동력실, 통제실, 화물칸 장식","Eq_20a.prefab","Assets/Heavy Station Kit/BASE/Prefabs/Equipment/Eq_20a.prefab","thumbnails/objects/0250_prefab_Eq_20a_974b3064.png","1","7.39 x 0.14 x 7.39",""
"Prefab","Heavy Station Kit","장비·소품","무기실, 동력실, 통제실, 화물칸 장식","Eq_20b.prefab","Assets/Heavy Station Kit/BASE/Prefabs/Equipment/Eq_20b.prefab","thumbnails/objects/0251_prefab_Eq_20b_bc0fb27f.png","1","6.01 x 3 x 6.01",""
"Prefab","Heavy Station Kit","장비·소품","무기실, 동력실, 통제실, 화물칸 장식","Eq_20c.prefab","Assets/Heavy Station Kit/BASE/Prefabs/Equipment/Eq_20c.prefab","thumbnails/objects/0252_prefab_Eq_20c_a1c1e2a6.png","1","7.82 x 10.23 x 7.82",""
"Prefab","Heavy Station Kit","장비·소품","무기실, 동력실, 통제실, 화물칸 장식","Eq_3.prefab","Assets/Heavy Station Kit/BASE/Prefabs/Equipment/Eq_3.prefab","thumbnails/objects/0253_prefab_Eq_3_c32a0bbc.png","2","0.73 x 1.22 x 0.62",""
"Prefab","Heavy Station Kit","장비·소품","무기실, 동력실, 통제실, 화물칸 장식","Eq_5.prefab","Assets/Heavy Station Kit/BASE/Prefabs/Equipment/Eq_5.prefab","thumbnails/objects/0254_prefab_Eq_5_549173b2.png","4","0.84 x 3.23 x 0.6",""
"Prefab","Heavy Station Kit","장비·소품","무기실, 동력실, 통제실, 화물칸 장식","Eq_5_Mod.prefab","Assets/Heavy Station Kit/BASE/Prefabs/Equipment/Eq_5_Mod.prefab","thumbnails/objects/0255_prefab_Eq_5_Mod_6cb0061b.png","5","0.84 x 3.23 x 2.32",""
"Prefab","Heavy Station Kit","장비·소품","무기실, 동력실, 통제실, 화물칸 장식","Eq_5_Mod1.prefab","Assets/Heavy Station Kit/BASE/Prefabs/Equipment/Eq_5_Mod1.prefab","thumbnails/objects/0256_prefab_Eq_5_Mod1_b25c7838.png","8","0.84 x 3.23 x 5",""
"Prefab","Heavy Station Kit","장비·소품","무기실, 동력실, 통제실, 화물칸 장식","Eq_8_1.prefab","Assets/Heavy Station Kit/BASE/Prefabs/Equipment/Eq_8_1.prefab","thumbnails/objects/0257_prefab_Eq_8_1_8dc1d807.png","2","0.84 x 1.5 x 0.6",""
"Prefab","Heavy Station Kit","장비·소품","무기실, 동력실, 통제실, 화물칸 장식","Eq_Base2_23c.prefab","Assets/Heavy Station Kit/BASE/Prefabs/Equipment/Eq_Base2_23c.prefab","thumbnails/objects/0258_prefab_Eq_Base2_23c_02327c39.png","2","1.31 x 4.73 x 1.12",""
"Prefab","Heavy Station Kit","장비·소품","무기실, 동력실, 통제실, 화물칸 장식","Eq_Base2_Substation.prefab","Assets/Heavy Station Kit/BASE/Prefabs/Equipment/Eq_Base2_Substation.prefab","thumbnails/objects/0259_prefab_Eq_Base2_Substation_817b2659.png","1","3.28 x 1.83 x 2.58",""
"Prefab","Heavy Station Kit","터미널·화면","조종실, 통제실, 무기실, 상점/정비 UI 배경 후보","B2_Disp_23c.prefab","Assets/Heavy Station Kit/BASE/Prefabs/Displays/B2_Disp_23c.prefab","thumbnails/objects/0260_prefab_B2_Disp_23c_99b7f2dd.png","1","0.77 x 4.2 x 0.73",""
"Prefab","Heavy Station Kit","터미널·화면","조종실, 통제실, 무기실, 상점/정비 UI 배경 후보","B2_Disp_TB1.prefab","Assets/Heavy Station Kit/BASE/Prefabs/Displays/B2_Disp_TB1.prefab","thumbnails/objects/0261_prefab_B2_Disp_TB1_80b1ff1e.png","1","0.46 x 0 x 1.22",""
"Prefab","Heavy Station Kit","터미널·화면","조종실, 통제실, 무기실, 상점/정비 UI 배경 후보","B2_Disp_TB1_S.prefab","Assets/Heavy Station Kit/BASE/Prefabs/Displays/B2_Disp_TB1_S.prefab","thumbnails/objects/0262_prefab_B2_Disp_TB1_S_67a89b2c.png","1","0.5 x 0 x 0.26",""
"Prefab","Heavy Station Kit","터미널·화면","조종실, 통제실, 무기실, 상점/정비 UI 배경 후보","B2_Disp_TB2.prefab","Assets/Heavy Station Kit/BASE/Prefabs/Displays/B2_Disp_TB2.prefab","thumbnails/objects/0263_prefab_B2_Disp_TB2_4625f025.png","1","0.46 x 0 x 1.22",""
"Prefab","Heavy Station Kit","터미널·화면","조종실, 통제실, 무기실, 상점/정비 UI 배경 후보","B2_Disp_TB2_S.prefab","Assets/Heavy Station Kit/BASE/Prefabs/Displays/B2_Disp_TB2_S.prefab","thumbnails/objects/0264_prefab_B2_Disp_TB2_S_57b602fb.png","1","0.5 x 0 x 0.26",""
"Prefab","Heavy Station Kit","터미널·화면","조종실, 통제실, 무기실, 상점/정비 UI 배경 후보","B2_Disp_TB3.prefab","Assets/Heavy Station Kit/BASE/Prefabs/Displays/B2_Disp_TB3.prefab","thumbnails/objects/0265_prefab_B2_Disp_TB3_7235acdc.png","1","0.46 x 0 x 1.22",""
"Prefab","Heavy Station Kit","터미널·화면","조종실, 통제실, 무기실, 상점/정비 UI 배경 후보","B2_Disp_TB3_S.prefab","Assets/Heavy Station Kit/BASE/Prefabs/Displays/B2_Disp_TB3_S.prefab","thumbnails/objects/0266_prefab_B2_Disp_TB3_S_601e87ca.png","1","0.5 x 0 x 0.26",""
"Prefab","Heavy Station Kit","터미널·화면","조종실, 통제실, 무기실, 상점/정비 UI 배경 후보","B2_Eq1.prefab","Assets/Heavy Station Kit/BASE/Prefabs/Displays/B2_Eq1.prefab","thumbnails/objects/0267_prefab_B2_Eq1_5a29705b.png","1","0.22 x 0.57 x 0.41",""
"Prefab","Heavy Station Kit","터미널·화면","조종실, 통제실, 무기실, 상점/정비 UI 배경 후보","B2_Eq2.prefab","Assets/Heavy Station Kit/BASE/Prefabs/Displays/B2_Eq2.prefab","thumbnails/objects/0268_prefab_B2_Eq2_83dbcfd0.png","1","0.46 x 0 x 0.18",""
"Prefab","Heavy Station Kit","터미널·화면","조종실, 통제실, 무기실, 상점/정비 UI 배경 후보","B2_Eq3.prefab","Assets/Heavy Station Kit/BASE/Prefabs/Displays/B2_Eq3.prefab","thumbnails/objects/0269_prefab_B2_Eq3_f7b15759.png","1","0.04 x 0.07 x 0.39",""
"Prefab","Heavy Station Kit","터미널·화면","조종실, 통제실, 무기실, 상점/정비 UI 배경 후보","B2_Eq41.prefab","Assets/Heavy Station Kit/BASE/Prefabs/Displays/B2_Eq41.prefab","thumbnails/objects/0270_prefab_B2_Eq41_85734c8b.png","1","0 x 1 x 2",""
"Prefab","Heavy Station Kit","터미널·화면","조종실, 통제실, 무기실, 상점/정비 UI 배경 후보","B2_Eq42.prefab","Assets/Heavy Station Kit/BASE/Prefabs/Displays/B2_Eq42.prefab","thumbnails/objects/0271_prefab_B2_Eq42_1c206f00.png","1","0 x 1 x 2",""
"Prefab","Heavy Station Kit","터미널·화면","조종실, 통제실, 무기실, 상점/정비 UI 배경 후보","B2_Eq51.prefab","Assets/Heavy Station Kit/BASE/Prefabs/Displays/B2_Eq51.prefab","thumbnails/objects/0272_prefab_B2_Eq51_f2097bbc.png","1","0 x 1.04 x 0.34",""
"Prefab","Heavy Station Kit","터미널·화면","조종실, 통제실, 무기실, 상점/정비 UI 배경 후보","B2_Eq52.prefab","Assets/Heavy Station Kit/BASE/Prefabs/Displays/B2_Eq52.prefab","thumbnails/objects/0273_prefab_B2_Eq52_55e6eb37.png","1","0 x 1.04 x 0.34",""
"Prefab","Heavy Station Kit","터미널·화면","조종실, 통제실, 무기실, 상점/정비 UI 배경 후보","B2_Eq5A1.prefab","Assets/Heavy Station Kit/BASE/Prefabs/Displays/B2_Eq5A1.prefab","thumbnails/objects/0274_prefab_B2_Eq5A1_69346fad.png","1","0.38 x 0.24 x 0.59",""
"Prefab","Heavy Station Kit","터미널·화면","조종실, 통제실, 무기실, 상점/정비 UI 배경 후보","B2_Eq5A2.prefab","Assets/Heavy Station Kit/BASE/Prefabs/Displays/B2_Eq5A2.prefab","thumbnails/objects/0275_prefab_B2_Eq5A2_bbbaf146.png","1","0.38 x 0.24 x 0.59",""
"Prefab","Heavy Station Kit","터미널·화면","조종실, 통제실, 무기실, 상점/정비 UI 배경 후보","B2_Eq71.prefab","Assets/Heavy Station Kit/BASE/Prefabs/Displays/B2_Eq71.prefab","thumbnails/objects/0276_prefab_B2_Eq71_62d58a46.png","1","0 x 1.04 x 2.33",""
"Prefab","Heavy Station Kit","터미널·화면","조종실, 통제실, 무기실, 상점/정비 UI 배경 후보","B2_Eq72.prefab","Assets/Heavy Station Kit/BASE/Prefabs/Displays/B2_Eq72.prefab","thumbnails/objects/0277_prefab_B2_Eq72_104f08ad.png","1","0 x 1.04 x 2.33",""
"Prefab","Heavy Station Kit","터미널·화면","조종실, 통제실, 무기실, 상점/정비 UI 배경 후보","B2_TDPart2.prefab","Assets/Heavy Station Kit/BASE/Prefabs/Displays/B2_TDPart2.prefab","thumbnails/objects/0278_prefab_B2_TDPart2_9c250d07.png","1","0.87 x 0 x 1.45",""
"Prefab","Heavy Station Kit","터미널·화면","조종실, 통제실, 무기실, 상점/정비 UI 배경 후보","FPC_Player.prefab","Assets/Heavy Station Kit/_common/Prefabs/FPC_Player.prefab","thumbnails/objects/0279_prefab_FPC_Player_db03ccc3.png","0","","렌더러가 없어 형태 미리보기가 없습니다."
"Model","Heavy Station Kit","가구·보관","비품창고, 통제실, 조종실 보조 소품","Box1.fbx","Assets/Heavy Station Kit/BASE/Meshes/Props/Box1.fbx","thumbnails/objects/0280_model_Box1_967818fc.png","1","0.93 x 0.82 x 0.93","FBX 원본 모델입니다. 같은 형태의 프리팹이 있으면 프리팹 우선 검토."
"Model","Heavy Station Kit","가구·보관","비품창고, 통제실, 조종실 보조 소품","Box2.fbx","Assets/Heavy Station Kit/BASE/Meshes/Props/Box2.fbx","thumbnails/objects/0281_model_Box2_2a5a089d.png","1","0.93 x 1.6 x 0.93","FBX 원본 모델입니다. 같은 형태의 프리팹이 있으면 프리팹 우선 검토."
"Model","Heavy Station Kit","기계·구조물","동력실, 무기실, 화물칸 외곽, 복도 보강재","Arm.fbx","Assets/Heavy Station Kit/BASE/Meshes/Channels/Arm.fbx","thumbnails/objects/0282_model_Arm_a9bea14e.png","1","6.2 x 4.83 x 8.13","FBX 원본 모델입니다. 같은 형태의 프리팹이 있으면 프리팹 우선 검토."
"Model","Heavy Station Kit","기계·구조물","동력실, 무기실, 화물칸 외곽, 복도 보강재","Arm_C.fbx","Assets/Heavy Station Kit/BASE/Meshes/Channels/Arm_C.fbx","thumbnails/objects/0283_model_Arm_C_84f03df4.png","1","6.31 x 4.82 x 8.14","FBX 원본 모델입니다. 같은 형태의 프리팹이 있으면 프리팹 우선 검토."
"Model","Heavy Station Kit","기계·구조물","동력실, 무기실, 화물칸 외곽, 복도 보강재","Chan_11.fbx","Assets/Heavy Station Kit/BASE/Meshes/Channels/Chan_11.fbx","thumbnails/objects/0284_model_Chan_11_ce52f2a7.png","1","6.55 x 6.23 x 9.79","FBX 원본 모델입니다. 같은 형태의 프리팹이 있으면 프리팹 우선 검토."
"Model","Heavy Station Kit","기계·구조물","동력실, 무기실, 화물칸 외곽, 복도 보강재","Chan_12.fbx","Assets/Heavy Station Kit/BASE/Meshes/Channels/Chan_12.fbx","thumbnails/objects/0285_model_Chan_12_a42a5aea.png","1","6.55 x 6.23 x 9.79","FBX 원본 모델입니다. 같은 형태의 프리팹이 있으면 프리팹 우선 검토."
"Model","Heavy Station Kit","기계·구조물","동력실, 무기실, 화물칸 외곽, 복도 보강재","Chan_41.fbx","Assets/Heavy Station Kit/BASE/Meshes/Channels/Chan_41.fbx","thumbnails/objects/0286_model_Chan_41_9de9974a.png","1","9.79 x 6.2 x 9.79","FBX 원본 모델입니다. 같은 형태의 프리팹이 있으면 프리팹 우선 검토."
"Model","Heavy Station Kit","기계·구조물","동력실, 무기실, 화물칸 외곽, 복도 보강재","Chan_42_I.fbx","Assets/Heavy Station Kit/BASE/Meshes/Channels/Chan_42_I.fbx","thumbnails/objects/0287_model_Chan_42_I_827f1e87.png","1","9.79 x 6.2 x 9.79","FBX 원본 모델입니다. 같은 형태의 프리팹이 있으면 프리팹 우선 검토."
"Model","Heavy Station Kit","기계·구조물","동력실, 무기실, 화물칸 외곽, 복도 보강재","Chan_42_L.fbx","Assets/Heavy Station Kit/BASE/Meshes/Channels/Chan_42_L.fbx","thumbnails/objects/0288_model_Chan_42_L_b727d140.png","1","9.79 x 6.2 x 9.79","FBX 원본 모델입니다. 같은 형태의 프리팹이 있으면 프리팹 우선 검토."
"Model","Heavy Station Kit","기계·구조물","동력실, 무기실, 화물칸 외곽, 복도 보강재","Chan_43.fbx","Assets/Heavy Station Kit/BASE/Meshes/Channels/Chan_43.fbx","thumbnails/objects/0289_model_Chan_43_75d6979c.png","1","9.79 x 6.2 x 9.79","FBX 원본 모델입니다. 같은 형태의 프리팹이 있으면 프리팹 우선 검토."
"Model","Heavy Station Kit","기계·구조물","동력실, 무기실, 화물칸 외곽, 복도 보강재","Chan_44.fbx","Assets/Heavy Station Kit/BASE/Meshes/Channels/Chan_44.fbx","thumbnails/objects/0290_model_Chan_44_3fd05271.png","1","9.79 x 6.2 x 9.79","FBX 원본 모델입니다. 같은 형태의 프리팹이 있으면 프리팹 우선 검토."
"Model","Heavy Station Kit","기타","형태 확인 후 용도 결정","ladder1.fbx","Assets/Heavy Station Kit/BASE/Meshes/Ladders/ladder1.fbx","thumbnails/objects/0291_model_ladder1_3030ef68.png","1","2.55 x 12.89 x 1.38","FBX 원본 모델입니다. 같은 형태의 프리팹이 있으면 프리팹 우선 검토."
"Model","Heavy Station Kit","기타","형태 확인 후 용도 결정","ladder1_Col.fbx","Assets/Heavy Station Kit/BASE/Meshes/Ladders/ladder1_Col.fbx","thumbnails/objects/0292_model_ladder1_Col_9d713261.png","1","2.53 x 12.89 x 1.32","FBX 원본 모델입니다. 같은 형태의 프리팹이 있으면 프리팹 우선 검토."
"Model","Heavy Station Kit","기타","형태 확인 후 용도 결정","Part_Col1.fbx","Assets/Heavy Station Kit/BASE/Meshes/Partitions/Part_Col1.fbx","thumbnails/objects/0293_model_Part_Col1_91f1f920.png","1","1.43 x 2.13 x 0.65","FBX 원본 모델입니다. 같은 형태의 프리팹이 있으면 프리팹 우선 검토."
"Model","Heavy Station Kit","기타","형태 확인 후 용도 결정","Part_Col2.fbx","Assets/Heavy Station Kit/BASE/Meshes/Partitions/Part_Col2.fbx","thumbnails/objects/0294_model_Part_Col2_f0ccf4d1.png","1","2.59 x 0.89 x 2.59","FBX 원본 모델입니다. 같은 형태의 프리팹이 있으면 프리팹 우선 검토."
"Model","Heavy Station Kit","기타","형태 확인 후 용도 결정","Part_Col3.fbx","Assets/Heavy Station Kit/BASE/Meshes/Partitions/Part_Col3.fbx","thumbnails/objects/0295_model_Part_Col3_52cb366e.png","1","2.59 x 1.54 x 2.59","FBX 원본 모델입니다. 같은 형태의 프리팹이 있으면 프리팹 우선 검토."
"Model","Heavy Station Kit","기타","형태 확인 후 용도 결정","Part_G1.fbx","Assets/Heavy Station Kit/BASE/Meshes/Partitions/Part_G1.fbx","thumbnails/objects/0296_model_Part_G1_d05e39b5.png","1","3.12 x 2.13 x 3.12","FBX 원본 모델입니다. 같은 형태의 프리팹이 있으면 프리팹 우선 검토."
"Model","Heavy Station Kit","기타","형태 확인 후 용도 결정","Part_G2.fbx","Assets/Heavy Station Kit/BASE/Meshes/Partitions/Part_G2.fbx","thumbnails/objects/0297_model_Part_G2_dea0dd34.png","1","3.12 x 2.13 x 3.12","FBX 원본 모델입니다. 같은 형태의 프리팹이 있으면 프리팹 우선 검토."
"Model","Heavy Station Kit","기타","형태 확인 후 용도 결정","Part_G3.fbx","Assets/Heavy Station Kit/BASE/Meshes/Partitions/Part_G3.fbx","thumbnails/objects/0298_model_Part_G3_4a81c1df.png","1","3.12 x 2.13 x 5.6","FBX 원본 모델입니다. 같은 형태의 프리팹이 있으면 프리팹 우선 검토."
"Model","Heavy Station Kit","기타","형태 확인 후 용도 결정","Part_G4.fbx","Assets/Heavy Station Kit/BASE/Meshes/Partitions/Part_G4.fbx","thumbnails/objects/0299_model_Part_G4_d5ae36a6.png","1","5.6 x 2.13 x 3.12","FBX 원본 모델입니다. 같은 형태의 프리팹이 있으면 프리팹 우선 검토."
"Model","Heavy Station Kit","기타","형태 확인 후 용도 결정","Part_G5.fbx","Assets/Heavy Station Kit/BASE/Meshes/Partitions/Part_G5.fbx","thumbnails/objects/0300_model_Part_G5_73575cc9.png","1","5.6 x 2.13 x 5.6","FBX 원본 모델입니다. 같은 형태의 프리팹이 있으면 프리팹 우선 검토."
"Model","Heavy Station Kit","기타","형태 확인 후 용도 결정","Part_G6.fbx","Assets/Heavy Station Kit/BASE/Meshes/Partitions/Part_G6.fbx","thumbnails/objects/0301_model_Part_G6_2af481d8.png","1","5.6 x 2.13 x 5.6","FBX 원본 모델입니다. 같은 형태의 프리팹이 있으면 프리팹 우선 검토."
"Model","Heavy Station Kit","기타","형태 확인 후 용도 결정","Part_G7.fbx","Assets/Heavy Station Kit/BASE/Meshes/Partitions/Part_G7.fbx","thumbnails/objects/0302_model_Part_G7_6a7a0493.png","1","5.6 x 2.13 x 5.6","FBX 원본 모델입니다. 같은 형태의 프리팹이 있으면 프리팹 우선 검토."
"Model","Heavy Station Kit","기타","형태 확인 후 용도 결정","Part_B_1.fbx","Assets/Heavy Station Kit/BASE/Meshes/Partitions2/Part_B_1.fbx","thumbnails/objects/0303_model_Part_B_1_791dfabf.png","1","2.5 x 9.72 x 9.63","FBX 원본 모델입니다. 같은 형태의 프리팹이 있으면 프리팹 우선 검토."
"Model","Heavy Station Kit","기타","형태 확인 후 용도 결정","Part_B_2.fbx","Assets/Heavy Station Kit/BASE/Meshes/Partitions2/Part_B_2.fbx","thumbnails/objects/0304_model_Part_B_2_93de4622.png","1","2.64 x 9.72 x 9.63","FBX 원본 모델입니다. 같은 형태의 프리팹이 있으면 프리팹 우선 검토."
"Model","Heavy Station Kit","기타","형태 확인 후 용도 결정","Part_B_3.fbx","Assets/Heavy Station Kit/BASE/Meshes/Partitions2/Part_B_3.fbx","thumbnails/objects/0305_model_Part_B_3_e8daea15.png","1","2.41 x 9.72 x 9.63","FBX 원본 모델입니다. 같은 형태의 프리팹이 있으면 프리팹 우선 검토."
"Model","Heavy Station Kit","기타","형태 확인 후 용도 결정","Part_B_4.fbx","Assets/Heavy Station Kit/BASE/Meshes/Partitions2/Part_B_4.fbx","thumbnails/objects/0306_model_Part_B_4_43713238.png","1","2.42 x 9.72 x 9.63","FBX 원본 모델입니다. 같은 형태의 프리팹이 있으면 프리팹 우선 검토."
"Model","Heavy Station Kit","기타","형태 확인 후 용도 결정","Part_B_5.fbx","Assets/Heavy Station Kit/BASE/Meshes/Partitions2/Part_B_5.fbx","thumbnails/objects/0307_model_Part_B_5_b262f273.png","1","2.55 x 9.72 x 9.63","FBX 원본 모델입니다. 같은 형태의 프리팹이 있으면 프리팹 우선 검토."
"Model","Heavy Station Kit","기타","형태 확인 후 용도 결정","Part_S_10.fbx","Assets/Heavy Station Kit/BASE/Meshes/Partitions2/Part_S_10.fbx","thumbnails/objects/0308_model_Part_S_10_67213e60.png","1","2.53 x 9.72 x 2.12","FBX 원본 모델입니다. 같은 형태의 프리팹이 있으면 프리팹 우선 검토."
"Model","Heavy Station Kit","기타","형태 확인 후 용도 결정","Part_S_2.fbx","Assets/Heavy Station Kit/BASE/Meshes/Partitions2/Part_S_2.fbx","thumbnails/objects/0309_model_Part_S_2_2df302dd.png","1","1.73 x 9.72 x 2.12","FBX 원본 모델입니다. 같은 형태의 프리팹이 있으면 프리팹 우선 검토."
"Model","Heavy Station Kit","기타","형태 확인 후 용도 결정","Part_S_3.fbx","Assets/Heavy Station Kit/BASE/Meshes/Partitions2/Part_S_3.fbx","thumbnails/objects/0310_model_Part_S_3_d8f65eea.png","1","2.45 x 9.72 x 2.12","FBX 원본 모델입니다. 같은 형태의 프리팹이 있으면 프리팹 우선 검토."
"Model","Heavy Station Kit","기타","형태 확인 후 용도 결정","Part_S_4.fbx","Assets/Heavy Station Kit/BASE/Meshes/Partitions2/Part_S_4.fbx","thumbnails/objects/0311_model_Part_S_4_bd2f9e3b.png","1","2.39 x 9.72 x 2.48","FBX 원본 모델입니다. 같은 형태의 프리팹이 있으면 프리팹 우선 검토."
"Model","Heavy Station Kit","기타","형태 확인 후 용도 결정","Part_S_5.fbx","Assets/Heavy Station Kit/BASE/Meshes/Partitions2/Part_S_5.fbx","thumbnails/objects/0312_model_Part_S_5_085b6be0.png","1","2.37 x 9.72 x 2.12","FBX 원본 모델입니다. 같은 형태의 프리팹이 있으면 프리팹 우선 검토."
"Model","Heavy Station Kit","기타","형태 확인 후 용도 결정","Part_S_6.fbx","Assets/Heavy Station Kit/BASE/Meshes/Partitions2/Part_S_6.fbx","thumbnails/objects/0313_model_Part_S_6_6737fa91.png","1","2.51 x 9.72 x 2.12","FBX 원본 모델입니다. 같은 형태의 프리팹이 있으면 프리팹 우선 검토."
"Model","Heavy Station Kit","기타","형태 확인 후 용도 결정","Part_S_7.fbx","Assets/Heavy Station Kit/BASE/Meshes/Partitions2/Part_S_7.fbx","thumbnails/objects/0314_model_Part_S_7_e008882e.png","1","2.45 x 9.72 x 2.12","FBX 원본 모델입니다. 같은 형태의 프리팹이 있으면 프리팹 우선 검토."
"Model","Heavy Station Kit","기타","형태 확인 후 용도 결정","Part_S_8.fbx","Assets/Heavy Station Kit/BASE/Meshes/Partitions2/Part_S_8.fbx","thumbnails/objects/0315_model_Part_S_8_872b8e5f.png","1","2.44 x 9.72 x 2.12","FBX 원본 모델입니다. 같은 형태의 프리팹이 있으면 프리팹 우선 검토."
"Model","Heavy Station Kit","기타","형태 확인 후 용도 결정","Part_S_9.fbx","Assets/Heavy Station Kit/BASE/Meshes/Partitions2/Part_S_9.fbx","thumbnails/objects/0316_model_Part_S_9_1b4aa9b4.png","1","2.43 x 9.72 x 2.12","FBX 원본 모델입니다. 같은 형태의 프리팹이 있으면 프리팹 우선 검토."
"Model","Heavy Station Kit","기타","형태 확인 후 용도 결정","Barel1.fbx","Assets/Heavy Station Kit/BASE/Meshes/Props/Barel1.fbx","thumbnails/objects/0317_model_Barel1_fd7ee23b.png","1","0.81 x 1 x 0.81","FBX 원본 모델입니다. 같은 형태의 프리팹이 있으면 프리팹 우선 검토."
"Model","Heavy Station Kit","기타","형태 확인 후 용도 결정","Barel1_Col.fbx","Assets/Heavy Station Kit/BASE/Meshes/Props/Barel1_Col.fbx","thumbnails/objects/0318_model_Barel1_Col_182604a6.png","1","0.81 x 1 x 0.81","FBX 원본 모델입니다. 같은 형태의 프리팹이 있으면 프리팹 우선 검토."
"Model","Heavy Station Kit","기타","형태 확인 후 용도 결정","Barel2.fbx","Assets/Heavy Station Kit/BASE/Meshes/Props/Barel2.fbx","thumbnails/objects/0319_model_Barel2_2057cc2e.png","1","0.81 x 1.8 x 0.81","FBX 원본 모델입니다. 같은 형태의 프리팹이 있으면 프리팹 우선 검토."
"Model","Heavy Station Kit","기타","형태 확인 후 용도 결정","Barel2_Col.fbx","Assets/Heavy Station Kit/BASE/Meshes/Props/Barel2_Col.fbx","thumbnails/objects/0320_model_Barel2_Col_a9a495eb.png","1","0.81 x 1.8 x 0.81","FBX 원본 모델입니다. 같은 형태의 프리팹이 있으면 프리팹 우선 검토."
"Model","Heavy Station Kit","기타","형태 확인 후 용도 결정","Tank1.fbx","Assets/Heavy Station Kit/BASE/Meshes/Props/Tank1.fbx","thumbnails/objects/0321_model_Tank1_08ec22cb.png","1","1.04 x 2.5 x 1.04","FBX 원본 모델입니다. 같은 형태의 프리팹이 있으면 프리팹 우선 검토."
"Model","Heavy Station Kit","기타","형태 확인 후 용도 결정","Tank1_Col.fbx","Assets/Heavy Station Kit/BASE/Meshes/Props/Tank1_Col.fbx","thumbnails/objects/0322_model_Tank1_Col_64954a16.png","1","1.05 x 2.5 x 1.05","FBX 원본 모델입니다. 같은 형태의 프리팹이 있으면 프리팹 우선 검토."
"Model","Heavy Station Kit","기타","형태 확인 후 용도 결정","Tank2.fbx","Assets/Heavy Station Kit/BASE/Meshes/Props/Tank2.fbx","thumbnails/objects/0323_model_Tank2_09ccc5be.png","1","1.77 x 2.99 x 1.77","FBX 원본 모델입니다. 같은 형태의 프리팹이 있으면 프리팹 우선 검토."
"Model","Heavy Station Kit","기타","형태 확인 후 용도 결정","Tank2_Col.fbx","Assets/Heavy Station Kit/BASE/Meshes/Props/Tank2_Col.fbx","thumbnails/objects/0324_model_Tank2_Col_e7487d5b.png","1","1.67 x 2.99 x 1.67","FBX 원본 모델입니다. 같은 형태의 프리팹이 있으면 프리팹 우선 검토."
"Model","Heavy Station Kit","기타","형태 확인 후 용도 결정","Support_1.fbx","Assets/Heavy Station Kit/BASE/Meshes/Support/Support_1.fbx","thumbnails/objects/0325_model_Support_1_c8670eda.png","1","1.94 x 10.15 x 1.94","FBX 원본 모델입니다. 같은 형태의 프리팹이 있으면 프리팹 우선 검토."
"Model","Heavy Station Kit","기타","형태 확인 후 용도 결정","Support_2.fbx","Assets/Heavy Station Kit/BASE/Meshes/Support/Support_2.fbx","thumbnails/objects/0326_model_Support_2_2b9ddf17.png","1","9.58 x 10.15 x 1.94","FBX 원본 모델입니다. 같은 형태의 프리팹이 있으면 프리팹 우선 검토."
"Model","Heavy Station Kit","기타","형태 확인 후 용도 결정","Support_3.fbx","Assets/Heavy Station Kit/BASE/Meshes/Support/Support_3.fbx","thumbnails/objects/0327_model_Support_3_d9081c6c.png","1","9.58 x 10.15 x 9.58","FBX 원본 모델입니다. 같은 형태의 프리팹이 있으면 프리팹 우선 검토."
"Model","Heavy Station Kit","기타","형태 확인 후 용도 결정","Support_4.fbx","Assets/Heavy Station Kit/BASE/Meshes/Support/Support_4.fbx","thumbnails/objects/0328_model_Support_4_6dbe9c01.png","1","9.58 x 10.15 x 9.58","FBX 원본 모델입니다. 같은 형태의 프리팹이 있으면 프리팹 우선 검토."
"Model","Heavy Station Kit","기타","형태 확인 후 용도 결정","Support_Collider.fbx","Assets/Heavy Station Kit/BASE/Meshes/Support/Support_Collider.fbx","thumbnails/objects/0329_model_Support_Collider_dff8043f.png","1","2.08 x 10 x 2.08","FBX 원본 모델입니다. 같은 형태의 프리팹이 있으면 프리팹 우선 검토."
"Model","Heavy Station Kit","기타","형태 확인 후 용도 결정","TB_1_Collider.fbx","Assets/Heavy Station Kit/BASE/Meshes/Top-Bottom/TB_1_Collider.fbx","thumbnails/objects/0330_model_TB_1_Collider_054dd68e.png","1","10 x 0.98 x 10","FBX 원본 모델입니다. 같은 형태의 프리팹이 있으면 프리팹 우선 검토."
"Model","Heavy Station Kit","기타","형태 확인 후 용도 결정","TB_1_F.fbx","Assets/Heavy Station Kit/BASE/Meshes/Top-Bottom/TB_1_F.fbx","thumbnails/objects/0331_model_TB_1_F_df83c430.png","1","10 x 2.2 x 10","FBX 원본 모델입니다. 같은 형태의 프리팹이 있으면 프리팹 우선 검토."
"Model","Heavy Station Kit","기타","형태 확인 후 용도 결정","TB_2_F.fbx","Assets/Heavy Station Kit/BASE/Meshes/Top-Bottom/TB_2_F.fbx","thumbnails/objects/0332_model_TB_2_F_ce056195.png","1","10 x 2.23 x 10","FBX 원본 모델입니다. 같은 형태의 프리팹이 있으면 프리팹 우선 검토."
"Model","Heavy Station Kit","기타","형태 확인 후 용도 결정","TB_3_F.fbx","Assets/Heavy Station Kit/BASE/Meshes/Top-Bottom/TB_3_F.fbx","thumbnails/objects/0333_model_TB_3_F_7410192a.png","1","10 x 2.2 x 10","FBX 원본 모델입니다. 같은 형태의 프리팹이 있으면 프리팹 우선 검토."
"Model","Heavy Station Kit","기타","형태 확인 후 용도 결정","TD_Base2_WE_M.fbx","Assets/Heavy Station Kit/BASE/Meshes/Top-Down/TD_Base2_WE_M.fbx","thumbnails/objects/0334_model_TD_Base2_WE_M_681899d1.png","1","5.38 x 10.24 x 10.01","FBX 원본 모델입니다. 같은 형태의 프리팹이 있으면 프리팹 우선 검토."
"Model","Heavy Station Kit","기타","형태 확인 후 용도 결정","TD_base_part2.fbx","Assets/Heavy Station Kit/BASE/Meshes/Top-Down/TD_base_part2.fbx","thumbnails/objects/0335_model_TD_base_part2_95f8322c.png","1","3.48 x 0.96 x 3.12","FBX 원본 모델입니다. 같은 형태의 프리팹이 있으면 프리팹 우선 검토."
"Model","Heavy Station Kit","기타","형태 확인 후 용도 결정","TD_base_part2_Col.fbx","Assets/Heavy Station Kit/BASE/Meshes/Top-Down/TD_base_part2_Col.fbx","thumbnails/objects/0336_model_TD_base_part2_Col_92a2b50d.png","1","3.48 x 0.96 x 3.12","FBX 원본 모델입니다. 같은 형태의 프리팹이 있으면 프리팹 우선 검토."
"Model","Heavy Station Kit","문","복도, 화물칸, 방 입구, 공통 선체 마감","B2_EG.fbx","Assets/Heavy Station Kit/BASE/Meshes/Doors/B2_EG.fbx","thumbnails/objects/0337_model_B2_EG_6b33087a.png","1","0 x 4.97 x 10","FBX 원본 모델입니다. 같은 형태의 프리팹이 있으면 프리팹 우선 검토."
"Model","Heavy Station Kit","문","복도, 화물칸, 방 입구, 공통 선체 마감","Door_a.fbx","Assets/Heavy Station Kit/BASE/Meshes/Doors/Door_a.fbx","thumbnails/objects/0338_model_Door_a_91340bad.png","1","3.25 x 4.65 x 5.17","FBX 원본 모델입니다. 같은 형태의 프리팹이 있으면 프리팹 우선 검토."
"Model","Heavy Station Kit","문","복도, 화물칸, 방 입구, 공통 선체 마감","Door_a_Collider.fbx","Assets/Heavy Station Kit/BASE/Meshes/Doors/Door_a_Collider.fbx","thumbnails/objects/0339_model_Door_a_Collider_bebe8dc2.png","1","4.06 x 4.72 x 5.03","FBX 원본 모델입니다. 같은 형태의 프리팹이 있으면 프리팹 우선 검토."
"Model","Heavy Station Kit","문","복도, 화물칸, 방 입구, 공통 선체 마감","Door_a_glass.fbx","Assets/Heavy Station Kit/BASE/Meshes/Doors/Door_a_glass.fbx","thumbnails/objects/0340_model_Door_a_glass_f55486fa.png","1","0.08 x 2.27 x 3.37","FBX 원본 모델입니다. 같은 형태의 프리팹이 있으면 프리팹 우선 검토."
"Model","Heavy Station Kit","문","복도, 화물칸, 방 입구, 공통 선체 마감","Door_a_H.fbx","Assets/Heavy Station Kit/BASE/Meshes/Doors/Door_a_H.fbx","thumbnails/objects/0341_model_Door_a_H_870bb2f6.png","1","3.25 x 4.7 x 5.17","FBX 원본 모델입니다. 같은 형태의 프리팹이 있으면 프리팹 우선 검토."
"Model","Heavy Station Kit","문","복도, 화물칸, 방 입구, 공통 선체 마감","Door_a_H_Collider.fbx","Assets/Heavy Station Kit/BASE/Meshes/Doors/Door_a_H_Collider.fbx","thumbnails/objects/0342_model_Door_a_H_Collider_41f676af.png","1","2.01 x 4.72 x 5.03","FBX 원본 모델입니다. 같은 형태의 프리팹이 있으면 프리팹 우선 검토."
"Model","Heavy Station Kit","문","복도, 화물칸, 방 입구, 공통 선체 마감","Door_a_slide.fbx","Assets/Heavy Station Kit/BASE/Meshes/Doors/Door_a_slide.fbx","thumbnails/objects/0343_model_Door_a_slide_c1369507.png","1","0.17 x 4.07 x 2.88","FBX 원본 모델입니다. 같은 형태의 프리팹이 있으면 프리팹 우선 검토."
"Model","Heavy Station Kit","문","복도, 화물칸, 방 입구, 공통 선체 마감","W1_0doors.fbx","Assets/Heavy Station Kit/BASE/Meshes/Walls/1_Walls/W1_0doors.fbx","thumbnails/objects/0344_model_W1_0doors_112160b5.png","1","9.61 x 9.72 x 0.43","FBX 원본 모델입니다. 같은 형태의 프리팹이 있으면 프리팹 우선 검토."
"Model","Heavy Station Kit","문","복도, 화물칸, 방 입구, 공통 선체 마감","W1_0doors_Collider.fbx","Assets/Heavy Station Kit/BASE/Meshes/Walls/1_Walls/W1_0doors_Collider.fbx","thumbnails/objects/0345_model_W1_0doors_Collider_87216b8a.png","1","9.47 x 9.99 x 0.29","FBX 원본 모델입니다. 같은 형태의 프리팹이 있으면 프리팹 우선 검토."
"Model","Heavy Station Kit","문","복도, 화물칸, 방 입구, 공통 선체 마감","W1_1doors.fbx","Assets/Heavy Station Kit/BASE/Meshes/Walls/1_Walls/W1_1doors.fbx","thumbnails/objects/0346_model_W1_1doors_ad00ee38.png","1","9.61 x 9.72 x 0.43","FBX 원본 모델입니다. 같은 형태의 프리팹이 있으면 프리팹 우선 검토."
"Model","Heavy Station Kit","문","복도, 화물칸, 방 입구, 공통 선체 마감","W1_1doors_Collider.fbx","Assets/Heavy Station Kit/BASE/Meshes/Walls/1_Walls/W1_1doors_Collider.fbx","thumbnails/objects/0347_model_W1_1doors_Collider_ccf3062d.png","1","9.47 x 9.98 x 0.29","FBX 원본 모델입니다. 같은 형태의 프리팹이 있으면 프리팹 우선 검토."
"Model","Heavy Station Kit","문","복도, 화물칸, 방 입구, 공통 선체 마감","W2_0doors.fbx","Assets/Heavy Station Kit/BASE/Meshes/Walls/2_Walls/W2_0doors.fbx","thumbnails/objects/0348_model_W2_0doors_ae92379f.png","1","9.7 x 9.72 x 9.7","FBX 원본 모델입니다. 같은 형태의 프리팹이 있으면 프리팹 우선 검토."
"Model","Heavy Station Kit","문","복도, 화물칸, 방 입구, 공통 선체 마감","W2_0doors_I.fbx","Assets/Heavy Station Kit/BASE/Meshes/Walls/2_Walls/W2_0doors_I.fbx","thumbnails/objects/0349_model_W2_0doors_I_2c03779f.png","1","9.61 x 9.72 x 9.79","FBX 원본 모델입니다. 같은 형태의 프리팹이 있으면 프리팹 우선 검토."
"Model","Heavy Station Kit","문","복도, 화물칸, 방 입구, 공통 선체 마감","W2_1doors.fbx","Assets/Heavy Station Kit/BASE/Meshes/Walls/2_Walls/W2_1doors.fbx","thumbnails/objects/0350_model_W2_1doors_647182e2.png","1","9.7 x 9.72 x 9.7","FBX 원본 모델입니다. 같은 형태의 프리팹이 있으면 프리팹 우선 검토."
"Model","Heavy Station Kit","문","복도, 화물칸, 방 입구, 공통 선체 마감","W2_1doors_I.fbx","Assets/Heavy Station Kit/BASE/Meshes/Walls/2_Walls/W2_1doors_I.fbx","thumbnails/objects/0351_model_W2_1doors_I_35e3cf86.png","1","9.61 x 9.72 x 9.79","FBX 원본 모델입니다. 같은 형태의 프리팹이 있으면 프리팹 우선 검토."
"Model","Heavy Station Kit","문","복도, 화물칸, 방 입구, 공통 선체 마감","W2_1doors_L.fbx","Assets/Heavy Station Kit/BASE/Meshes/Walls/2_Walls/W2_1doors_L.fbx","thumbnails/objects/0352_model_W2_1doors_L_1a744a15.png","1","9.7 x 9.72 x 9.7","FBX 원본 모델입니다. 같은 형태의 프리팹이 있으면 프리팹 우선 검토."
"Model","Heavy Station Kit","문","복도, 화물칸, 방 입구, 공통 선체 마감","W2_2doors.fbx","Assets/Heavy Station Kit/BASE/Meshes/Walls/2_Walls/W2_2doors.fbx","thumbnails/objects/0353_model_W2_2doors_2f0defbd.png","1","9.7 x 9.72 x 9.7","FBX 원본 모델입니다. 같은 형태의 프리팹이 있으면 프리팹 우선 검토."
"Model","Heavy Station Kit","문","복도, 화물칸, 방 입구, 공통 선체 마감","W2_2doors_I.fbx","Assets/Heavy Station Kit/BASE/Meshes/Walls/2_Walls/W2_2doors_I.fbx","thumbnails/objects/0354_model_W2_2doors_I_785f1f89.png","1","9.61 x 9.72 x 9.79","FBX 원본 모델입니다. 같은 형태의 프리팹이 있으면 프리팹 우선 검토."
"Model","Heavy Station Kit","문","복도, 화물칸, 방 입구, 공통 선체 마감","W3_0doors.fbx","Assets/Heavy Station Kit/BASE/Meshes/Walls/3_Walls/W3_0doors.fbx","thumbnails/objects/0355_model_W3_0doors_8e91aeed.png","1","9.79 x 9.72 x 9.7","FBX 원본 모델입니다. 같은 형태의 프리팹이 있으면 프리팹 우선 검토."
"Model","Heavy Station Kit","문","복도, 화물칸, 방 입구, 공통 선체 마감","W3_1doors.fbx","Assets/Heavy Station Kit/BASE/Meshes/Walls/3_Walls/W3_1doors.fbx","thumbnails/objects/0356_model_W3_1doors_99c493f0.png","1","9.79 x 9.72 x 9.7","FBX 원본 모델입니다. 같은 형태의 프리팹이 있으면 프리팹 우선 검토."
"Model","Heavy Station Kit","문","복도, 화물칸, 방 입구, 공통 선체 마감","W3_1doors_L.fbx","Assets/Heavy Station Kit/BASE/Meshes/Walls/3_Walls/W3_1doors_L.fbx","thumbnails/objects/0357_model_W3_1doors_L_5f1bbfe7.png","1","9.79 x 9.72 x 9.7","FBX 원본 모델입니다. 같은 형태의 프리팹이 있으면 프리팹 우선 검토."
"Model","Heavy Station Kit","문","복도, 화물칸, 방 입구, 공통 선체 마감","W3_1doors_R.fbx","Assets/Heavy Station Kit/BASE/Meshes/Walls/3_Walls/W3_1doors_R.fbx","thumbnails/objects/0358_model_W3_1doors_R_f8611db9.png","1","9.79 x 9.72 x 9.7","FBX 원본 모델입니다. 같은 형태의 프리팹이 있으면 프리팹 우선 검토."
"Model","Heavy Station Kit","문","복도, 화물칸, 방 입구, 공통 선체 마감","W3_2doors_I.fbx","Assets/Heavy Station Kit/BASE/Meshes/Walls/3_Walls/W3_2doors_I.fbx","thumbnails/objects/0359_model_W3_2doors_I_12a7392f.png","1","9.79 x 9.72 x 9.7","FBX 원본 모델입니다. 같은 형태의 프리팹이 있으면 프리팹 우선 검토."
"Model","Heavy Station Kit","문","복도, 화물칸, 방 입구, 공통 선체 마감","W3_2doors_L.fbx","Assets/Heavy Station Kit/BASE/Meshes/Walls/3_Walls/W3_2doors_L.fbx","thumbnails/objects/0360_model_W3_2doors_L_3090ffa8.png","1","9.79 x 9.72 x 9.7","FBX 원본 모델입니다. 같은 형태의 프리팹이 있으면 프리팹 우선 검토."
"Model","Heavy Station Kit","문","복도, 화물칸, 방 입구, 공통 선체 마감","W3_2doors_R.fbx","Assets/Heavy Station Kit/BASE/Meshes/Walls/3_Walls/W3_2doors_R.fbx","thumbnails/objects/0361_model_W3_2doors_R_b34f218a.png","1","9.79 x 9.72 x 9.7","FBX 원본 모델입니다. 같은 형태의 프리팹이 있으면 프리팹 우선 검토."
"Model","Heavy Station Kit","문","복도, 화물칸, 방 입구, 공통 선체 마감","W3_3doors.fbx","Assets/Heavy Station Kit/BASE/Meshes/Walls/3_Walls/W3_3doors.fbx","thumbnails/objects/0362_model_W3_3doors_170b9312.png","1","9.79 x 9.72 x 9.7","FBX 원본 모델입니다. 같은 형태의 프리팹이 있으면 프리팹 우선 검토."
"Model","Heavy Station Kit","문","복도, 화물칸, 방 입구, 공통 선체 마감","W4_0doors_F.fbx","Assets/Heavy Station Kit/BASE/Meshes/Walls/4_Walls/W4_0doors_F.fbx","thumbnails/objects/0363_model_W4_0doors_F_6ea49a6a.png","1","9.79 x 9.72 x 9.79","FBX 원본 모델입니다. 같은 형태의 프리팹이 있으면 프리팹 우선 검토."
"Model","Heavy Station Kit","문","복도, 화물칸, 방 입구, 공통 선체 마감","W4_1doors_F.fbx","Assets/Heavy Station Kit/BASE/Meshes/Walls/4_Walls/W4_1doors_F.fbx","thumbnails/objects/0364_model_W4_1doors_F_90852c23.png","1","9.79 x 9.72 x 9.79","FBX 원본 모델입니다. 같은 형태의 프리팹이 있으면 프리팹 우선 검토."
"Model","Heavy Station Kit","문","복도, 화물칸, 방 입구, 공통 선체 마감","W4_2doors_I_F.fbx","Assets/Heavy Station Kit/BASE/Meshes/Walls/4_Walls/W4_2doors_I_F.fbx","thumbnails/objects/0365_model_W4_2doors_I_F_0b8070bc.png","1","9.79 x 9.72 x 9.79","FBX 원본 모델입니다. 같은 형태의 프리팹이 있으면 프리팹 우선 검토."
"Model","Heavy Station Kit","문","복도, 화물칸, 방 입구, 공통 선체 마감","W4_2doors_L_F.fbx","Assets/Heavy Station Kit/BASE/Meshes/Walls/4_Walls/W4_2doors_L_F.fbx","thumbnails/objects/0366_model_W4_2doors_L_F_3dfe3fd3.png","1","9.79 x 9.72 x 9.79","FBX 원본 모델입니다. 같은 형태의 프리팹이 있으면 프리팹 우선 검토."
"Model","Heavy Station Kit","문","복도, 화물칸, 방 입구, 공통 선체 마감","W4_3doors_F.fbx","Assets/Heavy Station Kit/BASE/Meshes/Walls/4_Walls/W4_3doors_F.fbx","thumbnails/objects/0367_model_W4_3doors_F_cc5517c1.png","1","9.79 x 9.72 x 9.79","FBX 원본 모델입니다. 같은 형태의 프리팹이 있으면 프리팹 우선 검토."
"Model","Heavy Station Kit","문","복도, 화물칸, 방 입구, 공통 선체 마감","W4_4doors_F.fbx","Assets/Heavy Station Kit/BASE/Meshes/Walls/4_Walls/W4_4doors_F.fbx","thumbnails/objects/0368_model_W4_4doors_F_aeebc116.png","1","9.79 x 9.72 x 9.79","FBX 원본 모델입니다. 같은 형태의 프리팹이 있으면 프리팹 우선 검토."
"Model","Heavy Station Kit","문틀·게이트","복도, 화물칸, 방 입구, 공통 선체 마감","Arches_A_1_Col.fbx","Assets/Heavy Station Kit/BASE/Meshes/Arches/Arches_A_1_Col.fbx","thumbnails/objects/0369_model_Arches_A_1_Col_3ecd89c1.png","1","0.74 x 9.72 x 2.12","FBX 원본 모델입니다. 같은 형태의 프리팹이 있으면 프리팹 우선 검토."
"Model","Heavy Station Kit","문틀·게이트","복도, 화물칸, 방 입구, 공통 선체 마감","Arches_B_1.fbx","Assets/Heavy Station Kit/BASE/Meshes/Arches/Arches_B_1.fbx","thumbnails/objects/0370_model_Arches_B_1_caa2a3dd.png","1","0.7 x 9.72 x 0.95","FBX 원본 모델입니다. 같은 형태의 프리팹이 있으면 프리팹 우선 검토."
"Model","Heavy Station Kit","문틀·게이트","복도, 화물칸, 방 입구, 공통 선체 마감","Arches_B_1_Col.fbx","Assets/Heavy Station Kit/BASE/Meshes/Arches/Arches_B_1_Col.fbx","thumbnails/objects/0371_model_Arches_B_1_Col_eb963c94.png","1","0.74 x 9.72 x 0.95","FBX 원본 모델입니다. 같은 형태의 프리팹이 있으면 프리팹 우선 검토."
"Model","Heavy Station Kit","문틀·게이트","복도, 화물칸, 방 입구, 공통 선체 마감","Arches_B_2.fbx","Assets/Heavy Station Kit/BASE/Meshes/Arches/Arches_B_2.fbx","thumbnails/objects/0372_model_Arches_B_2_34464b3c.png","1","0.71 x 9.72 x 9.61","FBX 원본 모델입니다. 같은 형태의 프리팹이 있으면 프리팹 우선 검토."
"Model","Heavy Station Kit","문틀·게이트","복도, 화물칸, 방 입구, 공통 선체 마감","Arches_B_2_G1.fbx","Assets/Heavy Station Kit/BASE/Meshes/Arches/Arches_B_2_G1.fbx","thumbnails/objects/0373_model_Arches_B_2_G1_bf41fe71.png","1","0.71 x 9.72 x 9.61","FBX 원본 모델입니다. 같은 형태의 프리팹이 있으면 프리팹 우선 검토."
"Model","Heavy Station Kit","문틀·게이트","복도, 화물칸, 방 입구, 공통 선체 마감","Arches_B_2_G2.fbx","Assets/Heavy Station Kit/BASE/Meshes/Arches/Arches_B_2_G2.fbx","thumbnails/objects/0374_model_Arches_B_2_G2_7c2c8dc0.png","1","0.71 x 9.72 x 9.61","FBX 원본 모델입니다. 같은 형태의 프리팹이 있으면 프리팹 우선 검토."
"Model","Heavy Station Kit","문틀·게이트","복도, 화물칸, 방 입구, 공통 선체 마감","Arches_B_2_G3.fbx","Assets/Heavy Station Kit/BASE/Meshes/Arches/Arches_B_2_G3.fbx","thumbnails/objects/0375_model_Arches_B_2_G3_0194829b.png","1","0.71 x 9.72 x 9.61","FBX 원본 모델입니다. 같은 형태의 프리팹이 있으면 프리팹 우선 검토."
"Model","Heavy Station Kit","문틀·게이트","복도, 화물칸, 방 입구, 공통 선체 마감","G1.fbx","Assets/Heavy Station Kit/BASE/Meshes/Arches/G1.fbx","thumbnails/objects/0376_model_G1_cb222418.png","1","0.21 x 1.2 x 5.42","FBX 원본 모델입니다. 같은 형태의 프리팹이 있으면 프리팹 우선 검토."
"Model","Heavy Station Kit","문틀·게이트","복도, 화물칸, 방 입구, 공통 선체 마감","G1_Col.fbx","Assets/Heavy Station Kit/BASE/Meshes/Arches/G1_Col.fbx","thumbnails/objects/0377_model_G1_Col_7dbedcb1.png","1","0.17 x 1.19 x 5.39","FBX 원본 모델입니다. 같은 형태의 프리팹이 있으면 프리팹 우선 검토."
"Model","Heavy Station Kit","문틀·게이트","복도, 화물칸, 방 입구, 공통 선체 마감","G2.fbx","Assets/Heavy Station Kit/BASE/Meshes/Arches/G2.fbx","thumbnails/objects/0378_model_G2_110c2909.png","1","0.2 x 1.14 x 7.73","FBX 원본 모델입니다. 같은 형태의 프리팹이 있으면 프리팹 우선 검토."
"Model","Heavy Station Kit","문틀·게이트","복도, 화물칸, 방 입구, 공통 선체 마감","G2_Col.fbx","Assets/Heavy Station Kit/BASE/Meshes/Arches/G2_Col.fbx","thumbnails/objects/0379_model_G2_Col_93067e18.png","1","0.18 x 1.13 x 7.71","FBX 원본 모델입니다. 같은 형태의 프리팹이 있으면 프리팹 우선 검토."
"Model","Heavy Station Kit","문틀·게이트","복도, 화물칸, 방 입구, 공통 선체 마감","B2_EGate.fbx","Assets/Heavy Station Kit/BASE/Meshes/Doors/B2_EGate.fbx","thumbnails/objects/0380_model_B2_EGate_1915f0c2.png","1","11.3 x 10.03 x 0.57","FBX 원본 모델입니다. 같은 형태의 프리팹이 있으면 프리팹 우선 검토."
"Model","Heavy Station Kit","문틀·게이트","복도, 화물칸, 방 입구, 공통 선체 마감","B2_EGate0.fbx","Assets/Heavy Station Kit/BASE/Meshes/Doors/B2_EGate0.fbx","thumbnails/objects/0381_model_B2_EGate0_6a1ecdfa.png","1","10 x 10.03 x 0.57","FBX 원본 모델입니다. 같은 형태의 프리팹이 있으면 프리팹 우선 검토."
"Model","Heavy Station Kit","문틀·게이트","복도, 화물칸, 방 입구, 공통 선체 마감","B2_EGateA.fbx","Assets/Heavy Station Kit/BASE/Meshes/Doors/B2_EGateA.fbx","thumbnails/objects/0382_model_B2_EGateA_01f712dd.png","1","1.33 x 10.03 x 0.57","FBX 원본 모델입니다. 같은 형태의 프리팹이 있으면 프리팹 우선 검토."
"Model","Heavy Station Kit","문틀·게이트","복도, 화물칸, 방 입구, 공통 선체 마감","B2_EGateB.fbx","Assets/Heavy Station Kit/BASE/Meshes/Doors/B2_EGateB.fbx","thumbnails/objects/0383_model_B2_EGateB_6b9aba3c.png","1","1.33 x 5.02 x 0.57","FBX 원본 모델입니다. 같은 형태의 프리팹이 있으면 프리팹 우선 검토."
"Model","Heavy Station Kit","문틀·게이트","복도, 화물칸, 방 입구, 공통 선체 마감","Base2_EGate_0.fbx","Assets/Heavy Station Kit/BASE/Meshes/Doors/Base2_EGate_0.fbx","thumbnails/objects/0384_model_Base2_EGate_0_f2aea2b2.png","1","8.78 x 0.47 x 5.58","FBX 원본 모델입니다. 같은 형태의 프리팹이 있으면 프리팹 우선 검토."
"Model","Heavy Station Kit","문틀·게이트","복도, 화물칸, 방 입구, 공통 선체 마감","Base2_EGate_0_Collider.fbx","Assets/Heavy Station Kit/BASE/Meshes/Doors/Base2_EGate_0_Collider.fbx","thumbnails/objects/0385_model_Base2_EGate_0_Collider_30c6e643.png","1","8.78 x 0.47 x 5.56","FBX 원본 모델입니다. 같은 형태의 프리팹이 있으면 프리팹 우선 검토."
"Model","Heavy Station Kit","문틀·게이트","복도, 화물칸, 방 입구, 공통 선체 마감","Arches_C_1.fbx","Assets/Heavy Station Kit/BASE/Meshes/Top-Down/Arches_C_1.fbx","thumbnails/objects/0386_model_Arches_C_1_fddbd540.png","1","3.47 x 9.81 x 1.32","FBX 원본 모델입니다. 같은 형태의 프리팹이 있으면 프리팹 우선 검토."
"Model","Heavy Station Kit","문틀·게이트","복도, 화물칸, 방 입구, 공통 선체 마감","Arches_C_1_Collider.fbx","Assets/Heavy Station Kit/BASE/Meshes/Top-Down/Arches_C_1_Collider.fbx","thumbnails/objects/0387_model_Arches_C_1_Collider_c60c20b5.png","1","3.49 x 10 x 1.37","FBX 원본 모델입니다. 같은 형태의 프리팹이 있으면 프리팹 우선 검토."
"Model","Heavy Station Kit","바닥·계단","복도, 화물칸, 방 입구, 공통 선체 마감","FBC_0holes.fbx","Assets/Heavy Station Kit/BASE/Meshes/Floors Fill/Block Center/FBC_0holes.fbx","thumbnails/objects/0388_model_FBC_0holes_8f7362d8.png","1","8.77 x 0.29 x 8.77","FBX 원본 모델입니다. 같은 형태의 프리팹이 있으면 프리팹 우선 검토."
"Model","Heavy Station Kit","바닥·계단","복도, 화물칸, 방 입구, 공통 선체 마감","FBC_1holes.fbx","Assets/Heavy Station Kit/BASE/Meshes/Floors Fill/Block Center/FBC_1holes.fbx","thumbnails/objects/0389_model_FBC_1holes_0c9c86b5.png","1","8.77 x 1.14 x 8.77","FBX 원본 모델입니다. 같은 형태의 프리팹이 있으면 프리팹 우선 검토."
"Model","Heavy Station Kit","바닥·계단","복도, 화물칸, 방 입구, 공통 선체 마감","FBC_2holes_I.fbx","Assets/Heavy Station Kit/BASE/Meshes/Floors Fill/Block Center/FBC_2holes_I.fbx","thumbnails/objects/0390_model_FBC_2holes_I_bfff2152.png","1","8.77 x 1.14 x 8.77","FBX 원본 모델입니다. 같은 형태의 프리팹이 있으면 프리팹 우선 검토."
"Model","Heavy Station Kit","바닥·계단","복도, 화물칸, 방 입구, 공통 선체 마감","FBC_2holes_L.fbx","Assets/Heavy Station Kit/BASE/Meshes/Floors Fill/Block Center/FBC_2holes_L.fbx","thumbnails/objects/0391_model_FBC_2holes_L_c9bd6f99.png","1","8.57 x 1.14 x 8.77","FBX 원본 모델입니다. 같은 형태의 프리팹이 있으면 프리팹 우선 검토."
"Model","Heavy Station Kit","바닥·계단","복도, 화물칸, 방 입구, 공통 선체 마감","FBC_3holes.fbx","Assets/Heavy Station Kit/BASE/Meshes/Floors Fill/Block Center/FBC_3holes.fbx","thumbnails/objects/0392_model_FBC_3holes_3f88a693.png","1","8.57 x 1.14 x 8.57","FBX 원본 모델입니다. 같은 형태의 프리팹이 있으면 프리팹 우선 검토."
"Model","Heavy Station Kit","바닥·계단","복도, 화물칸, 방 입구, 공통 선체 마감","FBC_4holes.fbx","Assets/Heavy Station Kit/BASE/Meshes/Floors Fill/Block Center/FBC_4holes.fbx","thumbnails/objects/0393_model_FBC_4holes_60c2123c.png","1","8.36 x 1.14 x 8.36","FBX 원본 모델입니다. 같은 형태의 프리팹이 있으면 프리팹 우선 검토."
"Model","Heavy Station Kit","바닥·계단","복도, 화물칸, 방 입구, 공통 선체 마감","FCC_0holes.fbx","Assets/Heavy Station Kit/BASE/Meshes/Floors Fill/Clear Center/FCC_0holes.fbx","thumbnails/objects/0394_model_FCC_0holes_2d00ab5b.png","1","8.77 x 1.14 x 8.77","FBX 원본 모델입니다. 같은 형태의 프리팹이 있으면 프리팹 우선 검토."
"Model","Heavy Station Kit","바닥·계단","복도, 화물칸, 방 입구, 공통 선체 마감","FCC_1holes.fbx","Assets/Heavy Station Kit/BASE/Meshes/Floors Fill/Clear Center/FCC_1holes.fbx","thumbnails/objects/0395_model_FCC_1holes_2498741e.png","1","8.77 x 1.14 x 8.77","FBX 원본 모델입니다. 같은 형태의 프리팹이 있으면 프리팹 우선 검토."
"Model","Heavy Station Kit","바닥·계단","복도, 화물칸, 방 입구, 공통 선체 마감","FCC_2holes_I.fbx","Assets/Heavy Station Kit/BASE/Meshes/Floors Fill/Clear Center/FCC_2holes_I.fbx","thumbnails/objects/0396_model_FCC_2holes_I_834c0949.png","1","8.77 x 1.14 x 8.77","FBX 원본 모델입니다. 같은 형태의 프리팹이 있으면 프리팹 우선 검토."
"Model","Heavy Station Kit","바닥·계단","복도, 화물칸, 방 입구, 공통 선체 마감","FCC_2holes_L.fbx","Assets/Heavy Station Kit/BASE/Meshes/Floors Fill/Clear Center/FCC_2holes_L.fbx","thumbnails/objects/0397_model_FCC_2holes_L_77b2b5c2.png","1","8.57 x 1.14 x 8.77","FBX 원본 모델입니다. 같은 형태의 프리팹이 있으면 프리팹 우선 검토."
"Model","Heavy Station Kit","바닥·계단","복도, 화물칸, 방 입구, 공통 선체 마감","FCC_3holes.fbx","Assets/Heavy Station Kit/BASE/Meshes/Floors Fill/Clear Center/FCC_3holes.fbx","thumbnails/objects/0398_model_FCC_3holes_aa7fae20.png","1","8.57 x 1.14 x 8.57","FBX 원본 모델입니다. 같은 형태의 프리팹이 있으면 프리팹 우선 검토."
"Model","Heavy Station Kit","바닥·계단","복도, 화물칸, 방 입구, 공통 선체 마감","FCC_4holes.fbx","Assets/Heavy Station Kit/BASE/Meshes/Floors Fill/Clear Center/FCC_4holes.fbx","thumbnails/objects/0399_model_FCC_4holes_11f0149f.png","1","8.36 x 1.14 x 8.36","FBX 원본 모델입니다. 같은 형태의 프리팹이 있으면 프리팹 우선 검토."
"Model","Heavy Station Kit","바닥·계단","복도, 화물칸, 방 입구, 공통 선체 마감","FLC_0holes.fbx","Assets/Heavy Station Kit/BASE/Meshes/Floors Fill/Ladder center/FLC_0holes.fbx","thumbnails/objects/0400_model_FLC_0holes_e7651e8f.png","1","8.77 x 0.29 x 8.77","FBX 원본 모델입니다. 같은 형태의 프리팹이 있으면 프리팹 우선 검토."
"Model","Heavy Station Kit","바닥·계단","복도, 화물칸, 방 입구, 공통 선체 마감","FLC_1holes.fbx","Assets/Heavy Station Kit/BASE/Meshes/Floors Fill/Ladder center/FLC_1holes.fbx","thumbnails/objects/0401_model_FLC_1holes_ec72a052.png","1","8.77 x 1.14 x 8.77","FBX 원본 모델입니다. 같은 형태의 프리팹이 있으면 프리팹 우선 검토."
"Model","Heavy Station Kit","바닥·계단","복도, 화물칸, 방 입구, 공통 선체 마감","FLC_2holes_I.fbx","Assets/Heavy Station Kit/BASE/Meshes/Floors Fill/Ladder center/FLC_2holes_I.fbx","thumbnails/objects/0402_model_FLC_2holes_I_d65be765.png","1","8.77 x 1.14 x 8.77","FBX 원본 모델입니다. 같은 형태의 프리팹이 있으면 프리팹 우선 검토."
"Model","Heavy Station Kit","바닥·계단","복도, 화물칸, 방 입구, 공통 선체 마감","FLC_2holes_L.fbx","Assets/Heavy Station Kit/BASE/Meshes/Floors Fill/Ladder center/FLC_2holes_L.fbx","thumbnails/objects/0403_model_FLC_2holes_L_a33d0f96.png","1","8.57 x 1.14 x 8.77","FBX 원본 모델입니다. 같은 형태의 프리팹이 있으면 프리팹 우선 검토."
"Model","Heavy Station Kit","바닥·계단","복도, 화물칸, 방 입구, 공통 선체 마감","FLC_3holes.fbx","Assets/Heavy Station Kit/BASE/Meshes/Floors Fill/Ladder center/FLC_3holes.fbx","thumbnails/objects/0404_model_FLC_3holes_2dcc2394.png","1","8.57 x 1.14 x 8.57","FBX 원본 모델입니다. 같은 형태의 프리팹이 있으면 프리팹 우선 검토."
"Model","Heavy Station Kit","바닥·계단","복도, 화물칸, 방 입구, 공통 선체 마감","FLC_4holes.fbx","Assets/Heavy Station Kit/BASE/Meshes/Floors Fill/Ladder center/FLC_4holes.fbx","thumbnails/objects/0405_model_FLC_4holes_75cc7acb.png","1","8.36 x 1.14 x 8.36","FBX 원본 모델입니다. 같은 형태의 프리팹이 있으면 프리팹 우선 검토."
"Model","Heavy Station Kit","바닥·계단","복도, 화물칸, 방 입구, 공통 선체 마감","FBC_Center.fbx","Assets/Heavy Station Kit/BASE/Meshes/Floors Fill/_Center/FBC_Center.fbx","thumbnails/objects/0406_model_FBC_Center_4258e950.png","1","2.54 x 0.29 x 2.54","FBX 원본 모델입니다. 같은 형태의 프리팹이 있으면 프리팹 우선 검토."
"Model","Heavy Station Kit","바닥·계단","복도, 화물칸, 방 입구, 공통 선체 마감","FBC_Center_C.fbx","Assets/Heavy Station Kit/BASE/Meshes/Floors Fill/_Center/FBC_Center_C.fbx","thumbnails/objects/0407_model_FBC_Center_C_285bdc46.png","1","2.54 x 0 x 2.54","FBX 원본 모델입니다. 같은 형태의 프리팹이 있으면 프리팹 우선 검토."
"Model","Heavy Station Kit","바닥·계단","복도, 화물칸, 방 입구, 공통 선체 마감","FBC_Center_Collider.fbx","Assets/Heavy Station Kit/BASE/Meshes/Floors Fill/_Center/FBC_Center_Collider.fbx","thumbnails/objects/0408_model_FBC_Center_Collider_94ed7965.png","1","2.54 x 0.31 x 2.54","FBX 원본 모델입니다. 같은 형태의 프리팹이 있으면 프리팹 우선 검토."
"Model","Heavy Station Kit","바닥·계단","복도, 화물칸, 방 입구, 공통 선체 마감","FBC_Center_F.fbx","Assets/Heavy Station Kit/BASE/Meshes/Floors Fill/_Center/FBC_Center_F.fbx","thumbnails/objects/0409_model_FBC_Center_F_0cec56d5.png","1","2.54 x 0 x 2.54","FBX 원본 모델입니다. 같은 형태의 프리팹이 있으면 프리팹 우선 검토."
"Model","Heavy Station Kit","바닥·계단","복도, 화물칸, 방 입구, 공통 선체 마감","FF1_Collider.fbx","Assets/Heavy Station Kit/BASE/Meshes/Floors Fill/_Elements/FF1_Collider.fbx","thumbnails/objects/0410_model_FF1_Collider_af9c89db.png","1","3.08 x 0.3 x 3.08","FBX 원본 모델입니다. 같은 형태의 프리팹이 있으면 프리팹 우선 검토."
"Model","Heavy Station Kit","바닥·계단","복도, 화물칸, 방 입구, 공통 선체 마감","FF_base2_El_0.fbx","Assets/Heavy Station Kit/BASE/Meshes/Floors Fill/_Elements/FF_base2_El_0.fbx","thumbnails/objects/0411_model_FF_base2_El_0_c580a38c.png","1","3.06 x 0.29 x 3.06","FBX 원본 모델입니다. 같은 형태의 프리팹이 있으면 프리팹 우선 검토."
"Model","Heavy Station Kit","바닥·계단","복도, 화물칸, 방 입구, 공통 선체 마감","FF_base2_El_C.fbx","Assets/Heavy Station Kit/BASE/Meshes/Floors Fill/_Elements/FF_base2_El_C.fbx","thumbnails/objects/0412_model_FF_base2_El_C_62d7635d.png","1","3.04 x 0.27 x 3.04","FBX 원본 모델입니다. 같은 형태의 프리팹이 있으면 프리팹 우선 검토."
"Model","Heavy Station Kit","바닥·계단","복도, 화물칸, 방 입구, 공통 선체 마감","FF_base2_El_F.fbx","Assets/Heavy Station Kit/BASE/Meshes/Floors Fill/_Elements/FF_base2_El_F.fbx","thumbnails/objects/0413_model_FF_base2_El_F_14ece8ae.png","1","3.06 x 0.27 x 3.06","FBX 원본 모델입니다. 같은 형태의 프리팹이 있으면 프리팹 우선 검토."
"Model","Heavy Station Kit","바닥·계단","복도, 화물칸, 방 입구, 공통 선체 마감","FF_base2_Rel_1.fbx","Assets/Heavy Station Kit/BASE/Meshes/Floors Fill/_Handrails/FF_base2_Rel_1.fbx","thumbnails/objects/0414_model_FF_base2_Rel_1_55aafaae.png","1","2.75 x 1.14 x 2.75","FBX 원본 모델입니다. 같은 형태의 프리팹이 있으면 프리팹 우선 검토."
"Model","Heavy Station Kit","바닥·계단","복도, 화물칸, 방 입구, 공통 선체 마감","FF_base2_Rel_1_Col.fbx","Assets/Heavy Station Kit/BASE/Meshes/Floors Fill/_Handrails/FF_base2_Rel_1_Col.fbx","thumbnails/objects/0415_model_FF_base2_Rel_1_Col_aa9c2c6b.png","1","2.78 x 1.14 x 2.77","FBX 원본 모델입니다. 같은 형태의 프리팹이 있으면 프리팹 우선 검토."
"Model","Heavy Station Kit","바닥·계단","복도, 화물칸, 방 입구, 공통 선체 마감","FF_base2_Rel_2.fbx","Assets/Heavy Station Kit/BASE/Meshes/Floors Fill/_Handrails/FF_base2_Rel_2.fbx","thumbnails/objects/0416_model_FF_base2_Rel_2_32d210bb.png","1","2.6 x 1.14 x 2.6","FBX 원본 모델입니다. 같은 형태의 프리팹이 있으면 프리팹 우선 검토."
"Model","Heavy Station Kit","바닥·계단","복도, 화물칸, 방 입구, 공통 선체 마감","FF_base2_Rel_2_C.fbx","Assets/Heavy Station Kit/BASE/Meshes/Floors Fill/_Handrails/FF_base2_Rel_2_C.fbx","thumbnails/objects/0417_model_FF_base2_Rel_2_C_5175a181.png","1","2.61 x 1.14 x 2.61","FBX 원본 모델입니다. 같은 형태의 프리팹이 있으면 프리팹 우선 검토."
"Model","Heavy Station Kit","바닥·계단","복도, 화물칸, 방 입구, 공통 선체 마감","St_Railing.fbx","Assets/Heavy Station Kit/BASE/Meshes/Floors Fill/_Handrails/St_Railing.fbx","thumbnails/objects/0418_model_St_Railing_58a7646c.png","1","0.4 x 1.14 x 1.94","FBX 원본 모델입니다. 같은 형태의 프리팹이 있으면 프리팹 우선 검토."
"Model","Heavy Station Kit","바닥·계단","복도, 화물칸, 방 입구, 공통 선체 마감","St_Railing2.fbx","Assets/Heavy Station Kit/BASE/Meshes/Floors Fill/_Handrails/St_Railing2.fbx","thumbnails/objects/0419_model_St_Railing2_68c72fde.png","1","0.4 x 1.14 x 2.82","FBX 원본 모델입니다. 같은 형태의 프리팹이 있으면 프리팹 우선 검토."
"Model","Heavy Station Kit","바닥·계단","복도, 화물칸, 방 입구, 공통 선체 마감","St_Railing2_Collider.fbx","Assets/Heavy Station Kit/BASE/Meshes/Floors Fill/_Handrails/St_Railing2_Collider.fbx","thumbnails/objects/0420_model_St_Railing2_Collider_d27a7af7.png","1","0.42 x 1.14 x 2.88","FBX 원본 모델입니다. 같은 형태의 프리팹이 있으면 프리팹 우선 검토."
"Model","Heavy Station Kit","바닥·계단","복도, 화물칸, 방 입구, 공통 선체 마감","St_Railing_Collider.fbx","Assets/Heavy Station Kit/BASE/Meshes/Floors Fill/_Handrails/St_Railing_Collider.fbx","thumbnails/objects/0421_model_St_Railing_Collider_2d156929.png","1","0.42 x 1.14 x 1.98","FBX 원본 모델입니다. 같은 형태의 프리팹이 있으면 프리팹 우선 검토."
"Model","Heavy Station Kit","바닥·계단","복도, 화물칸, 방 입구, 공통 선체 마감","Floor_1.fbx","Assets/Heavy Station Kit/BASE/Meshes/Floors/Floor_1.fbx","thumbnails/objects/0422_model_Floor_1_08c69e9d.png","1","10.07 x 0.47 x 10.07","FBX 원본 모델입니다. 같은 형태의 프리팹이 있으면 프리팹 우선 검토."
"Model","Heavy Station Kit","바닥·계단","복도, 화물칸, 방 입구, 공통 선체 마감","Floor_1_C.fbx","Assets/Heavy Station Kit/BASE/Meshes/Floors/Floor_1_C.fbx","thumbnails/objects/0423_model_Floor_1_C_c528405b.png","1","10.07 x 0.39 x 10.07","FBX 원본 모델입니다. 같은 형태의 프리팹이 있으면 프리팹 우선 검토."
"Model","Heavy Station Kit","바닥·계단","복도, 화물칸, 방 입구, 공통 선체 마감","Floor_1_Collider.fbx","Assets/Heavy Station Kit/BASE/Meshes/Floors/Floor_1_Collider.fbx","thumbnails/objects/0424_model_Floor_1_Collider_70251092.png","1","9.88 x 0.29 x 9.88","FBX 원본 모델입니다. 같은 형태의 프리팹이 있으면 프리팹 우선 검토."
"Model","Heavy Station Kit","바닥·계단","복도, 화물칸, 방 입구, 공통 선체 마감","Floor_1_F.fbx","Assets/Heavy Station Kit/BASE/Meshes/Floors/Floor_1_F.fbx","thumbnails/objects/0425_model_Floor_1_F_b8dc015c.png","1","10.07 x 0.37 x 10.07","FBX 원본 모델입니다. 같은 형태의 프리팹이 있으면 프리팹 우선 검토."
"Model","Heavy Station Kit","바닥·계단","복도, 화물칸, 방 입구, 공통 선체 마감","Floor_2.fbx","Assets/Heavy Station Kit/BASE/Meshes/Floors/Floor_2.fbx","thumbnails/objects/0426_model_Floor_2_74e4aefc.png","1","10.07 x 0.47 x 10.07","FBX 원본 모델입니다. 같은 형태의 프리팹이 있으면 프리팹 우선 검토."
"Model","Heavy Station Kit","바닥·계단","복도, 화물칸, 방 입구, 공통 선체 마감","Floor_2_C.fbx","Assets/Heavy Station Kit/BASE/Meshes/Floors/Floor_2_C.fbx","thumbnails/objects/0427_model_Floor_2_C_52fcceda.png","1","10.07 x 0.42 x 10.07","FBX 원본 모델입니다. 같은 형태의 프리팹이 있으면 프리팹 우선 검토."
"Model","Heavy Station Kit","바닥·계단","복도, 화물칸, 방 입구, 공통 선체 마감","Floor_2_Collider.fbx","Assets/Heavy Station Kit/BASE/Meshes/Floors/Floor_2_Collider.fbx","thumbnails/objects/0428_model_Floor_2_Collider_6c6e17d9.png","1","9.88 x 0.29 x 9.88","FBX 원본 모델입니다. 같은 형태의 프리팹이 있으면 프리팹 우선 검토."
"Model","Heavy Station Kit","바닥·계단","복도, 화물칸, 방 입구, 공통 선체 마감","Floor_2_F.fbx","Assets/Heavy Station Kit/BASE/Meshes/Floors/Floor_2_F.fbx","thumbnails/objects/0429_model_Floor_2_F_f8545c01.png","1","10.07 x 0.37 x 10.07","FBX 원본 모델입니다. 같은 형태의 프리팹이 있으면 프리팹 우선 검토."
"Model","Heavy Station Kit","바닥·계단","복도, 화물칸, 방 입구, 공통 선체 마감","Floor_3.fbx","Assets/Heavy Station Kit/BASE/Meshes/Floors/Floor_3.fbx","thumbnails/objects/0430_model_Floor_3_e06e8e67.png","1","10.07 x 0.35 x 10.07","FBX 원본 모델입니다. 같은 형태의 프리팹이 있으면 프리팹 우선 검토."
"Model","Heavy Station Kit","바닥·계단","복도, 화물칸, 방 입구, 공통 선체 마감","Floor_3_C.fbx","Assets/Heavy Station Kit/BASE/Meshes/Floors/Floor_3_C.fbx","thumbnails/objects/0431_model_Floor_3_C_3715df75.png","1","10.07 x 0.32 x 10.07","FBX 원본 모델입니다. 같은 형태의 프리팹이 있으면 프리팹 우선 검토."
"Model","Heavy Station Kit","바닥·계단","복도, 화물칸, 방 입구, 공통 선체 마감","Floor_3_Collider.fbx","Assets/Heavy Station Kit/BASE/Meshes/Floors/Floor_3_Collider.fbx","thumbnails/objects/0432_model_Floor_3_Collider_030fce48.png","1","9.88 x 0.29 x 9.88","FBX 원본 모델입니다. 같은 형태의 프리팹이 있으면 프리팹 우선 검토."
"Model","Heavy Station Kit","바닥·계단","복도, 화물칸, 방 입구, 공통 선체 마감","Floor_3_F.fbx","Assets/Heavy Station Kit/BASE/Meshes/Floors/Floor_3_F.fbx","thumbnails/objects/0433_model_Floor_3_F_53382866.png","1","10.07 x 0.32 x 10.07","FBX 원본 모델입니다. 같은 형태의 프리팹이 있으면 프리팹 우선 검토."
"Model","Heavy Station Kit","바닥·계단","복도, 화물칸, 방 입구, 공통 선체 마감","Floor_4.fbx","Assets/Heavy Station Kit/BASE/Meshes/Floors/Floor_4.fbx","thumbnails/objects/0434_model_Floor_4_a409d7ee.png","1","10.07 x 0.35 x 10.07","FBX 원본 모델입니다. 같은 형태의 프리팹이 있으면 프리팹 우선 검토."
"Model","Heavy Station Kit","바닥·계단","복도, 화물칸, 방 입구, 공통 선체 마감","Floor_4_C.fbx","Assets/Heavy Station Kit/BASE/Meshes/Floors/Floor_4_C.fbx","thumbnails/objects/0435_model_Floor_4_C_8a7b1294.png","1","10.07 x 0.35 x 10.07","FBX 원본 모델입니다. 같은 형태의 프리팹이 있으면 프리팹 우선 검토."
"Model","Heavy Station Kit","바닥·계단","복도, 화물칸, 방 입구, 공통 선체 마감","Floor_4_Collider.fbx","Assets/Heavy Station Kit/BASE/Meshes/Floors/Floor_4_Collider.fbx","thumbnails/objects/0436_model_Floor_4_Collider_77a288a7.png","1","9.88 x 0.29 x 9.88","FBX 원본 모델입니다. 같은 형태의 프리팹이 있으면 프리팹 우선 검토."
"Model","Heavy Station Kit","바닥·계단","복도, 화물칸, 방 입구, 공통 선체 마감","Floor_4_F.fbx","Assets/Heavy Station Kit/BASE/Meshes/Floors/Floor_4_F.fbx","thumbnails/objects/0437_model_Floor_4_F_2eefbe73.png","1","10.07 x 0.35 x 10.07","FBX 원본 모델입니다. 같은 형태의 프리팹이 있으면 프리팹 우선 검토."
"Model","Heavy Station Kit","바닥·계단","복도, 화물칸, 방 입구, 공통 선체 마감","Floor_5_base_Plate.fbx","Assets/Heavy Station Kit/BASE/Meshes/Floors/Floor_5_base_Plate.fbx","thumbnails/objects/0438_model_Floor_5_base_Plate_0dda4e7c.png","1","10 x 0.05 x 10","FBX 원본 모델입니다. 같은 형태의 프리팹이 있으면 프리팹 우선 검토."
"Model","Heavy Station Kit","바닥·계단","복도, 화물칸, 방 입구, 공통 선체 마감","Floor_5_base_TB.fbx","Assets/Heavy Station Kit/BASE/Meshes/Floors/Floor_5_base_TB.fbx","thumbnails/objects/0439_model_Floor_5_base_TB_57bb0a56.png","1","10 x 3.01 x 10","FBX 원본 모델입니다. 같은 형태의 프리팹이 있으면 프리팹 우선 검토."
"Model","Heavy Station Kit","바닥·계단","복도, 화물칸, 방 입구, 공통 선체 마감","Floor_5_base_TB_C.fbx","Assets/Heavy Station Kit/BASE/Meshes/Floors/Floor_5_base_TB_C.fbx","thumbnails/objects/0440_model_Floor_5_base_TB_C_f97b286c.png","1","10 x 3.01 x 10","FBX 원본 모델입니다. 같은 형태의 프리팹이 있으면 프리팹 우선 검토."
"Model","Heavy Station Kit","바닥·계단","복도, 화물칸, 방 입구, 공통 선체 마감","Floor_7.fbx","Assets/Heavy Station Kit/BASE/Meshes/Floors/Floor_7.fbx","thumbnails/objects/0441_model_Floor_7_7eb817fb.png","1","2.59 x 0.35 x 10.07","FBX 원본 모델입니다. 같은 형태의 프리팹이 있으면 프리팹 우선 검토."
"Model","Heavy Station Kit","바닥·계단","복도, 화물칸, 방 입구, 공통 선체 마감","Floor_7_C.fbx","Assets/Heavy Station Kit/BASE/Meshes/Floors/Floor_7_C.fbx","thumbnails/objects/0442_model_Floor_7_C_0aaa3bc1.png","1","2.59 x 0.35 x 10.07","FBX 원본 모델입니다. 같은 형태의 프리팹이 있으면 프리팹 우선 검토."
"Model","Heavy Station Kit","바닥·계단","복도, 화물칸, 방 입구, 공통 선체 마감","Floor_7_Collider.fbx","Assets/Heavy Station Kit/BASE/Meshes/Floors/Floor_7_Collider.fbx","thumbnails/objects/0443_model_Floor_7_Collider_aca5a194.png","1","2.49 x 0.29 x 9.88","FBX 원본 모델입니다. 같은 형태의 프리팹이 있으면 프리팹 우선 검토."
"Model","Heavy Station Kit","바닥·계단","복도, 화물칸, 방 입구, 공통 선체 마감","Floor_7_F.fbx","Assets/Heavy Station Kit/BASE/Meshes/Floors/Floor_7_F.fbx","thumbnails/objects/0444_model_Floor_7_F_8118399a.png","1","2.59 x 0.35 x 10.07","FBX 원본 모델입니다. 같은 형태의 프리팹이 있으면 프리팹 우선 검토."
"Model","Heavy Station Kit","바닥·계단","복도, 화물칸, 방 입구, 공통 선체 마감","Floor_beam_Col.fbx","Assets/Heavy Station Kit/BASE/Meshes/Floors/Floor_beam_Col.fbx","thumbnails/objects/0445_model_Floor_beam_Col_58644bd0.png","1","9.17 x 0.76 x 0.36","FBX 원본 모델입니다. 같은 형태의 프리팹이 있으면 프리팹 우선 검토."
"Model","Heavy Station Kit","바닥·계단","복도, 화물칸, 방 입구, 공통 선체 마감","Floor_Hexa2_beam.fbx","Assets/Heavy Station Kit/BASE/Meshes/Floors/Floor_Hexa2_beam.fbx","thumbnails/objects/0446_model_Floor_Hexa2_beam_b476f392.png","1","9.19 x 0.8 x 0.35","FBX 원본 모델입니다. 같은 형태의 프리팹이 있으면 프리팹 우선 검토."
"Model","Heavy Station Kit","바닥·계단","복도, 화물칸, 방 입구, 공통 선체 마감","Floor_Penta2_beam.fbx","Assets/Heavy Station Kit/BASE/Meshes/Floors/Floor_Penta2_beam.fbx","thumbnails/objects/0447_model_Floor_Penta2_beam_fe6d2a62.png","1","9.24 x 0.8 x 0.25","FBX 원본 모델입니다. 같은 형태의 프리팹이 있으면 프리팹 우선 검토."
"Model","Heavy Station Kit","바닥·계단","복도, 화물칸, 방 입구, 공통 선체 마감","St_1_1.fbx","Assets/Heavy Station Kit/BASE/Meshes/Stairs/Reinforced/St_1_1.fbx","thumbnails/objects/0448_model_St_1_1_1b199615.png","1","2 x 0.75 x 2","FBX 원본 모델입니다. 같은 형태의 프리팹이 있으면 프리팹 우선 검토."
"Model","Heavy Station Kit","바닥·계단","복도, 화물칸, 방 입구, 공통 선체 마감","St_1_2.fbx","Assets/Heavy Station Kit/BASE/Meshes/Stairs/Reinforced/St_1_2.fbx","thumbnails/objects/0449_model_St_1_2_402cf294.png","1","2 x 1.6 x 2.14","FBX 원본 모델입니다. 같은 형태의 프리팹이 있으면 프리팹 우선 검토."
"Model","Heavy Station Kit","바닥·계단","복도, 화물칸, 방 입구, 공통 선체 마감","St_1_3.fbx","Assets/Heavy Station Kit/BASE/Meshes/Stairs/Reinforced/St_1_3.fbx","thumbnails/objects/0450_model_St_1_3_ab5ca6bf.png","1","2 x 1.6 x 2.27","FBX 원본 모델입니다. 같은 형태의 프리팹이 있으면 프리팹 우선 검토."
"Model","Heavy Station Kit","바닥·계단","복도, 화물칸, 방 입구, 공통 선체 마감","St_1_Col.fbx","Assets/Heavy Station Kit/BASE/Meshes/Stairs/Reinforced/St_1_Col.fbx","thumbnails/objects/0451_model_St_1_Col_6a475b58.png","1","1.99 x 0.74 x 1.99","FBX 원본 모델입니다. 같은 형태의 프리팹이 있으면 프리팹 우선 검토."
"Model","Heavy Station Kit","바닥·계단","복도, 화물칸, 방 입구, 공통 선체 마감","St_2_1.fbx","Assets/Heavy Station Kit/BASE/Meshes/Stairs/Reinforced/St_2_1.fbx","thumbnails/objects/0452_model_St_2_1_d85add20.png","1","2 x 0.75 x 2","FBX 원본 모델입니다. 같은 형태의 프리팹이 있으면 프리팹 우선 검토."
"Model","Heavy Station Kit","바닥·계단","복도, 화물칸, 방 입구, 공통 선체 마감","St_2_Col.fbx","Assets/Heavy Station Kit/BASE/Meshes/Stairs/Reinforced/St_2_Col.fbx","thumbnails/objects/0453_model_St_2_Col_9fd269f1.png","1","2 x 0.74 x 2","FBX 원본 모델입니다. 같은 형태의 프리팹이 있으면 프리팹 우선 검토."
"Model","Heavy Station Kit","바닥·계단","복도, 화물칸, 방 입구, 공통 선체 마감","St_3_1.fbx","Assets/Heavy Station Kit/BASE/Meshes/Stairs/Reinforced/St_3_1.fbx","thumbnails/objects/0454_model_St_3_1_9c10ee43.png","1","2 x 0.75 x 2","FBX 원본 모델입니다. 같은 형태의 프리팹이 있으면 프리팹 우선 검토."
"Model","Heavy Station Kit","바닥·계단","복도, 화물칸, 방 입구, 공통 선체 마감","St_3_2.fbx","Assets/Heavy Station Kit/BASE/Meshes/Stairs/Reinforced/St_3_2.fbx","thumbnails/objects/0455_model_St_3_2_0921b896.png","1","2 x 1.6 x 2.14","FBX 원본 모델입니다. 같은 형태의 프리팹이 있으면 프리팹 우선 검토."
"Model","Heavy Station Kit","바닥·계단","복도, 화물칸, 방 입구, 공통 선체 마감","St_3_Col.fbx","Assets/Heavy Station Kit/BASE/Meshes/Stairs/Reinforced/St_3_Col.fbx","thumbnails/objects/0456_model_St_3_Col_a6966aee.png","1","1.99 x 0.74 x 1.99","FBX 원본 모델입니다. 같은 형태의 프리팹이 있으면 프리팹 우선 검토."
"Model","Heavy Station Kit","바닥·계단","복도, 화물칸, 방 입구, 공통 선체 마감","St_4_1.fbx","Assets/Heavy Station Kit/BASE/Meshes/Stairs/Reinforced/St_4_1.fbx","thumbnails/objects/0457_model_St_4_1_e2be9f7e.png","1","2 x 0.75 x 2","FBX 원본 모델입니다. 같은 형태의 프리팹이 있으면 프리팹 우선 검토."
"Model","Heavy Station Kit","바닥·계단","복도, 화물칸, 방 입구, 공통 선체 마감","St_4_2.fbx","Assets/Heavy Station Kit/BASE/Meshes/Stairs/Reinforced/St_4_2.fbx","thumbnails/objects/0458_model_St_4_2_f8aeb58b.png","1","2.14 x 1.6 x 2","FBX 원본 모델입니다. 같은 형태의 프리팹이 있으면 프리팹 우선 검토."
"Model","Heavy Station Kit","바닥·계단","복도, 화물칸, 방 입구, 공통 선체 마감","St_4_3.fbx","Assets/Heavy Station Kit/BASE/Meshes/Stairs/Reinforced/St_4_3.fbx","thumbnails/objects/0459_model_St_4_3_5d6c70b0.png","1","2 x 1.6 x 2.14","FBX 원본 모델입니다. 같은 형태의 프리팹이 있으면 프리팹 우선 검토."
"Model","Heavy Station Kit","바닥·계단","복도, 화물칸, 방 입구, 공통 선체 마감","St_4_4.fbx","Assets/Heavy Station Kit/BASE/Meshes/Stairs/Reinforced/St_4_4.fbx","thumbnails/objects/0460_model_St_4_4_47c09ead.png","1","2.14 x 1.6 x 2.14","FBX 원본 모델입니다. 같은 형태의 프리팹이 있으면 프리팹 우선 검토."
"Model","Heavy Station Kit","바닥·계단","복도, 화물칸, 방 입구, 공통 선체 마감","St_4_Col.fbx","Assets/Heavy Station Kit/BASE/Meshes/Stairs/Reinforced/St_4_Col.fbx","thumbnails/objects/0461_model_St_4_Col_0dbafc27.png","1","1.99 x 0.74 x 1.99","FBX 원본 모델입니다. 같은 형태의 프리팹이 있으면 프리팹 우선 검토."
"Model","Heavy Station Kit","바닥·계단","복도, 화물칸, 방 입구, 공통 선체 마감","St_5_1.fbx","Assets/Heavy Station Kit/BASE/Meshes/Stairs/Reinforced/St_5_1.fbx","thumbnails/objects/0462_model_St_5_1_5209ee49.png","1","2 x 0.75 x 2","FBX 원본 모델입니다. 같은 형태의 프리팹이 있으면 프리팹 우선 검토."
"Model","Heavy Station Kit","바닥·계단","복도, 화물칸, 방 입구, 공통 선체 마감","St_5_Col.fbx","Assets/Heavy Station Kit/BASE/Meshes/Stairs/Reinforced/St_5_Col.fbx","thumbnails/objects/0463_model_St_5_Col_03df3cbc.png","1","1.99 x 0.74 x 1.99","FBX 원본 모델입니다. 같은 형태의 프리팹이 있으면 프리팹 우선 검토."
"Model","Heavy Station Kit","바닥·계단","복도, 화물칸, 방 입구, 공통 선체 마감","St_6_1.fbx","Assets/Heavy Station Kit/BASE/Meshes/Stairs/Simple/St_6_1.fbx","thumbnails/objects/0464_model_St_6_1_d797fbd3.png","1","2 x 0.3 x 2","FBX 원본 모델입니다. 같은 형태의 프리팹이 있으면 프리팹 우선 검토."
"Model","Heavy Station Kit","바닥·계단","복도, 화물칸, 방 입구, 공통 선체 마감","St_6_2.fbx","Assets/Heavy Station Kit/BASE/Meshes/Stairs/Simple/St_6_2.fbx","thumbnails/objects/0465_model_St_6_2_42cc2de6.png","1","2 x 1.15 x 2.14","FBX 원본 모델입니다. 같은 형태의 프리팹이 있으면 프리팹 우선 검토."
"Model","Heavy Station Kit","바닥·계단","복도, 화물칸, 방 입구, 공통 선체 마감","St_6_3.fbx","Assets/Heavy Station Kit/BASE/Meshes/Stairs/Simple/St_6_3.fbx","thumbnails/objects/0466_model_St_6_3_c7289f09.png","1","2.14 x 1.15 x 2.14","FBX 원본 모델입니다. 같은 형태의 프리팹이 있으면 프리팹 우선 검토."
"Model","Heavy Station Kit","바닥·계단","복도, 화물칸, 방 입구, 공통 선체 마감","St_6_4.fbx","Assets/Heavy Station Kit/BASE/Meshes/Stairs/Simple/St_6_4.fbx","thumbnails/objects/0467_model_St_6_4_4bbd4174.png","1","2.27 x 1.15 x 2.14","FBX 원본 모델입니다. 같은 형태의 프리팹이 있으면 프리팹 우선 검토."
"Model","Heavy Station Kit","바닥·계단","복도, 화물칸, 방 입구, 공통 선체 마감","St_6_5.fbx","Assets/Heavy Station Kit/BASE/Meshes/Stairs/Simple/St_6_5.fbx","thumbnails/objects/0468_model_St_6_5_a0cd6d1f.png","1","2 x 1.15 x 2.27","FBX 원본 모델입니다. 같은 형태의 프리팹이 있으면 프리팹 우선 검토."
"Model","Heavy Station Kit","바닥·계단","복도, 화물칸, 방 입구, 공통 선체 마감","St_7_1.fbx","Assets/Heavy Station Kit/BASE/Meshes/Stairs/Simple/St_7_1.fbx","thumbnails/objects/0469_model_St_7_1_d28b2170.png","1","2 x 0.3 x 2","FBX 원본 모델입니다. 같은 형태의 프리팹이 있으면 프리팹 우선 검토."
"Model","Heavy Station Kit","바닥·계단","복도, 화물칸, 방 입구, 공통 선체 마감","St_7_Col.fbx","Assets/Heavy Station Kit/BASE/Meshes/Stairs/Simple/St_7_Col.fbx","thumbnails/objects/0470_model_St_7_Col_453bd561.png","1","1.99 x 0.29 x 1.99","FBX 원본 모델입니다. 같은 형태의 프리팹이 있으면 프리팹 우선 검토."
"Model","Heavy Station Kit","바닥·계단","복도, 화물칸, 방 입구, 공통 선체 마감","St_8_1.fbx","Assets/Heavy Station Kit/BASE/Meshes/Stairs/Simple/St_8_1.fbx","thumbnails/objects/0471_model_St_8_1_86cc12d1.png","1","1 x 0.3 x 2","FBX 원본 모델입니다. 같은 형태의 프리팹이 있으면 프리팹 우선 검토."
"Model","Heavy Station Kit","바닥·계단","복도, 화물칸, 방 입구, 공통 선체 마감","St_8_2.fbx","Assets/Heavy Station Kit/BASE/Meshes/Stairs/Simple/St_8_2.fbx","thumbnails/objects/0472_model_St_8_2_27f11720.png","1","1.14 x 1.15 x 2","FBX 원본 모델입니다. 같은 형태의 프리팹이 있으면 프리팹 우선 검토."
"Model","Heavy Station Kit","바닥·계단","복도, 화물칸, 방 입구, 공통 선체 마감","St_8_3.fbx","Assets/Heavy Station Kit/BASE/Meshes/Stairs/Simple/St_8_3.fbx","thumbnails/objects/0473_model_St_8_3_c378947b.png","1","1.27 x 1.15 x 2","FBX 원본 모델입니다. 같은 형태의 프리팹이 있으면 프리팹 우선 검토."
"Model","Heavy Station Kit","바닥·계단","복도, 화물칸, 방 입구, 공통 선체 마감","St_8_Col.fbx","Assets/Heavy Station Kit/BASE/Meshes/Stairs/Simple/St_8_Col.fbx","thumbnails/objects/0474_model_St_8_Col_59ea47c4.png","1","1 x 0.29 x 1.99","FBX 원본 모델입니다. 같은 형태의 프리팹이 있으면 프리팹 우선 검토."
"Model","Heavy Station Kit","바닥·계단","복도, 화물칸, 방 입구, 공통 선체 마감","St_10_1_A.fbx","Assets/Heavy Station Kit/BASE/Meshes/Stairs/Sloping/St_10_1_A.fbx","thumbnails/objects/0475_model_St_10_1_A_d7811fd0.png","1","2 x 2.18 x 2","FBX 원본 모델입니다. 같은 형태의 프리팹이 있으면 프리팹 우선 검토."
"Model","Heavy Station Kit","바닥·계단","복도, 화물칸, 방 입구, 공통 선체 마감","St_10_2_A.fbx","Assets/Heavy Station Kit/BASE/Meshes/Stairs/Sloping/St_10_2_A.fbx","thumbnails/objects/0476_model_St_10_2_A_37027f85.png","1","2.04 x 2.98 x 2.14","FBX 원본 모델입니다. 같은 형태의 프리팹이 있으면 프리팹 우선 검토."
"Model","Heavy Station Kit","바닥·계단","복도, 화물칸, 방 입구, 공통 선체 마감","St_10_3_A.fbx","Assets/Heavy Station Kit/BASE/Meshes/Stairs/Sloping/St_10_3_A.fbx","thumbnails/objects/0477_model_St_10_3_A_160479aa.png","1","2.04 x 2.98 x 2.14","FBX 원본 모델입니다. 같은 형태의 프리팹이 있으면 프리팹 우선 검토."
"Model","Heavy Station Kit","바닥·계단","복도, 화물칸, 방 입구, 공통 선체 마감","St_10_4_A.fbx","Assets/Heavy Station Kit/BASE/Meshes/Stairs/Sloping/St_10_4_A.fbx","thumbnails/objects/0478_model_St_10_4_A_4ce52ac7.png","1","2.04 x 2.98 x 2.27","FBX 원본 모델입니다. 같은 형태의 프리팹이 있으면 프리팹 우선 검토."
"Model","Heavy Station Kit","바닥·계단","복도, 화물칸, 방 입구, 공통 선체 마감","St_10_Col.fbx","Assets/Heavy Station Kit/BASE/Meshes/Stairs/Sloping/St_10_Col.fbx","thumbnails/objects/0479_model_St_10_Col_a38ddce9.png","1","1.99 x 2.17 x 1.99","FBX 원본 모델입니다. 같은 형태의 프리팹이 있으면 프리팹 우선 검토."
"Model","Heavy Station Kit","바닥·계단","복도, 화물칸, 방 입구, 공통 선체 마감","St_9_1_G.fbx","Assets/Heavy Station Kit/BASE/Meshes/Stairs/Sloping/St_9_1_G.fbx","thumbnails/objects/0480_model_St_9_1_G_6cd7c776.png","1","2 x 1.5 x 2","FBX 원본 모델입니다. 같은 형태의 프리팹이 있으면 프리팹 우선 검토."
"Model","Heavy Station Kit","바닥·계단","복도, 화물칸, 방 입구, 공통 선체 마감","St_9_2_G.fbx","Assets/Heavy Station Kit/BASE/Meshes/Stairs/Sloping/St_9_2_G.fbx","thumbnails/objects/0481_model_St_9_2_G_2148a09f.png","1","2 x 2.34 x 2.14","FBX 원본 모델입니다. 같은 형태의 프리팹이 있으면 프리팹 우선 검토."
"Model","Heavy Station Kit","바닥·계단","복도, 화물칸, 방 입구, 공통 선체 마감","St_9_3_G.fbx","Assets/Heavy Station Kit/BASE/Meshes/Stairs/Sloping/St_9_3_G.fbx","thumbnails/objects/0482_model_St_9_3_G_d3ad156c.png","1","2 x 2.34 x 2.14","FBX 원본 모델입니다. 같은 형태의 프리팹이 있으면 프리팹 우선 검토."
"Model","Heavy Station Kit","바닥·계단","복도, 화물칸, 방 입구, 공통 선체 마감","St_9_4_G.fbx","Assets/Heavy Station Kit/BASE/Meshes/Stairs/Sloping/St_9_4_G.fbx","thumbnails/objects/0483_model_St_9_4_G_ba6cea85.png","1","2 x 2.34 x 2.27","FBX 원본 모델입니다. 같은 형태의 프리팹이 있으면 프리팹 우선 검토."
"Model","Heavy Station Kit","바닥·계단","복도, 화물칸, 방 입구, 공통 선체 마감","St_9_Col.fbx","Assets/Heavy Station Kit/BASE/Meshes/Stairs/Sloping/St_9_Col.fbx","thumbnails/objects/0484_model_St_9_Col_dd9fc4a5.png","1","1.99 x 1.5 x 1.99","FBX 원본 모델입니다. 같은 형태의 프리팹이 있으면 프리팹 우선 검토."
"Model","Heavy Station Kit","바닥·계단","복도, 화물칸, 방 입구, 공통 선체 마감","B2_HR_1.fbx","Assets/Heavy Station Kit/BASE/Meshes/Stairs/ST_HandRail/B2_HR_1.fbx","thumbnails/objects/0485_model_B2_HR_1_62277da7.png","1","1.8 x 1.11 x 0.17","FBX 원본 모델입니다. 같은 형태의 프리팹이 있으면 프리팹 우선 검토."
"Model","Heavy Station Kit","바닥·계단","복도, 화물칸, 방 입구, 공통 선체 마감","B2_HR_1_Col.fbx","Assets/Heavy Station Kit/BASE/Meshes/Stairs/ST_HandRail/B2_HR_1_Col.fbx","thumbnails/objects/0486_model_B2_HR_1_Col_cc8733ca.png","1","1.82 x 1.14 x 0.2","FBX 원본 모델입니다. 같은 형태의 프리팹이 있으면 프리팹 우선 검토."
"Model","Heavy Station Kit","바닥·계단","복도, 화물칸, 방 입구, 공통 선체 마감","B2_HR_2.fbx","Assets/Heavy Station Kit/BASE/Meshes/Stairs/ST_HandRail/B2_HR_2.fbx","thumbnails/objects/0487_model_B2_HR_2_37fee5ea.png","1","1.98 x 1.82 x 0.17","FBX 원본 모델입니다. 같은 형태의 프리팹이 있으면 프리팹 우선 검토."
"Model","Heavy Station Kit","바닥·계단","복도, 화물칸, 방 입구, 공통 선체 마감","B2_HR_21.fbx","Assets/Heavy Station Kit/BASE/Meshes/Stairs/ST_HandRail/B2_HR_21.fbx","thumbnails/objects/0488_model_B2_HR_21_dd0f6b25.png","1","1.98 x 1.82 x 0.17","FBX 원본 모델입니다. 같은 형태의 프리팹이 있으면 프리팹 우선 검토."
"Model","Heavy Station Kit","바닥·계단","복도, 화물칸, 방 입구, 공통 선체 마감","B2_HR_21_Col.fbx","Assets/Heavy Station Kit/BASE/Meshes/Stairs/ST_HandRail/B2_HR_21_Col.fbx","thumbnails/objects/0489_model_B2_HR_21_Col_9e75308c.png","1","2.03 x 1.85 x 0.2","FBX 원본 모델입니다. 같은 형태의 프리팹이 있으면 프리팹 우선 검토."
"Model","Heavy Station Kit","바닥·계단","복도, 화물칸, 방 입구, 공통 선체 마감","B2_HR_2_Col.fbx","Assets/Heavy Station Kit/BASE/Meshes/Stairs/ST_HandRail/B2_HR_2_Col.fbx","thumbnails/objects/0490_model_B2_HR_2_Col_94eb193f.png","1","2.03 x 1.85 x 0.2","FBX 원본 모델입니다. 같은 형태의 프리팹이 있으면 프리팹 우선 검토."
"Model","Heavy Station Kit","벽·패널","복도, 화물칸, 방 입구, 공통 선체 마감","TD_base_outwall.fbx","Assets/Heavy Station Kit/BASE/Meshes/Top-Down/TD_base_outwall.fbx","thumbnails/objects/0491_model_TD_base_outwall_b1d7ba89.png","1","2.28 x 9.97 x 10.15","FBX 원본 모델입니다. 같은 형태의 프리팹이 있으면 프리팹 우선 검토."
"Model","Heavy Station Kit","벽·패널","복도, 화물칸, 방 입구, 공통 선체 마감","TD_base_outwall1.fbx","Assets/Heavy Station Kit/BASE/Meshes/Top-Down/TD_base_outwall1.fbx","thumbnails/objects/0492_model_TD_base_outwall1_09d7a268.png","1","3.1 x 9.97 x 10.15","FBX 원본 모델입니다. 같은 형태의 프리팹이 있으면 프리팹 우선 검토."
"Model","Heavy Station Kit","벽·패널","복도, 화물칸, 방 입구, 공통 선체 마감","TD_base_outwall1_Collider.fbx","Assets/Heavy Station Kit/BASE/Meshes/Top-Down/TD_base_outwall1_Collider.fbx","thumbnails/objects/0493_model_TD_base_outwall1_Collider_45bcd33d.png","1","3.1 x 9.97 x 10.15","FBX 원본 모델입니다. 같은 형태의 프리팹이 있으면 프리팹 우선 검토."
"Model","Heavy Station Kit","벽·패널","복도, 화물칸, 방 입구, 공통 선체 마감","TD_base_outwall_Collider.fbx","Assets/Heavy Station Kit/BASE/Meshes/Top-Down/TD_base_outwall_Collider.fbx","thumbnails/objects/0494_model_TD_base_outwall_Collider_0fbec756.png","1","2.28 x 9.97 x 10.15","FBX 원본 모델입니다. 같은 형태의 프리팹이 있으면 프리팹 우선 검토."
"Model","Heavy Station Kit","벽·패널","복도, 화물칸, 방 입구, 공통 선체 마감","TD_base_topwall.fbx","Assets/Heavy Station Kit/BASE/Meshes/Top-Down/TD_base_topwall.fbx","thumbnails/objects/0495_model_TD_base_topwall_ed42f246.png","1","2.24 x 0.35 x 10","FBX 원본 모델입니다. 같은 형태의 프리팹이 있으면 프리팹 우선 검토."
"Model","Heavy Station Kit","벽·패널","복도, 화물칸, 방 입구, 공통 선체 마감","TD_base_topwall2.fbx","Assets/Heavy Station Kit/BASE/Meshes/Top-Down/TD_base_topwall2.fbx","thumbnails/objects/0496_model_TD_base_topwall2_649fb998.png","1","2.45 x 2 x 10","FBX 원본 모델입니다. 같은 형태의 프리팹이 있으면 프리팹 우선 검토."
"Model","Heavy Station Kit","벽·패널","복도, 화물칸, 방 입구, 공통 선체 마감","TD_base_topwall2_Col.fbx","Assets/Heavy Station Kit/BASE/Meshes/Top-Down/TD_base_topwall2_Col.fbx","thumbnails/objects/0497_model_TD_base_topwall2_Col_48e04a31.png","1","2.45 x 1.99 x 10","FBX 원본 모델입니다. 같은 형태의 프리팹이 있으면 프리팹 우선 검토."
"Model","Heavy Station Kit","벽·패널","복도, 화물칸, 방 입구, 공통 선체 마감","TD_base_topwall3.fbx","Assets/Heavy Station Kit/BASE/Meshes/Top-Down/TD_base_topwall3.fbx","thumbnails/objects/0498_model_TD_base_topwall3_baf91b53.png","1","2.24 x 0.35 x 3.83","FBX 원본 모델입니다. 같은 형태의 프리팹이 있으면 프리팹 우선 검토."
"Model","Heavy Station Kit","벽·패널","복도, 화물칸, 방 입구, 공통 선체 마감","TD_base_topwall_Col.fbx","Assets/Heavy Station Kit/BASE/Meshes/Top-Down/TD_base_topwall_Col.fbx","thumbnails/objects/0499_model_TD_base_topwall_Col_adf60293.png","1","2.24 x 0.35 x 10","FBX 원본 모델입니다. 같은 형태의 프리팹이 있으면 프리팹 우선 검토."
"Model","Heavy Station Kit","벽·패널","복도, 화물칸, 방 입구, 공통 선체 마감","Walls Light.fbx","Assets/Heavy Station Kit/BASE/Meshes/Walls/Wall Lights/Walls Light.fbx","thumbnails/objects/0500_model_Walls_Light_b6a9eb5c.png","1","1.15 x 1.89 x 6.11","FBX 원본 모델입니다. 같은 형태의 프리팹이 있으면 프리팹 우선 검토."
"Model","Heavy Station Kit","벽·패널","복도, 화물칸, 방 입구, 공통 선체 마감","Walls Light_Col.fbx","Assets/Heavy Station Kit/BASE/Meshes/Walls/Wall Lights/Walls Light_Col.fbx","thumbnails/objects/0501_model_Walls_Light_Col_51fef29d.png","1","1.21 x 1.92 x 6.11","FBX 원본 모델입니다. 같은 형태의 프리팹이 있으면 프리팹 우선 검토."
"Model","Heavy Station Kit","장비·소품","무기실, 동력실, 통제실, 화물칸 장식","Eq1.fbx","Assets/Heavy Station Kit/BASE/Meshes/Equipment/Eq1.fbx","thumbnails/objects/0502_model_Eq1_44fc9f2b.png","1","0.34 x 0.83 x 0.73","FBX 원본 모델입니다. 같은 형태의 프리팹이 있으면 프리팹 우선 검토."
"Model","Heavy Station Kit","장비·소품","무기실, 동력실, 통제실, 화물칸 장식","Eq10.fbx","Assets/Heavy Station Kit/BASE/Meshes/Equipment/Eq10.fbx","thumbnails/objects/0503_model_Eq10_d8cf66b9.png","1","0.96 x 1.57 x 3.26","FBX 원본 모델입니다. 같은 형태의 프리팹이 있으면 프리팹 우선 검토."
"Model","Heavy Station Kit","장비·소품","무기실, 동력실, 통제실, 화물칸 장식","Eq10_C.fbx","Assets/Heavy Station Kit/BASE/Meshes/Equipment/Eq10_C.fbx","thumbnails/objects/0504_model_Eq10_C_8746bd5f.png","1","1.01 x 1.57 x 3.26","FBX 원본 모델입니다. 같은 형태의 프리팹이 있으면 프리팹 우선 검토."
"Model","Heavy Station Kit","장비·소품","무기실, 동력실, 통제실, 화물칸 장식","Eq2.fbx","Assets/Heavy Station Kit/BASE/Meshes/Equipment/Eq2.fbx","thumbnails/objects/0505_model_Eq2_2fbf4c9e.png","1","0.78 x 0.54 x 0.44","FBX 원본 모델입니다. 같은 형태의 프리팹이 있으면 프리팹 우선 검토."
"Model","Heavy Station Kit","장비·소품","무기실, 동력실, 통제실, 화물칸 장식","Eq20a.fbx","Assets/Heavy Station Kit/BASE/Meshes/Equipment/Eq20a.fbx","thumbnails/objects/0506_model_Eq20a_1e0ee771.png","1","7.39 x 0.14 x 7.39","FBX 원본 모델입니다. 같은 형태의 프리팹이 있으면 프리팹 우선 검토."
"Model","Heavy Station Kit","장비·소품","무기실, 동력실, 통제실, 화물칸 장식","Eq20a_Collider.fbx","Assets/Heavy Station Kit/BASE/Meshes/Equipment/Eq20a_Collider.fbx","thumbnails/objects/0507_model_Eq20a_Collider_be09c2de.png","1","7.63 x 0.21 x 7.63","FBX 원본 모델입니다. 같은 형태의 프리팹이 있으면 프리팹 우선 검토."
"Model","Heavy Station Kit","장비·소품","무기실, 동력실, 통제실, 화물칸 장식","Eq20b.fbx","Assets/Heavy Station Kit/BASE/Meshes/Equipment/Eq20b.fbx","thumbnails/objects/0508_model_Eq20b_daf976c0.png","1","6.01 x 3 x 6.01","FBX 원본 모델입니다. 같은 형태의 프리팹이 있으면 프리팹 우선 검토."
"Model","Heavy Station Kit","장비·소품","무기실, 동력실, 통제실, 화물칸 장식","Eq20b_Collider.fbx","Assets/Heavy Station Kit/BASE/Meshes/Equipment/Eq20b_Collider.fbx","thumbnails/objects/0509_model_Eq20b_Collider_ce4c6d35.png","1","6.08 x 3.03 x 6.08","FBX 원본 모델입니다. 같은 형태의 프리팹이 있으면 프리팹 우선 검토."
"Model","Heavy Station Kit","장비·소품","무기실, 동력실, 통제실, 화물칸 장식","Eq20c.fbx","Assets/Heavy Station Kit/BASE/Meshes/Equipment/Eq20c.fbx","thumbnails/objects/0510_model_Eq20c_60616b9b.png","1","7.82 x 10.23 x 7.82","FBX 원본 모델입니다. 같은 형태의 프리팹이 있으면 프리팹 우선 검토."
"Model","Heavy Station Kit","장비·소품","무기실, 동력실, 통제실, 화물칸 장식","Eq20c_Collider.fbx","Assets/Heavy Station Kit/BASE/Meshes/Equipment/Eq20c_Collider.fbx","thumbnails/objects/0511_model_Eq20c_Collider_f2d27134.png","1","8.63 x 10.42 x 8.63","FBX 원본 모델입니다. 같은 형태의 프리팹이 있으면 프리팹 우선 검토."
"Model","Heavy Station Kit","장비·소품","무기실, 동력실, 통제실, 화물칸 장식","Eq21.fbx","Assets/Heavy Station Kit/BASE/Meshes/Equipment/Eq21.fbx","thumbnails/objects/0512_model_Eq21_6e04d031.png","1","3.28 x 1.83 x 2.58","FBX 원본 모델입니다. 같은 형태의 프리팹이 있으면 프리팹 우선 검토."
"Model","Heavy Station Kit","장비·소품","무기실, 동력실, 통제실, 화물칸 장식","Eq21_Collider.fbx","Assets/Heavy Station Kit/BASE/Meshes/Equipment/Eq21_Collider.fbx","thumbnails/objects/0513_model_Eq21_Collider_c97be39e.png","1","3.33 x 1.89 x 2.67","FBX 원본 모델입니다. 같은 형태의 프리팹이 있으면 프리팹 우선 검토."
"Model","Heavy Station Kit","장비·소품","무기실, 동력실, 통제실, 화물칸 장식","Eq23c.fbx","Assets/Heavy Station Kit/BASE/Meshes/Equipment/Eq23c.fbx","thumbnails/objects/0514_model_Eq23c_3e858fa8.png","1","1.31 x 4.73 x 1.12","FBX 원본 모델입니다. 같은 형태의 프리팹이 있으면 프리팹 우선 검토."
"Model","Heavy Station Kit","장비·소품","무기실, 동력실, 통제실, 화물칸 장식","Eq23c_Collider.fbx","Assets/Heavy Station Kit/BASE/Meshes/Equipment/Eq23c_Collider.fbx","thumbnails/objects/0515_model_Eq23c_Collider_0c3c6d7d.png","1","1.35 x 4.75 x 1.09","FBX 원본 모델입니다. 같은 형태의 프리팹이 있으면 프리팹 우선 검토."
"Model","Heavy Station Kit","장비·소품","무기실, 동력실, 통제실, 화물칸 장식","Eq3.fbx","Assets/Heavy Station Kit/BASE/Meshes/Equipment/Eq3.fbx","thumbnails/objects/0516_model_Eq3_ce064381.png","1","0.73 x 1.22 x 0.62","FBX 원본 모델입니다. 같은 형태의 프리팹이 있으면 프리팹 우선 검토."
"Model","Heavy Station Kit","장비·소품","무기실, 동력실, 통제실, 화물칸 장식","Eq4.fbx","Assets/Heavy Station Kit/BASE/Meshes/Equipment/Eq4.fbx","thumbnails/objects/0517_model_Eq4_394fc3ec.png","1","0.29 x 1.06 x 2.32","FBX 원본 모델입니다. 같은 형태의 프리팹이 있으면 프리팹 우선 검토."
"Model","Heavy Station Kit","장비·소품","무기실, 동력실, 통제실, 화물칸 장식","Eq5.fbx","Assets/Heavy Station Kit/BASE/Meshes/Equipment/Eq5.fbx","thumbnails/objects/0518_model_Eq5_8be58697.png","1","0.84 x 3.23 x 0.6","FBX 원본 모델입니다. 같은 형태의 프리팹이 있으면 프리팹 우선 검토."
"Model","Heavy Station Kit","장비·소품","무기실, 동력실, 통제실, 화물칸 장식","Eq5_C.fbx","Assets/Heavy Station Kit/BASE/Meshes/Equipment/Eq5_C.fbx","thumbnails/objects/0519_model_Eq5_C_d24fadc5.png","1","0.87 x 3.23 x 0.6","FBX 원본 모델입니다. 같은 형태의 프리팹이 있으면 프리팹 우선 검토."
"Model","Heavy Station Kit","장비·소품","무기실, 동력실, 통제실, 화물칸 장식","Eq8.fbx","Assets/Heavy Station Kit/BASE/Meshes/Equipment/Eq8.fbx","thumbnails/objects/0520_model_Eq8_ef6b4f48.png","1","0.84 x 1.5 x 0.6","FBX 원본 모델입니다. 같은 형태의 프리팹이 있으면 프리팹 우선 검토."
"Model","Heavy Station Kit","장비·소품","무기실, 동력실, 통제실, 화물칸 장식","Eq8_C.fbx","Assets/Heavy Station Kit/BASE/Meshes/Equipment/Eq8_C.fbx","thumbnails/objects/0521_model_Eq8_C_d4a37f0e.png","1","0.87 x 1.51 x 0.6","FBX 원본 모델입니다. 같은 형태의 프리팹이 있으면 프리팹 우선 검토."
"Model","Heavy Station Kit","터미널·화면","조종실, 통제실, 무기실, 상점/정비 UI 배경 후보","B2_Disp_Cons.fbx","Assets/Heavy Station Kit/BASE/Meshes/Displays/B2_Disp_Cons.fbx","thumbnails/objects/0522_model_B2_Disp_Cons_0b9f3a52.png","1","0.31 x 0.37 x 0.38","FBX 원본 모델입니다. 같은 형태의 프리팹이 있으면 프리팹 우선 검토."
"Model","Heavy Station Kit","터미널·화면","조종실, 통제실, 무기실, 상점/정비 UI 배경 후보","B2_Eq_1.fbx","Assets/Heavy Station Kit/BASE/Meshes/Displays/B2_Eq_1.fbx","thumbnails/objects/0523_model_B2_Eq_1_c9ab025c.png","1","0.22 x 0.57 x 0.41","FBX 원본 모델입니다. 같은 형태의 프리팹이 있으면 프리팹 우선 검토."
"Model","Heavy Station Kit","터미널·화면","조종실, 통제실, 무기실, 상점/정비 UI 배경 후보","B2_Eq_2.fbx","Assets/Heavy Station Kit/BASE/Meshes/Displays/B2_Eq_2.fbx","thumbnails/objects/0524_model_B2_Eq_2_7626e37d.png","1","0.46 x 0 x 0.18","FBX 원본 모델입니다. 같은 형태의 프리팹이 있으면 프리팹 우선 검토."
"Model","Heavy Station Kit","터미널·화면","조종실, 통제실, 무기실, 상점/정비 UI 배경 후보","B2_EQ_23c.fbx","Assets/Heavy Station Kit/BASE/Meshes/Displays/B2_EQ_23c.fbx","thumbnails/objects/0525_model_B2_EQ_23c_b213f627.png","1","0.77 x 4.2 x 0.73","FBX 원본 모델입니다. 같은 형태의 프리팹이 있으면 프리팹 우선 검토."
"Model","Heavy Station Kit","터미널·화면","조종실, 통제실, 무기실, 상점/정비 UI 배경 후보","B2_Eq_3.fbx","Assets/Heavy Station Kit/BASE/Meshes/Displays/B2_Eq_3.fbx","thumbnails/objects/0526_model_B2_Eq_3_0d85200a.png","1","0.04 x 0.07 x 0.39","FBX 원본 모델입니다. 같은 형태의 프리팹이 있으면 프리팹 우선 검토."
"Model","Heavy Station Kit","터미널·화면","조종실, 통제실, 무기실, 상점/정비 UI 배경 후보","B2_Eq_4.fbx","Assets/Heavy Station Kit/BASE/Meshes/Displays/B2_Eq_4.fbx","thumbnails/objects/0527_model_B2_Eq_4_d5f7415b.png","1","0 x 1 x 2","FBX 원본 모델입니다. 같은 형태의 프리팹이 있으면 프리팹 우선 검토."
"Model","Heavy Station Kit","터미널·화면","조종실, 통제실, 무기실, 상점/정비 UI 배경 후보","B2_Eq_5.fbx","Assets/Heavy Station Kit/BASE/Meshes/Displays/B2_Eq_5.fbx","thumbnails/objects/0528_model_B2_Eq_5_508f4c80.png","1","0 x 1.04 x 0.34","FBX 원본 모델입니다. 같은 형태의 프리팹이 있으면 프리팹 우선 검토."
"Model","Heavy Station Kit","터미널·화면","조종실, 통제실, 무기실, 상점/정비 UI 배경 후보","B2_Eq_5D.fbx","Assets/Heavy Station Kit/BASE/Meshes/Displays/B2_Eq_5D.fbx","thumbnails/objects/0529_model_B2_Eq_5D_3b988a80.png","1","0.38 x 0.24 x 0.59","FBX 원본 모델입니다. 같은 형태의 프리팹이 있으면 프리팹 우선 검토."
"Model","Heavy Station Kit","터미널·화면","조종실, 통제실, 무기실, 상점/정비 UI 배경 후보","B2_Eq_5T.fbx","Assets/Heavy Station Kit/BASE/Meshes/Displays/B2_Eq_5T.fbx","thumbnails/objects/0530_model_B2_Eq_5T_2da4de30.png","1","0.38 x 0.24 x 0.59","FBX 원본 모델입니다. 같은 형태의 프리팹이 있으면 프리팹 우선 검토."
"Model","Heavy Station Kit","터미널·화면","조종실, 통제실, 무기실, 상점/정비 UI 배경 후보","B2_Eq_7.fbx","Assets/Heavy Station Kit/BASE/Meshes/Displays/B2_Eq_7.fbx","thumbnails/objects/0531_model_B2_Eq_7_1497494e.png","1","0 x 1.04 x 2.33","FBX 원본 모델입니다. 같은 형태의 프리팹이 있으면 프리팹 우선 검토."
"Model","Heavy Station Kit","터미널·화면","조종실, 통제실, 무기실, 상점/정비 UI 배경 후보","B2_TB_M1.fbx","Assets/Heavy Station Kit/BASE/Meshes/Displays/B2_TB_M1.fbx","thumbnails/objects/0532_model_B2_TB_M1_a91e4b3f.png","1","0.46 x 0 x 1.22","FBX 원본 모델입니다. 같은 형태의 프리팹이 있으면 프리팹 우선 검토."
"Model","Heavy Station Kit","터미널·화면","조종실, 통제실, 무기실, 상점/정비 UI 배경 후보","B2_TB_M2.fbx","Assets/Heavy Station Kit/BASE/Meshes/Displays/B2_TB_M2.fbx","thumbnails/objects/0533_model_B2_TB_M2_c3de96a2.png","1","0.46 x 0 x 1.22","FBX 원본 모델입니다. 같은 형태의 프리팹이 있으면 프리팹 우선 검토."
"Model","Heavy Station Kit","터미널·화면","조종실, 통제실, 무기실, 상점/정비 UI 배경 후보","B2_TB_M3.fbx","Assets/Heavy Station Kit/BASE/Meshes/Displays/B2_TB_M3.fbx","thumbnails/objects/0534_model_B2_TB_M3_18db3a95.png","1","0.46 x 0 x 1.22","FBX 원본 모델입니다. 같은 형태의 프리팹이 있으면 프리팹 우선 검토."
"Model","Heavy Station Kit","터미널·화면","조종실, 통제실, 무기실, 상점/정비 UI 배경 후보","B2_TB_S1.fbx","Assets/Heavy Station Kit/BASE/Meshes/Displays/B2_TB_S1.fbx","thumbnails/objects/0535_model_B2_TB_S1_25f40175.png","1","0.5 x 0 x 0.26","FBX 원본 모델입니다. 같은 형태의 프리팹이 있으면 프리팹 우선 검토."
"Model","Heavy Station Kit","터미널·화면","조종실, 통제실, 무기실, 상점/정비 UI 배경 후보","B2_TB_S2.fbx","Assets/Heavy Station Kit/BASE/Meshes/Displays/B2_TB_S2.fbx","thumbnails/objects/0536_model_B2_TB_S2_4b075df4.png","1","0.5 x 0 x 0.26","FBX 원본 모델입니다. 같은 형태의 프리팹이 있으면 프리팹 우선 검토."
"Model","Heavy Station Kit","터미널·화면","조종실, 통제실, 무기실, 상점/정비 UI 배경 후보","B2_TB_S3.fbx","Assets/Heavy Station Kit/BASE/Meshes/Displays/B2_TB_S3.fbx","thumbnails/objects/0537_model_B2_TB_S3_a017899f.png","1","0.5 x 0 x 0.26","FBX 원본 모델입니다. 같은 형태의 프리팹이 있으면 프리팹 우선 검토."
"Model","Heavy Station Kit","터미널·화면","조종실, 통제실, 무기실, 상점/정비 UI 배경 후보","B2_TD_PRT2.fbx","Assets/Heavy Station Kit/BASE/Meshes/Displays/B2_TD_PRT2.fbx","thumbnails/objects/0538_model_B2_TD_PRT2_2fb7a79b.png","1","0.87 x 0 x 1.45","FBX 원본 모델입니다. 같은 형태의 프리팹이 있으면 프리팹 우선 검토."
"Material","Heavy Station Kit","머티리얼","재질 후보, 색감/마모/발광 확인","Base Ground.mat","Assets/Heavy Station Kit/BASE/Materials/Base Ground/Base Ground.mat","thumbnails/materials/0032_material_Base_Ground_098036d9.png","1","1 x 1 x 1","머티리얼 파일입니다. 렌더러 적용 전 셰이더 호환성 확인 필요."
"Material","Heavy Station Kit","머티리얼","재질 후보, 색감/마모/발광 확인","_Base2_sky.mat","Assets/Heavy Station Kit/BASE/Materials/Base Sky/_Base2_sky.mat","thumbnails/materials/0033_material_Base2_sky_73dcc8eb.png","1","1 x 1 x 1","머티리얼 파일입니다. 렌더러 적용 전 셰이더 호환성 확인 필요."
"Material","Heavy Station Kit","머티리얼","재질 후보, 색감/마모/발광 확인","B2_Eq1.mat","Assets/Heavy Station Kit/BASE/Materials/Displays/B2_Eq1.mat","thumbnails/materials/0034_material_B2_Eq1_4f92ff50.png","1","1 x 1 x 1","머티리얼 파일입니다. 렌더러 적용 전 셰이더 호환성 확인 필요."
"Material","Heavy Station Kit","머티리얼","재질 후보, 색감/마모/발광 확인","B2_Eq2.mat","Assets/Heavy Station Kit/BASE/Materials/Displays/B2_Eq2.mat","thumbnails/materials/0035_material_B2_Eq2_8f52ccf5.png","1","1 x 1 x 1","머티리얼 파일입니다. 렌더러 적용 전 셰이더 호환성 확인 필요."
"Material","Heavy Station Kit","머티리얼","재질 후보, 색감/마모/발광 확인","B2_Eq3.mat","Assets/Heavy Station Kit/BASE/Materials/Displays/B2_Eq3.mat","thumbnails/materials/0036_material_B2_Eq3_f8a891e2.png","1","1 x 1 x 1","머티리얼 파일입니다. 렌더러 적용 전 셰이더 호환성 확인 필요."
"Material","Heavy Station Kit","머티리얼","재질 후보, 색감/마모/발광 확인","B2_Eq41.mat","Assets/Heavy Station Kit/BASE/Materials/Displays/B2_Eq41.mat","thumbnails/materials/0037_material_B2_Eq41_c289f9de.png","1","1 x 1 x 1","머티리얼 파일입니다. 렌더러 적용 전 셰이더 호환성 확인 필요."
"Material","Heavy Station Kit","머티리얼","재질 후보, 색감/마모/발광 확인","B2_Eq42.mat","Assets/Heavy Station Kit/BASE/Materials/Displays/B2_Eq42.mat","thumbnails/materials/0038_material_B2_Eq42_1a193d8f.png","1","1 x 1 x 1","머티리얼 파일입니다. 렌더러 적용 전 셰이더 호환성 확인 필요."
"Material","Heavy Station Kit","머티리얼","재질 후보, 색감/마모/발광 확인","B2_Eq51.mat","Assets/Heavy Station Kit/BASE/Materials/Displays/B2_Eq51.mat","thumbnails/materials/0039_material_B2_Eq51_324481df.png","1","1 x 1 x 1","머티리얼 파일입니다. 렌더러 적용 전 셰이더 호환성 확인 필요."
"Material","Heavy Station Kit","머티리얼","재질 후보, 색감/마모/발광 확인","B2_Eq52.mat","Assets/Heavy Station Kit/BASE/Materials/Displays/B2_Eq52.mat","thumbnails/materials/0040_material_B2_Eq52_fda3ee2e.png","1","1 x 1 x 1","머티리얼 파일입니다. 렌더러 적용 전 셰이더 호환성 확인 필요."
"Material","Heavy Station Kit","머티리얼","재질 후보, 색감/마모/발광 확인","B2_Eq5A1.mat","Assets/Heavy Station Kit/BASE/Materials/Displays/B2_Eq5A1.mat","thumbnails/materials/0041_material_B2_Eq5A1_e4995a76.png","1","1 x 1 x 1","머티리얼 파일입니다. 렌더러 적용 전 셰이더 호환성 확인 필요."
"Material","Heavy Station Kit","머티리얼","재질 후보, 색감/마모/발광 확인","B2_Eq5A2.mat","Assets/Heavy Station Kit/BASE/Materials/Displays/B2_Eq5A2.mat","thumbnails/materials/0042_material_B2_Eq5A2_a0b91b67.png","1","1 x 1 x 1","머티리얼 파일입니다. 렌더러 적용 전 셰이더 호환성 확인 필요."
"Material","Heavy Station Kit","머티리얼","재질 후보, 색감/마모/발광 확인","B2_Eq_23c.mat","Assets/Heavy Station Kit/BASE/Materials/Displays/B2_Eq_23c.mat","thumbnails/materials/0043_material_B2_Eq_23c_2a505382.png","1","1 x 1 x 1","머티리얼 파일입니다. 렌더러 적용 전 셰이더 호환성 확인 필요."
"Material","Heavy Station Kit","머티리얼","재질 후보, 색감/마모/발광 확인","B2_TB_Med.mat","Assets/Heavy Station Kit/BASE/Materials/Displays/B2_TB_Med.mat","thumbnails/materials/0044_material_B2_TB_Med_6059ef38.png","1","1 x 1 x 1","머티리얼 파일입니다. 렌더러 적용 전 셰이더 호환성 확인 필요."
"Material","Heavy Station Kit","머티리얼","재질 후보, 색감/마모/발광 확인","B2_TB_Small.mat","Assets/Heavy Station Kit/BASE/Materials/Displays/B2_TB_Small.mat","thumbnails/materials/0045_material_B2_TB_Small_4943b4c9.png","1","1 x 1 x 1","머티리얼 파일입니다. 렌더러 적용 전 셰이더 호환성 확인 필요."
"Material","Heavy Station Kit","머티리얼","재질 후보, 색감/마모/발광 확인","B2_TD_Part2.mat","Assets/Heavy Station Kit/BASE/Materials/Displays/B2_TD_Part2.mat","thumbnails/materials/0046_material_B2_TD_Part2_cd9d33fd.png","1","1 x 1 x 1","머티리얼 파일입니다. 렌더러 적용 전 셰이더 호환성 확인 필요."
"Material","Heavy Station Kit","머티리얼","재질 후보, 색감/마모/발광 확인","B2_EG_OFF.mat","Assets/Heavy Station Kit/BASE/Materials/Doors/B2_EG_OFF.mat","thumbnails/materials/0047_material_B2_EG_OFF_16f25927.png","1","1 x 1 x 1","머티리얼 파일입니다. 렌더러 적용 전 셰이더 호환성 확인 필요."
"Material","Heavy Station Kit","머티리얼","재질 후보, 색감/마모/발광 확인","B2_EG_ON.mat","Assets/Heavy Station Kit/BASE/Materials/Doors/B2_EG_ON.mat","thumbnails/materials/0048_material_B2_EG_ON_80623a2b.png","1","1 x 1 x 1","머티리얼 파일입니다. 렌더러 적용 전 셰이더 호환성 확인 필요."
"Material","Heavy Station Kit","머티리얼","재질 후보, 색감/마모/발광 확인","Glass_Dark.mat","Assets/Heavy Station Kit/BASE/Materials/Doors/Glass_Dark.mat","thumbnails/materials/0049_material_Glass_Dark_a243d00d.png","1","1 x 1 x 1","머티리얼 파일입니다. 렌더러 적용 전 셰이더 호환성 확인 필요."
"Material","Heavy Station Kit","머티리얼","재질 후보, 색감/마모/발광 확인","Glass_Green.mat","Assets/Heavy Station Kit/BASE/Materials/Doors/Glass_Green.mat","thumbnails/materials/0050_material_Glass_Green_4062dab8.png","1","1 x 1 x 1","머티리얼 파일입니다. 렌더러 적용 전 셰이더 호환성 확인 필요."
"Material","Heavy Station Kit","머티리얼","재질 후보, 색감/마모/발광 확인","Glass_Red.mat","Assets/Heavy Station Kit/BASE/Materials/Doors/Glass_Red.mat","thumbnails/materials/0051_material_Glass_Red_07869a38.png","1","1 x 1 x 1","머티리얼 파일입니다. 렌더러 적용 전 셰이더 호환성 확인 필요."
"Material","Heavy Station Kit","머티리얼","재질 후보, 색감/마모/발광 확인","B2_Eq0.mat","Assets/Heavy Station Kit/BASE/Materials/Equipment/B2_Eq0.mat","thumbnails/materials/0052_material_B2_Eq0_02ad7eea.png","1","1 x 1 x 1","머티리얼 파일입니다. 렌더러 적용 전 셰이더 호환성 확인 필요."
"Material","Heavy Station Kit","머티리얼","재질 후보, 색감/마모/발광 확인","B2_Eq1.mat","Assets/Heavy Station Kit/BASE/Materials/Equipment/B2_Eq1.mat","thumbnails/materials/0053_material_B2_Eq1_7c1030bd.png","1","1 x 1 x 1","머티리얼 파일입니다. 렌더러 적용 전 셰이더 호환성 확인 필요."
"Material","Heavy Station Kit","머티리얼","재질 후보, 색감/마모/발광 확인","B2_Eq2.mat","Assets/Heavy Station Kit/BASE/Materials/Equipment/B2_Eq2.mat","thumbnails/materials/0054_material_B2_Eq2_706a3858.png","1","1 x 1 x 1","머티리얼 파일입니다. 렌더러 적용 전 셰이더 호환성 확인 필요."
"Material","Heavy Station Kit","머티리얼","재질 후보, 색감/마모/발광 확인","B2_Eq3.mat","Assets/Heavy Station Kit/BASE/Materials/Equipment/B2_Eq3.mat","thumbnails/materials/0055_material_B2_Eq3_ffeadfab.png","1","1 x 1 x 1","머티리얼 파일입니다. 렌더러 적용 전 셰이더 호환성 확인 필요."
"Material","Heavy Station Kit","머티리얼","재질 후보, 색감/마모/발광 확인","B2_Eq4.mat","Assets/Heavy Station Kit/BASE/Materials/Equipment/B2_Eq4.mat","thumbnails/materials/0056_material_B2_Eq4_40f6f5fe.png","1","1 x 1 x 1","머티리얼 파일입니다. 렌더러 적용 전 셰이더 호환성 확인 필요."
"Material","Heavy Station Kit","머티리얼","재질 후보, 색감/마모/발광 확인","B2_Eq_Out.mat","Assets/Heavy Station Kit/BASE/Materials/Equipment/B2_Eq_Out.mat","thumbnails/materials/0057_material_B2_Eq_Out_8701c40d.png","1","1 x 1 x 1","머티리얼 파일입니다. 렌더러 적용 전 셰이더 호환성 확인 필요."
"Material","Heavy Station Kit","머티리얼","재질 후보, 색감/마모/발광 확인","B2_Eq_Out1.mat","Assets/Heavy Station Kit/BASE/Materials/Equipment/B2_Eq_Out1.mat","thumbnails/materials/0058_material_B2_Eq_Out1_2b38b240.png","1","1 x 1 x 1","머티리얼 파일입니다. 렌더러 적용 전 셰이더 호환성 확인 필요."
"Material","Heavy Station Kit","머티리얼","재질 후보, 색감/마모/발광 확인","B2_Floors.mat","Assets/Heavy Station Kit/BASE/Materials/Floors/B2_Floors.mat","thumbnails/materials/0059_material_B2_Floors_3894ba48.png","1","1 x 1 x 1","머티리얼 파일입니다. 렌더러 적용 전 셰이더 호환성 확인 필요."
"Material","Heavy Station Kit","머티리얼","재질 후보, 색감/마모/발광 확인","B2_Floors_PH.mat","Assets/Heavy Station Kit/BASE/Materials/Floors/B2_Floors_PH.mat","thumbnails/materials/0060_material_B2_Floors_PH_a2d2e159.png","1","1 x 1 x 1","머티리얼 파일입니다. 렌더러 적용 전 셰이더 호환성 확인 필요."
"Material","Heavy Station Kit","머티리얼","재질 후보, 색감/마모/발광 확인","B2_Props0.mat","Assets/Heavy Station Kit/BASE/Materials/Props/B2_Props0.mat","thumbnails/materials/0061_material_B2_Props0_4158932c.png","1","1 x 1 x 1","머티리얼 파일입니다. 렌더러 적용 전 셰이더 호환성 확인 필요."
"Material","Heavy Station Kit","머티리얼","재질 후보, 색감/마모/발광 확인","B2_Props1.mat","Assets/Heavy Station Kit/BASE/Materials/Props/B2_Props1.mat","thumbnails/materials/0062_material_B2_Props1_d13365bf.png","1","1 x 1 x 1","머티리얼 파일입니다. 렌더러 적용 전 셰이더 호환성 확인 필요."
"Material","Heavy Station Kit","머티리얼","재질 후보, 색감/마모/발광 확인","B2_Props2.mat","Assets/Heavy Station Kit/BASE/Materials/Props/B2_Props2.mat","thumbnails/materials/0063_material_B2_Props2_b52cc38e.png","1","1 x 1 x 1","머티리얼 파일입니다. 렌더러 적용 전 셰이더 호환성 확인 필요."
"Material","Heavy Station Kit","머티리얼","재질 후보, 색감/마모/발광 확인","B2_Props3.mat","Assets/Heavy Station Kit/BASE/Materials/Props/B2_Props3.mat","thumbnails/materials/0064_material_B2_Props3_2e8de261.png","1","1 x 1 x 1","머티리얼 파일입니다. 렌더러 적용 전 셰이더 호환성 확인 필요."
"Material","Heavy Station Kit","머티리얼","재질 후보, 색감/마모/발광 확인","B2_Props4.mat","Assets/Heavy Station Kit/BASE/Materials/Props/B2_Props4.mat","thumbnails/materials/0065_material_B2_Props4_902347a8.png","1","1 x 1 x 1","머티리얼 파일입니다. 렌더러 적용 전 셰이더 호환성 확인 필요."
"Material","Heavy Station Kit","머티리얼","재질 후보, 색감/마모/발광 확인","B2_Stairs.mat","Assets/Heavy Station Kit/BASE/Materials/Stairs/B2_Stairs.mat","thumbnails/materials/0066_material_B2_Stairs_6394ef4c.png","1","1 x 1 x 1","머티리얼 파일입니다. 렌더러 적용 전 셰이더 호환성 확인 필요."
"Material","Heavy Station Kit","머티리얼","재질 후보, 색감/마모/발광 확인","B2_Stairs_NL.mat","Assets/Heavy Station Kit/BASE/Materials/Stairs/B2_Stairs_NL.mat","thumbnails/materials/0067_material_B2_Stairs_NL_d68da5f3.png","1","1 x 1 x 1","머티리얼 파일입니다. 렌더러 적용 전 셰이더 호환성 확인 필요."
"Material","Heavy Station Kit","머티리얼","재질 후보, 색감/마모/발광 확인","B2_Top_Bottom.mat","Assets/Heavy Station Kit/BASE/Materials/Top-Bottom/B2_Top_Bottom.mat","thumbnails/materials/0068_material_B2_Top_Bottom_eeaafd9a.png","1","1 x 1 x 1","머티리얼 파일입니다. 렌더러 적용 전 셰이더 호환성 확인 필요."
"Material","Heavy Station Kit","머티리얼","재질 후보, 색감/마모/발광 확인","B2_TopDown.mat","Assets/Heavy Station Kit/BASE/Materials/Top-Down/B2_TopDown.mat","thumbnails/materials/0069_material_B2_TopDown_ba6b4dc9.png","1","1 x 1 x 1","머티리얼 파일입니다. 렌더러 적용 전 셰이더 호환성 확인 필요."
"Material","Heavy Station Kit","머티리얼","재질 후보, 색감/마모/발광 확인","B2_TopDown1.mat","Assets/Heavy Station Kit/BASE/Materials/Top-Down/B2_TopDown1.mat","thumbnails/materials/0070_material_B2_TopDown1_5acc83f4.png","1","1 x 1 x 1","머티리얼 파일입니다. 렌더러 적용 전 셰이더 호환성 확인 필요."
"Material","Heavy Station Kit","머티리얼","재질 후보, 색감/마모/발광 확인","B2_Walls0.mat","Assets/Heavy Station Kit/BASE/Materials/Walls/B2_Walls0.mat","thumbnails/materials/0071_material_B2_Walls0_57aac5ea.png","1","1 x 1 x 1","머티리얼 파일입니다. 렌더러 적용 전 셰이더 호환성 확인 필요."
"Material","Heavy Station Kit","머티리얼","재질 후보, 색감/마모/발광 확인","B2_Walls0_OffLight.mat","Assets/Heavy Station Kit/BASE/Materials/Walls/B2_Walls0_OffLight.mat","thumbnails/materials/0072_material_B2_Walls0_OffLight_e95bac1c.png","1","1 x 1 x 1","머티리얼 파일입니다. 렌더러 적용 전 셰이더 호환성 확인 필요."
"Material","Heavy Station Kit","머티리얼","재질 후보, 색감/마모/발광 확인","B2_Walls1.mat","Assets/Heavy Station Kit/BASE/Materials/Walls/B2_Walls1.mat","thumbnails/materials/0073_material_B2_Walls1_d10d77bd.png","1","1 x 1 x 1","머티리얼 파일입니다. 렌더러 적용 전 셰이더 호환성 확인 필요."
"Material","Heavy Station Kit","머티리얼","재질 후보, 색감/마모/발광 확인","B2_Walls2.mat","Assets/Heavy Station Kit/BASE/Materials/Walls/B2_Walls2.mat","thumbnails/materials/0074_material_B2_Walls2_c5677f58.png","1","1 x 1 x 1","머티리얼 파일입니다. 렌더러 적용 전 셰이더 호환성 확인 필요."
"Material","Heavy Station Kit","머티리얼","재질 후보, 색감/마모/발광 확인","B2_Walls3.mat","Assets/Heavy Station Kit/BASE/Materials/Walls/B2_Walls3.mat","thumbnails/materials/0075_material_B2_Walls3_54e826ab.png","1","1 x 1 x 1","머티리얼 파일입니다. 렌더러 적용 전 셰이더 호환성 확인 필요."
"Material","Heavy Station Kit","머티리얼","재질 후보, 색감/마모/발광 확인","B2_Walls4.mat","Assets/Heavy Station Kit/BASE/Materials/Walls/B2_Walls4.mat","thumbnails/materials/0076_material_B2_Walls4_95f43cfe.png","1","1 x 1 x 1","머티리얼 파일입니다. 렌더러 적용 전 셰이더 호환성 확인 필요."
"Material","Heavy Station Kit","머티리얼","재질 후보, 색감/마모/발광 확인","plate.mat","Assets/Heavy Station Kit/_common/Materials/plate.mat","thumbnails/materials/0077_material_plate_6cef7319.png","1","1 x 1 x 1","머티리얼 파일입니다. 렌더러 적용 전 셰이더 호환성 확인 필요."
"Material","Heavy Station Kit","머티리얼","재질 후보, 색감/마모/발광 확인","plate_b.mat","Assets/Heavy Station Kit/_common/Materials/plate_b.mat","thumbnails/materials/0078_material_plate_b_1eca342c.png","1","1 x 1 x 1","머티리얼 파일입니다. 렌더러 적용 전 셰이더 호환성 확인 필요."
"Material","Heavy Station Kit","머티리얼","재질 후보, 색감/마모/발광 확인","_Default.mat","Assets/Heavy Station Kit/_common/Materials/_Default.mat","thumbnails/materials/0079_material_Default_f47c29bd.png","1","1 x 1 x 1","머티리얼 파일입니다. 렌더러 적용 전 셰이더 호환성 확인 필요."
"Texture","Heavy Station Kit","텍스처/금속·거칠기","재질 후보, 색감/마모/발광 확인","2K-ground_12_metallic.png","Assets/Heavy Station Kit/BASE/Textures/Base Ground/2K-ground_12_metallic.png","thumbnails/textures/0105_texture_2K_ground_12_metallic_b8c72c7b.png","0","2048x2048","텍스처 파일입니다. 형태가 아니라 재질 후보로 보십시오."
"Texture","Heavy Station Kit","텍스처/금속·거칠기","재질 후보, 색감/마모/발광 확인","plate_S.png","Assets/Heavy Station Kit/_common/Textures/plate_S.png","thumbnails/textures/0106_texture_plate_S_2c3bc950.png","0","4096x4096","텍스처 파일입니다. 형태가 아니라 재질 후보로 보십시오."
"Texture","Heavy Station Kit","텍스처/노멀","재질 후보, 색감/마모/발광 확인","2K-ground_12_normal.png","Assets/Heavy Station Kit/BASE/Textures/Base Ground/2K-ground_12_normal.png","thumbnails/textures/0107_texture_2K_ground_12_normal_58428f61.png","0","2048x2048","텍스처 파일입니다. 형태가 아니라 재질 후보로 보십시오."
"Texture","Heavy Station Kit","텍스처/노멀","재질 후보, 색감/마모/발광 확인","B2_Glass_1024_N.png","Assets/Heavy Station Kit/BASE/Textures/Displays/B2_Glass_1024_N.png","thumbnails/textures/0108_texture_B2_Glass_1024_N_030145c1.png","0","1024x1024","텍스처 파일입니다. 형태가 아니라 재질 후보로 보십시오."
"Texture","Heavy Station Kit","텍스처/노멀","재질 후보, 색감/마모/발광 확인","B2_Glass_2048_N.png","Assets/Heavy Station Kit/BASE/Textures/Displays/B2_Glass_2048_N.png","thumbnails/textures/0109_texture_B2_Glass_2048_N_ba143de4.png","0","2048x2048","텍스처 파일입니다. 형태가 아니라 재질 후보로 보십시오."
"Texture","Heavy Station Kit","텍스처/노멀","재질 후보, 색감/마모/발광 확인","B2_Glass_512_N.png","Assets/Heavy Station Kit/BASE/Textures/Displays/B2_Glass_512_N.png","thumbnails/textures/0110_texture_B2_Glass_512_N_6de3e71e.png","0","512x512","텍스처 파일입니다. 형태가 아니라 재질 후보로 보십시오."
"Texture","Heavy Station Kit","텍스처/노멀","재질 후보, 색감/마모/발광 확인","GlassB_256_N.png","Assets/Heavy Station Kit/BASE/Textures/Doors/GlassB_256_N.png","thumbnails/textures/0111_texture_GlassB_256_N_056178f0.png","0","256x256","텍스처 파일입니다. 형태가 아니라 재질 후보로 보십시오."
"Texture","Heavy Station Kit","텍스처/노멀","재질 후보, 색감/마모/발광 확인","B2_Eq_N.png","Assets/Heavy Station Kit/BASE/Textures/Equipment/B2_Eq_N.png","thumbnails/textures/0112_texture_B2_Eq_N_a300ffde.png","0","4096x4096","텍스처 파일입니다. 형태가 아니라 재질 후보로 보십시오."
"Texture","Heavy Station Kit","텍스처/노멀","재질 후보, 색감/마모/발광 확인","B2_Eq_Out1_N.png","Assets/Heavy Station Kit/BASE/Textures/Equipment/B2_Eq_Out1_N.png","thumbnails/textures/0113_texture_B2_Eq_Out1_N_caa5bba0.png","0","4096x4096","텍스처 파일입니다. 형태가 아니라 재질 후보로 보십시오."
"Texture","Heavy Station Kit","텍스처/노멀","재질 후보, 색감/마모/발광 확인","B2_Eq_Out_N.png","Assets/Heavy Station Kit/BASE/Textures/Equipment/B2_Eq_Out_N.png","thumbnails/textures/0114_texture_B2_Eq_Out_N_badfd115.png","0","4096x4096","텍스처 파일입니다. 형태가 아니라 재질 후보로 보십시오."
"Texture","Heavy Station Kit","텍스처/노멀","재질 후보, 색감/마모/발광 확인","B2_Floors_N.png","Assets/Heavy Station Kit/BASE/Textures/Floors/B2_Floors_N.png","thumbnails/textures/0115_texture_B2_Floors_N_81a2d0d0.png","0","4096x4096","텍스처 파일입니다. 형태가 아니라 재질 후보로 보십시오."
"Texture","Heavy Station Kit","텍스처/노멀","재질 후보, 색감/마모/발광 확인","B2_Floors_PH_N.png","Assets/Heavy Station Kit/BASE/Textures/Floors/B2_Floors_PH_N.png","thumbnails/textures/0116_texture_B2_Floors_PH_N_326815e1.png","0","4096x4096","텍스처 파일입니다. 형태가 아니라 재질 후보로 보십시오."
"Texture","Heavy Station Kit","텍스처/노멀","재질 후보, 색감/마모/발광 확인","B2_Props_N.png","Assets/Heavy Station Kit/BASE/Textures/Props/B2_Props_N.png","thumbnails/textures/0117_texture_B2_Props_N_16b0938c.png","0","2048x2048","텍스처 파일입니다. 형태가 아니라 재질 후보로 보십시오."
"Texture","Heavy Station Kit","텍스처/노멀","재질 후보, 색감/마모/발광 확인","B2_Stairs_N.png","Assets/Heavy Station Kit/BASE/Textures/Stairs/B2_Stairs_N.png","thumbnails/textures/0118_texture_B2_Stairs_N_64d54e64.png","0","4096x4096","텍스처 파일입니다. 형태가 아니라 재질 후보로 보십시오."
"Texture","Heavy Station Kit","텍스처/노멀","재질 후보, 색감/마모/발광 확인","B2_Top_Bottom_N.png","Assets/Heavy Station Kit/BASE/Textures/Top-Bottom/B2_Top_Bottom_N.png","thumbnails/textures/0119_texture_B2_Top_Bottom_N_590a81ba.png","0","4096x4096","텍스처 파일입니다. 형태가 아니라 재질 후보로 보십시오."
"Texture","Heavy Station Kit","텍스처/노멀","재질 후보, 색감/마모/발광 확인","B2_TopDown1_N.png","Assets/Heavy Station Kit/BASE/Textures/Top-Down/B2_TopDown1_N.png","thumbnails/textures/0120_texture_B2_TopDown1_N_b8275764.png","0","4096x4096","텍스처 파일입니다. 형태가 아니라 재질 후보로 보십시오."
"Texture","Heavy Station Kit","텍스처/노멀","재질 후보, 색감/마모/발광 확인","B2_TopDown_N.png","Assets/Heavy Station Kit/BASE/Textures/Top-Down/B2_TopDown_N.png","thumbnails/textures/0121_texture_B2_TopDown_N_44a7a461.png","0","4096x4096","텍스처 파일입니다. 형태가 아니라 재질 후보로 보십시오."
"Texture","Heavy Station Kit","텍스처/노멀","재질 후보, 색감/마모/발광 확인","B2_Walls0_N.png","Assets/Heavy Station Kit/BASE/Textures/Walls/B2_Walls0_N.png","thumbnails/textures/0122_texture_B2_Walls0_N_fa944b72.png","0","4096x4096","텍스처 파일입니다. 형태가 아니라 재질 후보로 보십시오."
"Texture","Heavy Station Kit","텍스처/노멀","재질 후보, 색감/마모/발광 확인","B2_Walls1_N.png","Assets/Heavy Station Kit/BASE/Textures/Walls/B2_Walls1_N.png","thumbnails/textures/0123_texture_B2_Walls1_N_1469075d.png","0","4096x4096","텍스처 파일입니다. 형태가 아니라 재질 후보로 보십시오."
"Texture","Heavy Station Kit","텍스처/노멀","재질 후보, 색감/마모/발광 확인","B2_Walls2_N.png","Assets/Heavy Station Kit/BASE/Textures/Walls/B2_Walls2_N.png","thumbnails/textures/0124_texture_B2_Walls2_N_9a2fb7d8.png","0","4096x4096","텍스처 파일입니다. 형태가 아니라 재질 후보로 보십시오."
"Texture","Heavy Station Kit","텍스처/노멀","재질 후보, 색감/마모/발광 확인","B2_Walls3_N.png","Assets/Heavy Station Kit/BASE/Textures/Walls/B2_Walls3_N.png","thumbnails/textures/0125_texture_B2_Walls3_N_ecde8d83.png","0","4096x4096","텍스처 파일입니다. 형태가 아니라 재질 후보로 보십시오."
"Texture","Heavy Station Kit","텍스처/노멀","재질 후보, 색감/마모/발광 확인","B2_Walls4_N.png","Assets/Heavy Station Kit/BASE/Textures/Walls/B2_Walls4_N.png","thumbnails/textures/0126_texture_B2_Walls4_N_21dd710e.png","0","4096x4096","텍스처 파일입니다. 형태가 아니라 재질 후보로 보십시오."
"Texture","Heavy Station Kit","텍스처/노멀","재질 후보, 색감/마모/발광 확인","plate_N.png","Assets/Heavy Station Kit/_common/Textures/plate_N.png","thumbnails/textures/0127_texture_plate_N_dbf32597.png","0","4096x4096","텍스처 파일입니다. 형태가 아니라 재질 후보로 보십시오."
"Texture","Heavy Station Kit","텍스처/색상","재질 후보, 색감/마모/발광 확인","2K-ground_12_basecolor.png","Assets/Heavy Station Kit/BASE/Textures/Base Ground/2K-ground_12_basecolor.png","thumbnails/textures/0128_texture_2K_ground_12_basecolor_fe7de98c.png","0","2048x2048","텍스처 파일입니다. 형태가 아니라 재질 후보로 보십시오."
"Texture","Heavy Station Kit","텍스처/색상","재질 후보, 색감/마모/발광 확인","Base2_back.png","Assets/Heavy Station Kit/BASE/Textures/Base Sky/Base2_back.png","thumbnails/textures/0129_texture_Base2_back_17693e33.png","0","2048x2048","텍스처 파일입니다. 형태가 아니라 재질 후보로 보십시오."
"Texture","Heavy Station Kit","텍스처/색상","재질 후보, 색감/마모/발광 확인","Base2_down.png","Assets/Heavy Station Kit/BASE/Textures/Base Sky/Base2_down.png","thumbnails/textures/0130_texture_Base2_down_415e3e00.png","0","2048x2048","텍스처 파일입니다. 형태가 아니라 재질 후보로 보십시오."
"Texture","Heavy Station Kit","텍스처/색상","재질 후보, 색감/마모/발광 확인","Base2_front.png","Assets/Heavy Station Kit/BASE/Textures/Base Sky/Base2_front.png","thumbnails/textures/0131_texture_Base2_front_a1afc26d.png","0","2048x2048","텍스처 파일입니다. 형태가 아니라 재질 후보로 보십시오."
"Texture","Heavy Station Kit","텍스처/색상","재질 후보, 색감/마모/발광 확인","Base2_left.png","Assets/Heavy Station Kit/BASE/Textures/Base Sky/Base2_left.png","thumbnails/textures/0132_texture_Base2_left_6c76a765.png","0","2048x2048","텍스처 파일입니다. 형태가 아니라 재질 후보로 보십시오."
"Texture","Heavy Station Kit","텍스처/색상","재질 후보, 색감/마모/발광 확인","Base2_right.png","Assets/Heavy Station Kit/BASE/Textures/Base Sky/Base2_right.png","thumbnails/textures/0133_texture_Base2_right_408e5ef0.png","0","2048x2048","텍스처 파일입니다. 형태가 아니라 재질 후보로 보십시오."
"Texture","Heavy Station Kit","텍스처/색상","재질 후보, 색감/마모/발광 확인","Base2_up.png","Assets/Heavy Station Kit/BASE/Textures/Base Sky/Base2_up.png","thumbnails/textures/0134_texture_Base2_up_f36a3e95.png","0","2048x2048","텍스처 파일입니다. 형태가 아니라 재질 후보로 보십시오."
"Texture","Heavy Station Kit","텍스처/색상","재질 후보, 색감/마모/발광 확인","B2_Eq1_E.png","Assets/Heavy Station Kit/BASE/Textures/Displays/B2_Eq1_E.png","thumbnails/textures/0135_texture_B2_Eq1_E_c6e21439.png","0","1024x1024","텍스처 파일입니다. 형태가 아니라 재질 후보로 보십시오."
"Texture","Heavy Station Kit","텍스처/색상","재질 후보, 색감/마모/발광 확인","B2_Eq2_E.png","Assets/Heavy Station Kit/BASE/Textures/Displays/B2_Eq2_E.png","thumbnails/textures/0136_texture_B2_Eq2_E_b9351eac.png","0","512x512","텍스처 파일입니다. 형태가 아니라 재질 후보로 보십시오."
"Texture","Heavy Station Kit","텍스처/색상","재질 후보, 색감/마모/발광 확인","B2_Eq3_E.png","Assets/Heavy Station Kit/BASE/Textures/Displays/B2_Eq3_E.png","thumbnails/textures/0137_texture_B2_Eq3_E_50681177.png","0","512x512","텍스처 파일입니다. 형태가 아니라 재질 후보로 보십시오."
"Texture","Heavy Station Kit","텍스처/색상","재질 후보, 색감/마모/발광 확인","B2_Eq41_E.png","Assets/Heavy Station Kit/BASE/Textures/Displays/B2_Eq41_E.png","thumbnails/textures/0138_texture_B2_Eq41_E_750d29b3.png","0","2048x2048","텍스처 파일입니다. 형태가 아니라 재질 후보로 보십시오."
"Texture","Heavy Station Kit","텍스처/색상","재질 후보, 색감/마모/발광 확인","B2_Eq42_E.png","Assets/Heavy Station Kit/BASE/Textures/Displays/B2_Eq42_E.png","thumbnails/textures/0139_texture_B2_Eq42_E_19a6720a.png","0","2048x2048","텍스처 파일입니다. 형태가 아니라 재질 후보로 보십시오."
"Texture","Heavy Station Kit","텍스처/색상","재질 후보, 색감/마모/발광 확인","B2_Eq51_E.png","Assets/Heavy Station Kit/BASE/Textures/Displays/B2_Eq51_E.png","thumbnails/textures/0140_texture_B2_Eq51_E_cb63443a.png","0","512x512","텍스처 파일입니다. 형태가 아니라 재질 후보로 보십시오."
"Texture","Heavy Station Kit","텍스처/색상","재질 후보, 색감/마모/발광 확인","B2_Eq52_E.png","Assets/Heavy Station Kit/BASE/Textures/Displays/B2_Eq52_E.png","thumbnails/textures/0141_texture_B2_Eq52_E_5d17de23.png","0","512x512","텍스처 파일입니다. 형태가 아니라 재질 후보로 보십시오."
"Texture","Heavy Station Kit","텍스처/색상","재질 후보, 색감/마모/발광 확인","B2_Eq5A1_E.png","Assets/Heavy Station Kit/BASE/Textures/Displays/B2_Eq5A1_E.png","thumbnails/textures/0142_texture_B2_Eq5A1_E_c4523a23.png","0","1024x1024","텍스처 파일입니다. 형태가 아니라 재질 후보로 보십시오."
"Texture","Heavy Station Kit","텍스처/색상","재질 후보, 색감/마모/발광 확인","B2_Eq5A2_E.png","Assets/Heavy Station Kit/BASE/Textures/Displays/B2_Eq5A2_E.png","thumbnails/textures/0143_texture_B2_Eq5A2_E_329da03a.png","0","1024x1024","텍스처 파일입니다. 형태가 아니라 재질 후보로 보십시오."
"Texture","Heavy Station Kit","텍스처/색상","재질 후보, 색감/마모/발광 확인","B2_Eq_23c.png","Assets/Heavy Station Kit/BASE/Textures/Displays/B2_Eq_23c.png","thumbnails/textures/0144_texture_B2_Eq_23c_83a0249b.png","0","512x512","텍스처 파일입니다. 형태가 아니라 재질 후보로 보십시오."
"Texture","Heavy Station Kit","텍스처/색상","재질 후보, 색감/마모/발광 확인","B2_Glass_1024_M.tga","Assets/Heavy Station Kit/BASE/Textures/Displays/B2_Glass_1024_M.tga","thumbnails/textures/0145_texture_B2_Glass_1024_M_cdb7e403.png","0","1024x1024","텍스처 파일입니다. 형태가 아니라 재질 후보로 보십시오."
"Texture","Heavy Station Kit","텍스처/색상","재질 후보, 색감/마모/발광 확인","B2_Glass_2048_M.tga","Assets/Heavy Station Kit/BASE/Textures/Displays/B2_Glass_2048_M.tga","thumbnails/textures/0146_texture_B2_Glass_2048_M_2f60617a.png","0","2048x2048","텍스처 파일입니다. 형태가 아니라 재질 후보로 보십시오."
"Texture","Heavy Station Kit","텍스처/색상","재질 후보, 색감/마모/발광 확인","B2_Glass_512_M.tga","Assets/Heavy Station Kit/BASE/Textures/Displays/B2_Glass_512_M.tga","thumbnails/textures/0147_texture_B2_Glass_512_M_1f92a1d4.png","0","512x512","텍스처 파일입니다. 형태가 아니라 재질 후보로 보십시오."
"Texture","Heavy Station Kit","텍스처/색상","재질 후보, 색감/마모/발광 확인","B2_TB_Med.png","Assets/Heavy Station Kit/BASE/Textures/Displays/B2_TB_Med.png","thumbnails/textures/0148_texture_B2_TB_Med_73898841.png","0","512x512","텍스처 파일입니다. 형태가 아니라 재질 후보로 보십시오."
"Texture","Heavy Station Kit","텍스처/색상","재질 후보, 색감/마모/발광 확인","B2_TB_Small.png","Assets/Heavy Station Kit/BASE/Textures/Displays/B2_TB_Small.png","thumbnails/textures/0149_texture_B2_TB_Small_9b30f214.png","0","512x512","텍스처 파일입니다. 형태가 아니라 재질 후보로 보십시오."
"Texture","Heavy Station Kit","텍스처/색상","재질 후보, 색감/마모/발광 확인","B2_TD_Part2.png","Assets/Heavy Station Kit/BASE/Textures/Displays/B2_TD_Part2.png","thumbnails/textures/0150_texture_B2_TD_Part2_d40d63c0.png","0","1024x1024","텍스처 파일입니다. 형태가 아니라 재질 후보로 보십시오."
"Texture","Heavy Station Kit","텍스처/색상","재질 후보, 색감/마모/발광 확인","B2_TD_Part2_E.png","Assets/Heavy Station Kit/BASE/Textures/Displays/B2_TD_Part2_E.png","thumbnails/textures/0151_texture_B2_TD_Part2_E_4aa95ea4.png","0","1024x1024","텍스처 파일입니다. 형태가 아니라 재질 후보로 보십시오."
"Texture","Heavy Station Kit","텍스처/색상","재질 후보, 색감/마모/발광 확인","Base2_Energy_Net_E.png","Assets/Heavy Station Kit/BASE/Textures/Doors/Base2_Energy_Net_E.png","thumbnails/textures/0152_texture_Base2_Energy_Net_E_4127280f.png","0","512x512","텍스처 파일입니다. 형태가 아니라 재질 후보로 보십시오."
"Texture","Heavy Station Kit","텍스처/색상","재질 후보, 색감/마모/발광 확인","Door_GA_E.png","Assets/Heavy Station Kit/BASE/Textures/Doors/Door_GA_E.png","thumbnails/textures/0153_texture_Door_GA_E_22f05cb8.png","0","512x512","텍스처 파일입니다. 형태가 아니라 재질 후보로 보십시오."
"Texture","Heavy Station Kit","텍스처/색상","재질 후보, 색감/마모/발광 확인","Door_Glass_E.png","Assets/Heavy Station Kit/BASE/Textures/Doors/Door_Glass_E.png","thumbnails/textures/0154_texture_Door_Glass_E_571b35de.png","0","512x512","텍스처 파일입니다. 형태가 아니라 재질 후보로 보십시오."
"Texture","Heavy Station Kit","텍스처/색상","재질 후보, 색감/마모/발광 확인","Door_G_None.png","Assets/Heavy Station Kit/BASE/Textures/Doors/Door_G_None.png","thumbnails/textures/0155_texture_Door_G_None_f4ff73e4.png","0","512x512","텍스처 파일입니다. 형태가 아니라 재질 후보로 보십시오."
"Texture","Heavy Station Kit","텍스처/색상","재질 후보, 색감/마모/발광 확인","B2_Eq0_A.png","Assets/Heavy Station Kit/BASE/Textures/Equipment/B2_Eq0_A.png","thumbnails/textures/0156_texture_B2_Eq0_A_e5c176db.png","0","4096x4096","텍스처 파일입니다. 형태가 아니라 재질 후보로 보십시오."
"Texture","Heavy Station Kit","텍스처/색상","재질 후보, 색감/마모/발광 확인","B2_Eq1_A.png","Assets/Heavy Station Kit/BASE/Textures/Equipment/B2_Eq1_A.png","thumbnails/textures/0157_texture_B2_Eq1_A_8087df10.png","0","4096x4096","텍스처 파일입니다. 형태가 아니라 재질 후보로 보십시오."
"Texture","Heavy Station Kit","텍스처/색상","재질 후보, 색감/마모/발광 확인","B2_Eq2_A.png","Assets/Heavy Station Kit/BASE/Textures/Equipment/B2_Eq2_A.png","thumbnails/textures/0158_texture_B2_Eq2_A_8f67c095.png","0","4096x4096","텍스처 파일입니다. 형태가 아니라 재질 후보로 보십시오."
"Texture","Heavy Station Kit","텍스처/색상","재질 후보, 색감/마모/발광 확인","B2_Eq3_A.png","Assets/Heavy Station Kit/BASE/Textures/Equipment/B2_Eq3_A.png","thumbnails/textures/0159_texture_B2_Eq3_A_97037dca.png","0","4096x4096","텍스처 파일입니다. 형태가 아니라 재질 후보로 보십시오."
"Texture","Heavy Station Kit","텍스처/색상","재질 후보, 색감/마모/발광 확인","B2_Eq4_A.png","Assets/Heavy Station Kit/BASE/Textures/Equipment/B2_Eq4_A.png","thumbnails/textures/0160_texture_B2_Eq4_A_50d668df.png","0","4096x4096","텍스처 파일입니다. 형태가 아니라 재질 후보로 보십시오."
"Texture","Heavy Station Kit","텍스처/색상","재질 후보, 색감/마모/발광 확인","B2_Eq_AO.png","Assets/Heavy Station Kit/BASE/Textures/Equipment/B2_Eq_AO.png","thumbnails/textures/0161_texture_B2_Eq_AO_ba11f26a.png","0","4096x4096","텍스처 파일입니다. 형태가 아니라 재질 후보로 보십시오."
"Texture","Heavy Station Kit","텍스처/색상","재질 후보, 색감/마모/발광 확인","B2_Eq_E.png","Assets/Heavy Station Kit/BASE/Textures/Equipment/B2_Eq_E.png","thumbnails/textures/0162_texture_B2_Eq_E_d5b09153.png","0","4096x4096","텍스처 파일입니다. 형태가 아니라 재질 후보로 보십시오."
"Texture","Heavy Station Kit","텍스처/색상","재질 후보, 색감/마모/발광 확인","B2_Eq_M.tga","Assets/Heavy Station Kit/BASE/Textures/Equipment/B2_Eq_M.tga","thumbnails/textures/0163_texture_B2_Eq_M_5233be94.png","0","4096x4096","텍스처 파일입니다. 형태가 아니라 재질 후보로 보십시오."
"Texture","Heavy Station Kit","텍스처/색상","재질 후보, 색감/마모/발광 확인","B2_Eq_Out1_A.png","Assets/Heavy Station Kit/BASE/Textures/Equipment/B2_Eq_Out1_A.png","thumbnails/textures/0164_texture_B2_Eq_Out1_A_03bb25fd.png","0","4096x4096","텍스처 파일입니다. 형태가 아니라 재질 후보로 보십시오."
"Texture","Heavy Station Kit","텍스처/색상","재질 후보, 색감/마모/발광 확인","B2_Eq_Out1_AO.png","Assets/Heavy Station Kit/BASE/Textures/Equipment/B2_Eq_Out1_AO.png","thumbnails/textures/0165_texture_B2_Eq_Out1_AO_f643dff0.png","0","4096x4096","텍스처 파일입니다. 형태가 아니라 재질 후보로 보십시오."
"Texture","Heavy Station Kit","텍스처/색상","재질 후보, 색감/마모/발광 확인","B2_Eq_Out1_E.png","Assets/Heavy Station Kit/BASE/Textures/Equipment/B2_Eq_Out1_E.png","thumbnails/textures/0166_texture_B2_Eq_Out1_E_949521d1.png","0","2048x2048","텍스처 파일입니다. 형태가 아니라 재질 후보로 보십시오."
"Texture","Heavy Station Kit","텍스처/색상","재질 후보, 색감/마모/발광 확인","B2_Eq_Out1_M.tga","Assets/Heavy Station Kit/BASE/Textures/Equipment/B2_Eq_Out1_M.tga","thumbnails/textures/0167_texture_B2_Eq_Out1_M_67f43446.png","0","4096x4096","텍스처 파일입니다. 형태가 아니라 재질 후보로 보십시오."
"Texture","Heavy Station Kit","텍스처/색상","재질 후보, 색감/마모/발광 확인","B2_Eq_Out_A.png","Assets/Heavy Station Kit/BASE/Textures/Equipment/B2_Eq_Out_A.png","thumbnails/textures/0168_texture_B2_Eq_Out_A_b7407168.png","0","4096x4096","텍스처 파일입니다. 형태가 아니라 재질 후보로 보십시오."
"Texture","Heavy Station Kit","텍스처/색상","재질 후보, 색감/마모/발광 확인","B2_Eq_Out_AO.png","Assets/Heavy Station Kit/BASE/Textures/Equipment/B2_Eq_Out_AO.png","thumbnails/textures/0169_texture_B2_Eq_Out_AO_38cdce3f.png","0","4096x4096","텍스처 파일입니다. 형태가 아니라 재질 후보로 보십시오."
"Texture","Heavy Station Kit","텍스처/색상","재질 후보, 색감/마모/발광 확인","B2_Eq_Out_M.tga","Assets/Heavy Station Kit/BASE/Textures/Equipment/B2_Eq_Out_M.tga","thumbnails/textures/0170_texture_B2_Eq_Out_M_2688d3b7.png","0","4096x4096","텍스처 파일입니다. 형태가 아니라 재질 후보로 보십시오."
"Texture","Heavy Station Kit","텍스처/색상","재질 후보, 색감/마모/발광 확인","B2_Floors_A.png","Assets/Heavy Station Kit/BASE/Textures/Floors/B2_Floors_A.png","thumbnails/textures/0171_texture_B2_Floors_A_bb12666d.png","0","4096x4096","텍스처 파일입니다. 형태가 아니라 재질 후보로 보십시오."
"Texture","Heavy Station Kit","텍스처/색상","재질 후보, 색감/마모/발광 확인","B2_Floors_AO.png","Assets/Heavy Station Kit/BASE/Textures/Floors/B2_Floors_AO.png","thumbnails/textures/0172_texture_B2_Floors_AO_80a94400.png","0","4096x4096","텍스처 파일입니다. 형태가 아니라 재질 후보로 보십시오."
"Texture","Heavy Station Kit","텍스처/색상","재질 후보, 색감/마모/발광 확인","B2_Floors_E.png","Assets/Heavy Station Kit/BASE/Textures/Floors/B2_Floors_E.png","thumbnails/textures/0173_texture_B2_Floors_E_49b731c1.png","0","4096x4096","텍스처 파일입니다. 형태가 아니라 재질 후보로 보십시오."
"Texture","Heavy Station Kit","텍스처/색상","재질 후보, 색감/마모/발광 확인","B2_Floors_M.tga","Assets/Heavy Station Kit/BASE/Textures/Floors/B2_Floors_M.tga","thumbnails/textures/0174_texture_B2_Floors_M_1c76e076.png","0","4096x4096","텍스처 파일입니다. 형태가 아니라 재질 후보로 보십시오."
"Texture","Heavy Station Kit","텍스처/색상","재질 후보, 색감/마모/발광 확인","B2_Floors_PH_A.png","Assets/Heavy Station Kit/BASE/Textures/Floors/B2_Floors_PH_A.png","thumbnails/textures/0175_texture_B2_Floors_PH_A_7c9f9d5c.png","0","4096x4096","텍스처 파일입니다. 형태가 아니라 재질 후보로 보십시오."
"Texture","Heavy Station Kit","텍스처/색상","재질 후보, 색감/마모/발광 확인","B2_Floors_PH_AO.png","Assets/Heavy Station Kit/BASE/Textures/Floors/B2_Floors_PH_AO.png","thumbnails/textures/0176_texture_B2_Floors_PH_AO_9efd5b33.png","0","4096x4096","텍스처 파일입니다. 형태가 아니라 재질 후보로 보십시오."
"Texture","Heavy Station Kit","텍스처/색상","재질 후보, 색감/마모/발광 확인","B2_Floors_PH_M.tga","Assets/Heavy Station Kit/BASE/Textures/Floors/B2_Floors_PH_M.tga","thumbnails/textures/0177_texture_B2_Floors_PH_M_ff991d23.png","0","4096x4096","텍스처 파일입니다. 형태가 아니라 재질 후보로 보십시오."
"Texture","Heavy Station Kit","텍스처/색상","재질 후보, 색감/마모/발광 확인","B2_Props0_A.png","Assets/Heavy Station Kit/BASE/Textures/Props/B2_Props0_A.png","thumbnails/textures/0178_texture_B2_Props0_A_27940821.png","0","2048x2048","텍스처 파일입니다. 형태가 아니라 재질 후보로 보십시오."
"Texture","Heavy Station Kit","텍스처/색상","재질 후보, 색감/마모/발광 확인","B2_Props1_A.png","Assets/Heavy Station Kit/BASE/Textures/Props/B2_Props1_A.png","thumbnails/textures/0179_texture_B2_Props1_A_ba6241f6.png","0","2048x2048","텍스처 파일입니다. 형태가 아니라 재질 후보로 보십시오."
"Texture","Heavy Station Kit","텍스처/색상","재질 후보, 색감/마모/발광 확인","B2_Props2_A.png","Assets/Heavy Station Kit/BASE/Textures/Props/B2_Props2_A.png","thumbnails/textures/0180_texture_B2_Props2_A_857c0df7.png","0","2048x2048","텍스처 파일입니다. 형태가 아니라 재질 후보로 보십시오."
"Texture","Heavy Station Kit","텍스처/색상","재질 후보, 색감/마모/발광 확인","B2_Props3_A.png","Assets/Heavy Station Kit/BASE/Textures/Props/B2_Props3_A.png","thumbnails/textures/0181_texture_B2_Props3_A_3a5356ec.png","0","2048x2048","텍스처 파일입니다. 형태가 아니라 재질 후보로 보십시오."
"Texture","Heavy Station Kit","텍스처/색상","재질 후보, 색감/마모/발광 확인","B2_Props4_A.png","Assets/Heavy Station Kit/BASE/Textures/Props/B2_Props4_A.png","thumbnails/textures/0182_texture_B2_Props4_A_801edf6d.png","0","2048x2048","텍스처 파일입니다. 형태가 아니라 재질 후보로 보십시오."
"Texture","Heavy Station Kit","텍스처/색상","재질 후보, 색감/마모/발광 확인","B2_Props_AO.png","Assets/Heavy Station Kit/BASE/Textures/Props/B2_Props_AO.png","thumbnails/textures/0183_texture_B2_Props_AO_66a0b584.png","0","2048x2048","텍스처 파일입니다. 형태가 아니라 재질 후보로 보십시오."
"Texture","Heavy Station Kit","텍스처/색상","재질 후보, 색감/마모/발광 확인","B2_Props_E.png","Assets/Heavy Station Kit/BASE/Textures/Props/B2_Props_E.png","thumbnails/textures/0184_texture_B2_Props_E_404ea9bd.png","0","2048x2048","텍스처 파일입니다. 형태가 아니라 재질 후보로 보십시오."
"Texture","Heavy Station Kit","텍스처/색상","재질 후보, 색감/마모/발광 확인","B2_Props_M.tga","Assets/Heavy Station Kit/BASE/Textures/Props/B2_Props_M.tga","thumbnails/textures/0185_texture_B2_Props_M_9fe4d132.png","0","2048x2048","텍스처 파일입니다. 형태가 아니라 재질 후보로 보십시오."
"Texture","Heavy Station Kit","텍스처/색상","재질 후보, 색감/마모/발광 확인","B2_Stairs_A.png","Assets/Heavy Station Kit/BASE/Textures/Stairs/B2_Stairs_A.png","thumbnails/textures/0186_texture_B2_Stairs_A_1a7cd9d9.png","0","4096x4096","텍스처 파일입니다. 형태가 아니라 재질 후보로 보십시오."
"Texture","Heavy Station Kit","텍스처/색상","재질 후보, 색감/마모/발광 확인","B2_Stairs_AO.png","Assets/Heavy Station Kit/BASE/Textures/Stairs/B2_Stairs_AO.png","thumbnails/textures/0187_texture_B2_Stairs_AO_461f0acc.png","0","4096x4096","텍스처 파일입니다. 형태가 아니라 재질 후보로 보십시오."
"Texture","Heavy Station Kit","텍스처/색상","재질 후보, 색감/마모/발광 확인","B2_Stairs_E.png","Assets/Heavy Station Kit/BASE/Textures/Stairs/B2_Stairs_E.png","thumbnails/textures/0188_texture_B2_Stairs_E_c04195a5.png","0","4096x4096","텍스처 파일입니다. 형태가 아니라 재질 후보로 보십시오."
"Texture","Heavy Station Kit","텍스처/색상","재질 후보, 색감/마모/발광 확인","B2_Stairs_M.tga","Assets/Heavy Station Kit/BASE/Textures/Stairs/B2_Stairs_M.tga","thumbnails/textures/0189_texture_B2_Stairs_M_da2171fa.png","0","4096x4096","텍스처 파일입니다. 형태가 아니라 재질 후보로 보십시오."
"Texture","Heavy Station Kit","텍스처/색상","재질 후보, 색감/마모/발광 확인","B2_Top_Bottom_A.png","Assets/Heavy Station Kit/BASE/Textures/Top-Bottom/B2_Top_Bottom_A.png","thumbnails/textures/0190_texture_B2_Top_Bottom_A_7ce08fc3.png","0","4096x4096","텍스처 파일입니다. 형태가 아니라 재질 후보로 보십시오."
"Texture","Heavy Station Kit","텍스처/색상","재질 후보, 색감/마모/발광 확인","B2_Top_Bottom_AO.png","Assets/Heavy Station Kit/BASE/Textures/Top-Bottom/B2_Top_Bottom_AO.png","thumbnails/textures/0191_texture_B2_Top_Bottom_AO_ddaa5e1e.png","0","4096x4096","텍스처 파일입니다. 형태가 아니라 재질 후보로 보십시오."
"Texture","Heavy Station Kit","텍스처/색상","재질 후보, 색감/마모/발광 확인","B2_Top_Bottom_M.tga","Assets/Heavy Station Kit/BASE/Textures/Top-Bottom/B2_Top_Bottom_M.tga","thumbnails/textures/0192_texture_B2_Top_Bottom_M_7a27cda0.png","0","4096x4096","텍스처 파일입니다. 형태가 아니라 재질 후보로 보십시오."
"Texture","Heavy Station Kit","텍스처/색상","재질 후보, 색감/마모/발광 확인","B2_TopDown1_A.png","Assets/Heavy Station Kit/BASE/Textures/Top-Down/B2_TopDown1_A.png","thumbnails/textures/0193_texture_B2_TopDown1_A_6dcee2d9.png","0","4096x4096","텍스처 파일입니다. 형태가 아니라 재질 후보로 보십시오."
"Texture","Heavy Station Kit","텍스처/색상","재질 후보, 색감/마모/발광 확인","B2_TopDown1_AO.png","Assets/Heavy Station Kit/BASE/Textures/Top-Down/B2_TopDown1_AO.png","thumbnails/textures/0194_texture_B2_TopDown1_AO_704335cc.png","0","4096x4096","텍스처 파일입니다. 형태가 아니라 재질 후보로 보십시오."
"Texture","Heavy Station Kit","텍스처/색상","재질 후보, 색감/마모/발광 확인","B2_TopDown1_E.png","Assets/Heavy Station Kit/BASE/Textures/Top-Down/B2_TopDown1_E.png","thumbnails/textures/0195_texture_B2_TopDown1_E_13939ea5.png","0","4096x4096","텍스처 파일입니다. 형태가 아니라 재질 후보로 보십시오."
"Texture","Heavy Station Kit","텍스처/색상","재질 후보, 색감/마모/발광 확인","B2_TopDown1_M.tga","Assets/Heavy Station Kit/BASE/Textures/Top-Down/B2_TopDown1_M.tga","thumbnails/textures/0196_texture_B2_TopDown1_M_2d737afa.png","0","4096x4096","텍스처 파일입니다. 형태가 아니라 재질 후보로 보십시오."
"Texture","Heavy Station Kit","텍스처/색상","재질 후보, 색감/마모/발광 확인","B2_TopDown_A.png","Assets/Heavy Station Kit/BASE/Textures/Top-Down/B2_TopDown_A.png","thumbnails/textures/0197_texture_B2_TopDown_A_8edf2bdc.png","0","4096x4096","텍스처 파일입니다. 형태가 아니라 재질 후보로 보십시오."
"Texture","Heavy Station Kit","텍스처/색상","재질 후보, 색감/마모/발광 확인","B2_TopDown_AO.png","Assets/Heavy Station Kit/BASE/Textures/Top-Down/B2_TopDown_AO.png","thumbnails/textures/0198_texture_B2_TopDown_AO_d90aaeb3.png","0","4096x4096","텍스처 파일입니다. 형태가 아니라 재질 후보로 보십시오."
"Texture","Heavy Station Kit","텍스처/색상","재질 후보, 색감/마모/발광 확인","B2_TopDown_E.png","Assets/Heavy Station Kit/BASE/Textures/Top-Down/B2_TopDown_E.png","thumbnails/textures/0199_texture_B2_TopDown_E_7fc06ff0.png","0","4096x4096","텍스처 파일입니다. 형태가 아니라 재질 후보로 보십시오."
"Texture","Heavy Station Kit","텍스처/색상","재질 후보, 색감/마모/발광 확인","B2_TopDown_M.tga","Assets/Heavy Station Kit/BASE/Textures/Top-Down/B2_TopDown_M.tga","thumbnails/textures/0200_texture_B2_TopDown_M_11d8aba3.png","0","4096x4096","텍스처 파일입니다. 형태가 아니라 재질 후보로 보십시오."
"Texture","Heavy Station Kit","텍스처/색상","재질 후보, 색감/마모/발광 확인","B2_Walls0_A.png","Assets/Heavy Station Kit/BASE/Textures/Walls/B2_Walls0_A.png","thumbnails/textures/0201_texture_B2_Walls0_A_0aa2818b.png","0","4096x4096","텍스처 파일입니다. 형태가 아니라 재질 후보로 보십시오."
"Texture","Heavy Station Kit","텍스처/색상","재질 후보, 색감/마모/발광 확인","B2_Walls0_M.tga","Assets/Heavy Station Kit/BASE/Textures/Walls/B2_Walls0_M.tga","thumbnails/textures/0202_texture_B2_Walls0_M_04ba7128.png","0","4096x4096","텍스처 파일입니다. 형태가 아니라 재질 후보로 보십시오."
"Texture","Heavy Station Kit","텍스처/색상","재질 후보, 색감/마모/발광 확인","B2_Walls1_A.png","Assets/Heavy Station Kit/BASE/Textures/Walls/B2_Walls1_A.png","thumbnails/textures/0203_texture_B2_Walls1_A_c2055500.png","0","4096x4096","텍스처 파일입니다. 형태가 아니라 재질 후보로 보십시오."
"Texture","Heavy Station Kit","텍스처/색상","재질 후보, 색감/마모/발광 확인","B2_Walls1_M.tga","Assets/Heavy Station Kit/BASE/Textures/Walls/B2_Walls1_M.tga","thumbnails/textures/0204_texture_B2_Walls1_M_bdd086ef.png","0","4096x4096","텍스처 파일입니다. 형태가 아니라 재질 후보로 보십시오."
"Texture","Heavy Station Kit","텍스처/색상","재질 후보, 색감/마모/발광 확인","B2_Walls2_A.png","Assets/Heavy Station Kit/BASE/Textures/Walls/B2_Walls2_A.png","thumbnails/textures/0205_texture_B2_Walls2_A_9d89df05.png","0","4096x4096","텍스처 파일입니다. 형태가 아니라 재질 후보로 보십시오."
"Texture","Heavy Station Kit","텍스처/색상","재질 후보, 색감/마모/발광 확인","B2_Walls2_M.tga","Assets/Heavy Station Kit/BASE/Textures/Walls/B2_Walls2_M.tga","thumbnails/textures/0206_texture_B2_Walls2_M_edf146ee.png","0","4096x4096","텍스처 파일입니다. 형태가 아니라 재질 후보로 보십시오."
"Texture","Heavy Station Kit","텍스처/색상","재질 후보, 색감/마모/발광 확인","B2_Walls3_A.png","Assets/Heavy Station Kit/BASE/Textures/Walls/B2_Walls3_A.png","thumbnails/textures/0207_texture_B2_Walls3_A_afbbca7a.png","0","4096x4096","텍스처 파일입니다. 형태가 아니라 재질 후보로 보십시오."
"Texture","Heavy Station Kit","텍스처/색상","재질 후보, 색감/마모/발광 확인","B2_Walls3_M.tga","Assets/Heavy Station Kit/BASE/Textures/Walls/B2_Walls3_M.tga","thumbnails/textures/0208_texture_B2_Walls3_M_c538c3c5.png","0","4096x4096","텍스처 파일입니다. 형태가 아니라 재질 후보로 보십시오."
"Texture","Heavy Station Kit","텍스처/색상","재질 후보, 색감/마모/발광 확인","B2_Walls4_A.png","Assets/Heavy Station Kit/BASE/Textures/Walls/B2_Walls4_A.png","thumbnails/textures/0209_texture_B2_Walls4_A_66ce718f.png","0","4096x4096","텍스처 파일입니다. 형태가 아니라 재질 후보로 보십시오."
"Texture","Heavy Station Kit","텍스처/색상","재질 후보, 색감/마모/발광 확인","B2_Walls4_M.tga","Assets/Heavy Station Kit/BASE/Textures/Walls/B2_Walls4_M.tga","thumbnails/textures/0210_texture_B2_Walls4_M_7b370e04.png","0","4096x4096","텍스처 파일입니다. 형태가 아니라 재질 후보로 보십시오."
"Texture","Heavy Station Kit","텍스처/색상","재질 후보, 색감/마모/발광 확인","B2_Walls_AO.png","Assets/Heavy Station Kit/BASE/Textures/Walls/B2_Walls_AO.png","thumbnails/textures/0211_texture_B2_Walls_AO_60bc687a.png","0","4096x4096","텍스처 파일입니다. 형태가 아니라 재질 후보로 보십시오."
"Texture","Heavy Station Kit","텍스처/색상","재질 후보, 색감/마모/발광 확인","B2_Walls_E.png","Assets/Heavy Station Kit/BASE/Textures/Walls/B2_Walls_E.png","thumbnails/textures/0212_texture_B2_Walls_E_ea82cfc3.png","0","4096x4096","텍스처 파일입니다. 형태가 아니라 재질 후보로 보십시오."
"Texture","Heavy Station Kit","텍스처/색상","재질 후보, 색감/마모/발광 확인","B2_Door_Mode.png","Assets/Heavy Station Kit/_common/Textures/GUI/B2_Door_Mode.png","thumbnails/textures/0213_texture_B2_Door_Mode_32db1a1d.png","0","400x80","텍스처 파일입니다. 형태가 아니라 재질 후보로 보십시오."
"Texture","Heavy Station Kit","텍스처/색상","재질 후보, 색감/마모/발광 확인","B2_Power.png","Assets/Heavy Station Kit/_common/Textures/GUI/B2_Power.png","thumbnails/textures/0214_texture_B2_Power_92a0771e.png","0","400x80","텍스처 파일입니다. 형태가 아니라 재질 후보로 보십시오."
"Texture","Heavy Station Kit","텍스처/색상","재질 후보, 색감/마모/발광 확인","C2_ElC2BuDn.png","Assets/Heavy Station Kit/_common/Textures/GUI/C2_ElC2BuDn.png","thumbnails/textures/0215_texture_C2_ElC2BuDn_09d6182f.png","0","336x24","텍스처 파일입니다. 형태가 아니라 재질 후보로 보십시오."
"Texture","Heavy Station Kit","텍스처/색상","재질 후보, 색감/마모/발광 확인","C2_ElC2BuFl1.png","Assets/Heavy Station Kit/_common/Textures/GUI/C2_ElC2BuFl1.png","thumbnails/textures/0216_texture_C2_ElC2BuFl1_26482254.png","0","336x36","텍스처 파일입니다. 형태가 아니라 재질 후보로 보십시오."
"Texture","Heavy Station Kit","텍스처/색상","재질 후보, 색감/마모/발광 확인","C2_ElC2BuUp.png","Assets/Heavy Station Kit/_common/Textures/GUI/C2_ElC2BuUp.png","thumbnails/textures/0217_texture_C2_ElC2BuUp_9eee1818.png","0","336x24","텍스처 파일입니다. 형태가 아니라 재질 후보로 보십시오."
"Texture","Heavy Station Kit","텍스처/색상","재질 후보, 색감/마모/발광 확인","C2_ElC2Disp.png","Assets/Heavy Station Kit/_common/Textures/GUI/C2_ElC2Disp.png","thumbnails/textures/0218_texture_C2_ElC2Disp_154af7d0.png","0","380x464","텍스처 파일입니다. 형태가 아니라 재질 후보로 보십시오."
"Texture","Heavy Station Kit","텍스처/색상","재질 후보, 색감/마모/발광 확인","C2_ElC2FlFrame.png","Assets/Heavy Station Kit/_common/Textures/GUI/C2_ElC2FlFrame.png","thumbnails/textures/0219_texture_C2_ElC2FlFrame_b1b9e941.png","0","44x28","텍스처 파일입니다. 형태가 아니라 재질 후보로 보십시오."
"Texture","Heavy Station Kit","텍스처/색상","재질 후보, 색감/마모/발광 확인","c_enterVent.png","Assets/Heavy Station Kit/_common/Textures/GUI/c_enterVent.png","thumbnails/textures/0220_texture_c_enterVent_a7acb041.png","0","400x80","텍스처 파일입니다. 형태가 아니라 재질 후보로 보십시오."
"Texture","Heavy Station Kit","텍스처/색상","재질 후보, 색감/마모/발광 확인","HSK_Locked.png","Assets/Heavy Station Kit/_common/Textures/GUI/HSK_Locked.png","thumbnails/textures/0221_texture_HSK_Locked_ae8391ad.png","0","400x80","텍스처 파일입니다. 형태가 아니라 재질 후보로 보십시오."
"Texture","Heavy Station Kit","텍스처/색상","재질 후보, 색감/마모/발광 확인","HSK_Open_Close.png","Assets/Heavy Station Kit/_common/Textures/GUI/HSK_Open_Close.png","thumbnails/textures/0222_texture_HSK_Open_Close_318d6194.png","0","400x80","텍스처 파일입니다. 형태가 아니라 재질 후보로 보십시오."
"Texture","Heavy Station Kit","텍스처/색상","재질 후보, 색감/마모/발광 확인","HSK_Shuttle_0.png","Assets/Heavy Station Kit/_common/Textures/GUI/HSK_Shuttle_0.png","thumbnails/textures/0223_texture_HSK_Shuttle_0_ad41a8d1.png","0","820x80","텍스처 파일입니다. 형태가 아니라 재질 후보로 보십시오."
"Texture","Heavy Station Kit","텍스처/색상","재질 후보, 색감/마모/발광 확인","HSK_Shuttle_1.png","Assets/Heavy Station Kit/_common/Textures/GUI/HSK_Shuttle_1.png","thumbnails/textures/0224_texture_HSK_Shuttle_1_94948f9e.png","0","820x80","텍스처 파일입니다. 형태가 아니라 재질 후보로 보십시오."
"Texture","Heavy Station Kit","텍스처/색상","재질 후보, 색감/마모/발광 확인","HSK_Shuttle_Control.png","Assets/Heavy Station Kit/_common/Textures/GUI/HSK_Shuttle_Control.png","thumbnails/textures/0225_texture_HSK_Shuttle_Control_9d151194.png","0","400x80","텍스처 파일입니다. 형태가 아니라 재질 후보로 보십시오."
"Texture","Heavy Station Kit","텍스처/색상","재질 후보, 색감/마모/발광 확인","off.png","Assets/Heavy Station Kit/_common/Textures/GUI/off.png","thumbnails/textures/0226_texture_off_6789be53.png","0","400x80","텍스처 파일입니다. 형태가 아니라 재질 후보로 보십시오."
"Texture","Heavy Station Kit","텍스처/색상","재질 후보, 색감/마모/발광 확인","on.png","Assets/Heavy Station Kit/_common/Textures/GUI/on.png","thumbnails/textures/0227_texture_on_0992861d.png","0","400x80","텍스처 파일입니다. 형태가 아니라 재질 후보로 보십시오."
"Texture","Heavy Station Kit","텍스처/색상","재질 후보, 색감/마모/발광 확인","tip_callElevator.png","Assets/Heavy Station Kit/_common/Textures/GUI/tip_callElevator.png","thumbnails/textures/0228_texture_tip_callElevator_97399220.png","0","400x80","텍스처 파일입니다. 형태가 아니라 재질 후보로 보십시오."
"Texture","Heavy Station Kit","텍스처/색상","재질 후보, 색감/마모/발광 확인","tip_closeGate.png","Assets/Heavy Station Kit/_common/Textures/GUI/tip_closeGate.png","thumbnails/textures/0229_texture_tip_closeGate_4824647b.png","0","400x80","텍스처 파일입니다. 형태가 아니라 재질 후보로 보십시오."
"Texture","Heavy Station Kit","텍스처/색상","재질 후보, 색감/마모/발광 확인","tip_enterFloor.png","Assets/Heavy Station Kit/_common/Textures/GUI/tip_enterFloor.png","thumbnails/textures/0230_texture_tip_enterFloor_166442f6.png","0","400x80","텍스처 파일입니다. 형태가 아니라 재질 후보로 보십시오."
"Texture","Heavy Station Kit","텍스처/색상","재질 후보, 색감/마모/발광 확인","tip_openGate.png","Assets/Heavy Station Kit/_common/Textures/GUI/tip_openGate.png","thumbnails/textures/0231_texture_tip_openGate_945d6d39.png","0","400x80","텍스처 파일입니다. 형태가 아니라 재질 후보로 보십시오."
"Texture","Heavy Station Kit","텍스처/색상","재질 후보, 색감/마모/발광 확인","plate_D.png","Assets/Heavy Station Kit/_common/Textures/plate_D.png","thumbnails/textures/0232_texture_plate_D_40f79545.png","0","4096x4096","텍스처 파일입니다. 형태가 아니라 재질 후보로 보십시오."
"Prefab","Sci-Fi Styled Modular Pack","가구·보관","비품창고, 통제실, 조종실 보조 소품","cabinet.prefab","Assets/Sci-Fi Styled Modular Pack/Prefabs/Decorative elements/cabinet.prefab","thumbnails/objects/0539_prefab_cabinet_6a68721b.png","1","2 x 1.77 x 1.56",""
"Prefab","Sci-Fi Styled Modular Pack","가구·보관","비품창고, 통제실, 조종실 보조 소품","cabinet_L.prefab","Assets/Sci-Fi Styled Modular Pack/Prefabs/Decorative elements/cabinet_L.prefab","thumbnails/objects/0540_prefab_cabinet_L_c2193ae6.png","1","3 x 1.77 x 3",""
"Prefab","Sci-Fi Styled Modular Pack","가구·보관","비품창고, 통제실, 조종실 보조 소품","cabinet_L_cutted.prefab","Assets/Sci-Fi Styled Modular Pack/Prefabs/Decorative elements/cabinet_L_cutted.prefab","thumbnails/objects/0541_prefab_cabinet_L_cutted_4fa4f98e.png","1","3 x 1.77 x 3",""
"Prefab","Sci-Fi Styled Modular Pack","가구·보관","비품창고, 통제실, 조종실 보조 소품","decorative_chair.prefab","Assets/Sci-Fi Styled Modular Pack/Prefabs/Decorative elements/decorative_chair.prefab","thumbnails/objects/0542_prefab_decorative_chair_ec099049.png","2","1.08 x 1.56 x 1.29",""
"Prefab","Sci-Fi Styled Modular Pack","가구·보관","비품창고, 통제실, 조종실 보조 소품","shelf.prefab","Assets/Sci-Fi Styled Modular Pack/Prefabs/Decorative elements/shelf.prefab","thumbnails/objects/0543_prefab_shelf_f3c8f60f.png","1","1.67 x 3 x 0.55",""
"Prefab","Sci-Fi Styled Modular Pack","가구·보관","비품창고, 통제실, 조종실 보조 소품","shelf_small.prefab","Assets/Sci-Fi Styled Modular Pack/Prefabs/Decorative elements/shelf_small.prefab","thumbnails/objects/0544_prefab_shelf_small_23689ad7.png","1","1.67 x 1.5 x 0.55",""
"Prefab","Sci-Fi Styled Modular Pack","가구·보관","비품창고, 통제실, 조종실 보조 소품","desk.prefab","Assets/Sci-Fi Styled Modular Pack/Prefabs/Decorative elements/Tables/desk.prefab","thumbnails/objects/0545_prefab_desk_ed7a319e.png","1","4.2 x 2.08 x 1.77",""
"Prefab","Sci-Fi Styled Modular Pack","가구·보관","비품창고, 통제실, 조종실 보조 소품","table_2.prefab","Assets/Sci-Fi Styled Modular Pack/Prefabs/Decorative elements/Tables/table_2.prefab","thumbnails/objects/0546_prefab_table_2_92e5ec78.png","1","3.3 x 1.22 x 3.81",""
"Prefab","Sci-Fi Styled Modular Pack","가구·보관","비품창고, 통제실, 조종실 보조 소품","storage_container_big.prefab","Assets/Sci-Fi Styled Modular Pack/Prefabs/Machines/storage_container_big.prefab","thumbnails/objects/0547_prefab_storage_container_big_78d25216.png","1","3.8 x 1.07 x 3.8",""
"Prefab","Sci-Fi Styled Modular Pack","가구·보관","비품창고, 통제실, 조종실 보조 소품","storage_container_small.prefab","Assets/Sci-Fi Styled Modular Pack/Prefabs/Machines/storage_container_small.prefab","thumbnails/objects/0548_prefab_storage_container_small_aa6a6809.png","1","3.8 x 1.07 x 3.8",""
"Prefab","Sci-Fi Styled Modular Pack","기계·구조물","동력실, 무기실, 화물칸 외곽, 복도 보강재","Cylinder_16_extended.prefab","Assets/Sci-Fi Styled Modular Pack/Prefabs/Extended Primitives/Cylinder_16_extended.prefab","thumbnails/objects/0549_prefab_Cylinder_16_extended_346b4b97.png","1","2 x 2 x 2",""
"Prefab","Sci-Fi Styled Modular Pack","기계·구조물","동력실, 무기실, 화물칸 외곽, 복도 보강재","Joint_T_6.prefab","Assets/Sci-Fi Styled Modular Pack/Prefabs/Joints/Joint_T_6.prefab","thumbnails/objects/0550_prefab_Joint_T_6_b0bf96bd.png","1","0.58 x 0.9 x 0.3",""
"Prefab","Sci-Fi Styled Modular Pack","기계·구조물","동력실, 무기실, 화물칸 외곽, 복도 보강재","Joint_X_6.prefab","Assets/Sci-Fi Styled Modular Pack/Prefabs/Joints/Joint_X_6.prefab","thumbnails/objects/0551_prefab_Joint_X_6_08486891.png","1","0.9 x 0.9 x 0.3",""
"Prefab","Sci-Fi Styled Modular Pack","기계·구조물","동력실, 무기실, 화물칸 외곽, 복도 보강재","Joint_Y_6.prefab","Assets/Sci-Fi Styled Modular Pack/Prefabs/Joints/Joint_Y_6.prefab","thumbnails/objects/0552_prefab_Joint_Y_6_07f730b0.png","1","0.82 x 0.86 x 0.3",""
"Prefab","Sci-Fi Styled Modular Pack","기타","형태 확인 후 용도 결정","art_1.prefab","Assets/Sci-Fi Styled Modular Pack/Prefabs/Decorative elements/Arts/art_1.prefab","thumbnails/objects/0553_prefab_art_1_23eedad9.png","1","0.28 x 0.43 x 0.36",""
"Prefab","Sci-Fi Styled Modular Pack","기타","형태 확인 후 용도 결정","art_2.prefab","Assets/Sci-Fi Styled Modular Pack/Prefabs/Decorative elements/Arts/art_2.prefab","thumbnails/objects/0554_prefab_art_2_be95a592.png","1","0.22 x 0.56 x 0.23",""
"Prefab","Sci-Fi Styled Modular Pack","기타","형태 확인 후 용도 결정","art_3.prefab","Assets/Sci-Fi Styled Modular Pack/Prefabs/Decorative elements/Arts/art_3.prefab","thumbnails/objects/0555_prefab_art_3_8666f3db.png","1","0.34 x 0.44 x 0.31",""
"Prefab","Sci-Fi Styled Modular Pack","기타","형태 확인 후 용도 결정","art_4.prefab","Assets/Sci-Fi Styled Modular Pack/Prefabs/Decorative elements/Arts/art_4.prefab","thumbnails/objects/0556_prefab_art_4_2ebed11c.png","1","0.35 x 0.52 x 0.37",""
"Prefab","Sci-Fi Styled Modular Pack","기타","형태 확인 후 용도 결정","art_5.prefab","Assets/Sci-Fi Styled Modular Pack/Prefabs/Decorative elements/Arts/art_5.prefab","thumbnails/objects/0557_prefab_art_5_74b27365.png","1","0.33 x 0.45 x 0.18",""
"Prefab","Sci-Fi Styled Modular Pack","기타","형태 확인 후 용도 결정","art_6.prefab","Assets/Sci-Fi Styled Modular Pack/Prefabs/Decorative elements/Arts/art_6.prefab","thumbnails/objects/0558_prefab_art_6_ac7fd15e.png","1","0.21 x 0.42 x 0.22",""
"Prefab","Sci-Fi Styled Modular Pack","기타","형태 확인 후 용도 결정","bed.prefab","Assets/Sci-Fi Styled Modular Pack/Prefabs/Decorative elements/bed.prefab","thumbnails/objects/0559_prefab_bed_00eb8156.png","1","2.19 x 1.66 x 4.2",""
"Prefab","Sci-Fi Styled Modular Pack","기타","형태 확인 후 용도 결정","bulletin_board_big.prefab","Assets/Sci-Fi Styled Modular Pack/Prefabs/Decorative elements/bulletin_board_big.prefab","thumbnails/objects/0560_prefab_bulletin_board_big_61276d26.png","1","2.36 x 3.75 x 0.43",""
"Prefab","Sci-Fi Styled Modular Pack","기타","형태 확인 후 용도 결정","bulletin_board_small.prefab","Assets/Sci-Fi Styled Modular Pack/Prefabs/Decorative elements/bulletin_board_small.prefab","thumbnails/objects/0561_prefab_bulletin_board_small_c7725cf9.png","1","1.62 x 3.75 x 0.43",""
"Prefab","Sci-Fi Styled Modular Pack","기타","형태 확인 후 용도 결정","bunk_bed.prefab","Assets/Sci-Fi Styled Modular Pack/Prefabs/Decorative elements/bunk_bed.prefab","thumbnails/objects/0562_prefab_bunk_bed_1186c957.png","1","1.84 x 3.37 x 3.79",""
"Prefab","Sci-Fi Styled Modular Pack","기타","형태 확인 후 용도 결정","column_end.prefab","Assets/Sci-Fi Styled Modular Pack/Prefabs/Decorative elements/Column/column_end.prefab","thumbnails/objects/0563_prefab_column_end_c65cd4d6.png","1","0.8 x 4 x 0.8",""
"Prefab","Sci-Fi Styled Modular Pack","기타","형태 확인 후 용도 결정","column_kneel.prefab","Assets/Sci-Fi Styled Modular Pack/Prefabs/Decorative elements/Column/column_kneel.prefab","thumbnails/objects/0564_prefab_column_kneel_ac4c1e5e.png","1","3.1 x 3.1 x 0.52",""
"Prefab","Sci-Fi Styled Modular Pack","기타","형태 확인 후 용도 결정","column_kneel_2.prefab","Assets/Sci-Fi Styled Modular Pack/Prefabs/Decorative elements/Column/column_kneel_2.prefab","thumbnails/objects/0565_prefab_column_kneel_2_2adcd855.png","1","3.06 x 3.06 x 0.44",""
"Prefab","Sci-Fi Styled Modular Pack","기타","형태 확인 후 용도 결정","column_middle.prefab","Assets/Sci-Fi Styled Modular Pack/Prefabs/Decorative elements/Column/column_middle.prefab","thumbnails/objects/0566_prefab_column_middle_2cebafb8.png","1","0.51 x 4 x 0.44",""
"Prefab","Sci-Fi Styled Modular Pack","기타","형태 확인 후 용도 결정","console.prefab","Assets/Sci-Fi Styled Modular Pack/Prefabs/Decorative elements/console.prefab","thumbnails/objects/0567_prefab_console_3aeb8040.png","1","0.96 x 1.59 x 0.66",""
"Prefab","Sci-Fi Styled Modular Pack","기타","형태 확인 후 용도 결정","console_celing.prefab","Assets/Sci-Fi Styled Modular Pack/Prefabs/Decorative elements/console_celing.prefab","thumbnails/objects/0568_prefab_console_celing_348bee87.png","1","1.3 x 2.16 x 1.84",""
"Prefab","Sci-Fi Styled Modular Pack","기타","형태 확인 후 용도 결정","decorative_pilow.prefab","Assets/Sci-Fi Styled Modular Pack/Prefabs/Decorative elements/decorative_pilow.prefab","thumbnails/objects/0569_prefab_decorative_pilow_f410a3c3.png","2","0.69 x 0.17 x 0.75",""
"Prefab","Sci-Fi Styled Modular Pack","기타","형태 확인 후 용도 결정","decorative_plant.prefab","Assets/Sci-Fi Styled Modular Pack/Prefabs/Decorative elements/decorative_plant.prefab","thumbnails/objects/0570_prefab_decorative_plant_92b70cd5.png","1","1.6 x 2.02 x 1.46",""
"Prefab","Sci-Fi Styled Modular Pack","기타","형태 확인 후 용도 결정","decorative_plant_desk.prefab","Assets/Sci-Fi Styled Modular Pack/Prefabs/Decorative elements/decorative_plant_desk.prefab","thumbnails/objects/0571_prefab_decorative_plant_desk_226a7f5b.png","1","0.43 x 0.51 x 0.39",""
"Prefab","Sci-Fi Styled Modular Pack","기타","형태 확인 후 용도 결정","decorative_plant_small.prefab","Assets/Sci-Fi Styled Modular Pack/Prefabs/Decorative elements/decorative_plant_small.prefab","thumbnails/objects/0572_prefab_decorative_plant_small_1b56cc4d.png","1","0.82 x 0.97 x 0.75",""
"Prefab","Sci-Fi Styled Modular Pack","기타","형태 확인 후 용도 결정","decorative_sofa.prefab","Assets/Sci-Fi Styled Modular Pack/Prefabs/Decorative elements/decorative_sofa.prefab","thumbnails/objects/0573_prefab_decorative_sofa_8852001f.png","2","3.24 x 1.56 x 1.29",""
"Prefab","Sci-Fi Styled Modular Pack","기타","형태 확인 후 용도 결정","double_bed.prefab","Assets/Sci-Fi Styled Modular Pack/Prefabs/Decorative elements/double_bed.prefab","thumbnails/objects/0574_prefab_double_bed_d477fab6.png","1","4.22 x 1.66 x 4.2",""
"Prefab","Sci-Fi Styled Modular Pack","기타","형태 확인 후 용도 결정","hydroponic.prefab","Assets/Sci-Fi Styled Modular Pack/Prefabs/Decorative elements/hydroponic.prefab","thumbnails/objects/0575_prefab_hydroponic_fcbb8c80.png","1","2.89 x 2.15 x 1.63",""
"Prefab","Sci-Fi Styled Modular Pack","기타","형태 확인 후 용도 결정","pilot_seat.prefab","Assets/Sci-Fi Styled Modular Pack/Prefabs/Decorative elements/pilot_seat.prefab","thumbnails/objects/0576_prefab_pilot_seat_23135f4b.png","1","1.29 x 2.55 x 1.62",""
"Prefab","Sci-Fi Styled Modular Pack","기타","형태 확인 후 용도 결정","sign.prefab","Assets/Sci-Fi Styled Modular Pack/Prefabs/Decorative elements/sign.prefab","thumbnails/objects/0577_prefab_sign_40b5ca52.png","1","3.1 x 1.01 x 0.1",""
"Prefab","Sci-Fi Styled Modular Pack","기타","형태 확인 후 용도 결정","sing_small.prefab","Assets/Sci-Fi Styled Modular Pack/Prefabs/Decorative elements/sing_small.prefab","thumbnails/objects/0578_prefab_sing_small_759c3674.png","1","1.45 x 0.8 x 0.08",""
"Prefab","Sci-Fi Styled Modular Pack","기타","형태 확인 후 용도 결정","Cube_1x1_extended.prefab","Assets/Sci-Fi Styled Modular Pack/Prefabs/Extended Primitives/Cube_1x1_extended.prefab","thumbnails/objects/0579_prefab_Cube_1x1_extended_475dc4f7.png","1","2 x 2 x 2",""
"Prefab","Sci-Fi Styled Modular Pack","기타","형태 확인 후 용도 결정","Cube_1x2_extended.prefab","Assets/Sci-Fi Styled Modular Pack/Prefabs/Extended Primitives/Cube_1x2_extended.prefab","thumbnails/objects/0580_prefab_Cube_1x2_extended_5118e2e6.png","1","4 x 2 x 2",""
"Prefab","Sci-Fi Styled Modular Pack","기타","형태 확인 후 용도 결정","Cube_2x2_extended.prefab","Assets/Sci-Fi Styled Modular Pack/Prefabs/Extended Primitives/Cube_2x2_extended.prefab","thumbnails/objects/0581_prefab_Cube_2x2_extended_3320d26f.png","1","4 x 2 x 4",""
"Prefab","Sci-Fi Styled Modular Pack","기타","형태 확인 후 용도 결정","Sphere_16_extended.prefab","Assets/Sci-Fi Styled Modular Pack/Prefabs/Extended Primitives/Sphere_16_extended.prefab","thumbnails/objects/0582_prefab_Sphere_16_extended_e510791a.png","1","1.96 x 1.89 x 1.96",""
"Prefab","Sci-Fi Styled Modular Pack","기타","형태 확인 후 용도 결정","Sphere_32_extended.prefab","Assets/Sci-Fi Styled Modular Pack/Prefabs/Extended Primitives/Sphere_32_extended.prefab","thumbnails/objects/0583_prefab_Sphere_32_extended_bf7af664.png","1","1.96 x 1.89 x 1.96",""
"Prefab","Sci-Fi Styled Modular Pack","기타","형태 확인 후 용도 결정","Battery.prefab","Assets/Sci-Fi Styled Modular Pack/Prefabs/Machines/Battery.prefab","thumbnails/objects/0584_prefab_Battery_adef9de5.png","1","2 x 2.88 x 2",""
"Prefab","Sci-Fi Styled Modular Pack","기타","형태 확인 후 용도 결정","Battery_big.prefab","Assets/Sci-Fi Styled Modular Pack/Prefabs/Machines/Battery_big.prefab","thumbnails/objects/0585_prefab_Battery_big_1058a79a.png","1","3.78 x 3.88 x 4.16",""
"Prefab","Sci-Fi Styled Modular Pack","기타","형태 확인 후 용도 결정","Battery_medium.prefab","Assets/Sci-Fi Styled Modular Pack/Prefabs/Machines/Battery_medium.prefab","thumbnails/objects/0586_prefab_Battery_medium_c3f34315.png","1","2 x 3.88 x 2",""
"Prefab","Sci-Fi Styled Modular Pack","기타","형태 확인 후 용도 결정","Capacitor.prefab","Assets/Sci-Fi Styled Modular Pack/Prefabs/Machines/Capacitor.prefab","thumbnails/objects/0587_prefab_Capacitor_9bebf41a.png","4","6.41 x 2.66 x 4.66",""
"Prefab","Sci-Fi Styled Modular Pack","기타","형태 확인 후 용도 결정","container_big.prefab","Assets/Sci-Fi Styled Modular Pack/Prefabs/Machines/container_big.prefab","thumbnails/objects/0588_prefab_container_big_46ba1660.png","1","3.45 x 3.13 x 3.45",""
"Prefab","Sci-Fi Styled Modular Pack","기타","형태 확인 후 용도 결정","container_small.prefab","Assets/Sci-Fi Styled Modular Pack/Prefabs/Machines/container_small.prefab","thumbnails/objects/0589_prefab_container_small_4a8b6dbf.png","1","1.5 x 1.56 x 1.5",""
"Prefab","Sci-Fi Styled Modular Pack","기타","형태 확인 후 용도 결정","generator.prefab","Assets/Sci-Fi Styled Modular Pack/Prefabs/Machines/generator.prefab","thumbnails/objects/0590_prefab_generator_1a80ffe1.png","1","2.41 x 2.43 x 4.66",""
"Prefab","Sci-Fi Styled Modular Pack","기타","형태 확인 후 용도 결정","projector stars.prefab","Assets/Sci-Fi Styled Modular Pack/Prefabs/Machines/projector stars.prefab","thumbnails/objects/0591_prefab_projector_stars_953c5be9.png","3","10.19 x 10.19 x 6.64","원본 머티리얼 1개가 현재 URP 프로젝트에서 미지원입니다. 썸네일은 형태 확인용 중립 재질로 생성했습니다."
"Prefab","Sci-Fi Styled Modular Pack","기타","형태 확인 후 용도 결정","projector.prefab","Assets/Sci-Fi Styled Modular Pack/Prefabs/Machines/projector.prefab","thumbnails/objects/0592_prefab_projector_c060774a.png","5","3.99 x 5.45 x 3.92","원본 머티리얼 1개가 현재 URP 프로젝트에서 미지원입니다. 썸네일은 형태 확인용 중립 재질로 생성했습니다."
"Prefab","Sci-Fi Styled Modular Pack","기타","형태 확인 후 용도 결정","projector_2.prefab","Assets/Sci-Fi Styled Modular Pack/Prefabs/Machines/projector_2.prefab","thumbnails/objects/0593_prefab_projector_2_5eab9b89.png","1","5.31 x 2.25 x 5.31",""
"Prefab","Sci-Fi Styled Modular Pack","기타","형태 확인 후 용도 결정","rotor.prefab","Assets/Sci-Fi Styled Modular Pack/Prefabs/Machines/rotor.prefab","thumbnails/objects/0594_prefab_rotor_f89878aa.png","1","3.54 x 1.94 x 1.94",""
"Prefab","Sci-Fi Styled Modular Pack","기타","형태 확인 후 용도 결정","Shield Core.prefab","Assets/Sci-Fi Styled Modular Pack/Prefabs/Machines/Shield Core.prefab","thumbnails/objects/0595_prefab_Shield_Core_3daa33d6.png","13","10 x 6.57 x 8","원본 머티리얼 2개가 현재 URP 프로젝트에서 미지원입니다. 썸네일은 형태 확인용 중립 재질로 생성했습니다."
"Prefab","Sci-Fi Styled Modular Pack","기타","형태 확인 후 용도 결정","shield_generator.prefab","Assets/Sci-Fi Styled Modular Pack/Prefabs/Machines/shield_generator.prefab","thumbnails/objects/0596_prefab_shield_generator_b0c49843.png","1","6.37 x 3.79 x 6.53",""
"Prefab","Sci-Fi Styled Modular Pack","기타","형태 확인 후 용도 결정","torpedo.prefab","Assets/Sci-Fi Styled Modular Pack/Prefabs/Machines/torpedo.prefab","thumbnails/objects/0597_prefab_torpedo_a1f6afc7.png","1","0.79 x 0.79 x 7.18",""
"Prefab","Sci-Fi Styled Modular Pack","기타","형태 확인 후 용도 결정","torpedo_docking_station_1_side.prefab","Assets/Sci-Fi Styled Modular Pack/Prefabs/Machines/torpedo_docking_station_1_side.prefab","thumbnails/objects/0598_prefab_torpedo_docking_station_1_side_426bbeaa.png","1","4.93 x 3.81 x 7.21",""
"Prefab","Sci-Fi Styled Modular Pack","기타","형태 확인 후 용도 결정","torpedo_docking_station_2_side.prefab","Assets/Sci-Fi Styled Modular Pack/Prefabs/Machines/torpedo_docking_station_2_side.prefab","thumbnails/objects/0599_prefab_torpedo_docking_station_2_side_b12f98cb.png","1","9.21 x 3.81 x 7.21",""
"Prefab","Sci-Fi Styled Modular Pack","기타","형태 확인 후 용도 결정","vending_machine.prefab","Assets/Sci-Fi Styled Modular Pack/Prefabs/Machines/vending_machine.prefab","thumbnails/objects/0600_prefab_vending_machine_f1d0a893.png","1","2.4 x 4 x 1.15",""
"Prefab","Sci-Fi Styled Modular Pack","문","복도, 화물칸, 방 입구, 공통 선체 마감","door_1.prefab","Assets/Sci-Fi Styled Modular Pack/Prefabs/Doors/door_1.prefab","thumbnails/objects/0601_prefab_door_1_bc6fd90f.png","3","5.13 x 4.05 x 0.86",""
"Prefab","Sci-Fi Styled Modular Pack","문","복도, 화물칸, 방 입구, 공통 선체 마감","door_2.prefab","Assets/Sci-Fi Styled Modular Pack/Prefabs/Doors/door_2.prefab","thumbnails/objects/0602_prefab_door_2_0c2c44f4.png","3","4 x 4.05 x 0.86",""
"Prefab","Sci-Fi Styled Modular Pack","문","복도, 화물칸, 방 입구, 공통 선체 마감","door_3.prefab","Assets/Sci-Fi Styled Modular Pack/Prefabs/Doors/door_3.prefab","thumbnails/objects/0603_prefab_door_3_9c509e9d.png","5","4 x 5.03 x 0.86",""
"Prefab","Sci-Fi Styled Modular Pack","문","복도, 화물칸, 방 입구, 공통 선체 마감","glass_panel_1_with_door.prefab","Assets/Sci-Fi Styled Modular Pack/Prefabs/Doors/glass_panel_1_with_door.prefab","thumbnails/objects/0604_prefab_glass_panel_1_with_door_6ac078b4.png","2","4 x 4 x 0.33",""
"Prefab","Sci-Fi Styled Modular Pack","바닥·계단","복도, 화물칸, 방 입구, 공통 선체 마감","floor_corner_ornament.prefab","Assets/Sci-Fi Styled Modular Pack/Prefabs/Decorative elements/floor_corner_ornament.prefab","thumbnails/objects/0605_prefab_floor_corner_ornament_844acf5e.png","1","4 x 0.48 x 0.59",""
"Prefab","Sci-Fi Styled Modular Pack","바닥·계단","복도, 화물칸, 방 입구, 공통 선체 마감","floor_corner_ornament_pipes.prefab","Assets/Sci-Fi Styled Modular Pack/Prefabs/Decorative elements/floor_corner_ornament_pipes.prefab","thumbnails/objects/0606_prefab_floor_corner_ornament_pipes_67dd4608.png","1","4 x 0.55 x 0.6",""
"Prefab","Sci-Fi Styled Modular Pack","바닥·계단","복도, 화물칸, 방 입구, 공통 선체 마감","floor_corner_ornament_pipes_corner.prefab","Assets/Sci-Fi Styled Modular Pack/Prefabs/Decorative elements/floor_corner_ornament_pipes_corner.prefab","thumbnails/objects/0607_prefab_floor_corner_ornament_pipes_corner_161e8900.png","1","0.6 x 0.55 x 0.6",""
"Prefab","Sci-Fi Styled Modular Pack","바닥·계단","복도, 화물칸, 방 입구, 공통 선체 마감","floor_1.prefab","Assets/Sci-Fi Styled Modular Pack/Prefabs/Floors/floor_1.prefab","thumbnails/objects/0608_prefab_floor_1_0f8c31ff.png","2","4 x 0.1 x 4",""
"Prefab","Sci-Fi Styled Modular Pack","바닥·계단","복도, 화물칸, 방 입구, 공통 선체 마감","floor_2.prefab","Assets/Sci-Fi Styled Modular Pack/Prefabs/Floors/floor_2.prefab","thumbnails/objects/0609_prefab_floor_2_eac7afe4.png","2","4 x 0.2 x 4",""
"Prefab","Sci-Fi Styled Modular Pack","바닥·계단","복도, 화물칸, 방 입구, 공통 선체 마감","floor_2_L.prefab","Assets/Sci-Fi Styled Modular Pack/Prefabs/Floors/floor_2_L.prefab","thumbnails/objects/0610_prefab_floor_2_L_28ebeb4d.png","2","4 x 0.2 x 4",""
"Prefab","Sci-Fi Styled Modular Pack","바닥·계단","복도, 화물칸, 방 입구, 공통 선체 마감","floor_2_no_lattice.prefab","Assets/Sci-Fi Styled Modular Pack/Prefabs/Floors/floor_2_no_lattice.prefab","thumbnails/objects/0611_prefab_floor_2_no_lattice_8d5d4ed1.png","2","4 x 0.2 x 4",""
"Prefab","Sci-Fi Styled Modular Pack","바닥·계단","복도, 화물칸, 방 입구, 공통 선체 마감","floor_3.prefab","Assets/Sci-Fi Styled Modular Pack/Prefabs/Floors/floor_3.prefab","thumbnails/objects/0612_prefab_floor_3_74afb40d.png","2","4 x 0.16 x 4",""
"Prefab","Sci-Fi Styled Modular Pack","바닥·계단","복도, 화물칸, 방 입구, 공통 선체 마감","floor_3_no_clamps.prefab","Assets/Sci-Fi Styled Modular Pack/Prefabs/Floors/floor_3_no_clamps.prefab","thumbnails/objects/0613_prefab_floor_3_no_clamps_e7f6a5ec.png","1","4 x 0.16 x 4",""
"Prefab","Sci-Fi Styled Modular Pack","바닥·계단","복도, 화물칸, 방 입구, 공통 선체 마감","floor_4.prefab","Assets/Sci-Fi Styled Modular Pack/Prefabs/Floors/floor_4.prefab","thumbnails/objects/0614_prefab_floor_4_5035a4ba.png","1","4 x 0.16 x 4",""
"Prefab","Sci-Fi Styled Modular Pack","바닥·계단","복도, 화물칸, 방 입구, 공통 선체 마감","floor_5.prefab","Assets/Sci-Fi Styled Modular Pack/Prefabs/Floors/floor_5.prefab","thumbnails/objects/0615_prefab_floor_5_6667ff83.png","1","4 x 0.18 x 4",""
"Prefab","Sci-Fi Styled Modular Pack","바닥·계단","복도, 화물칸, 방 입구, 공통 선체 마감","floor_6.prefab","Assets/Sci-Fi Styled Modular Pack/Prefabs/Floors/floor_6.prefab","thumbnails/objects/0616_prefab_floor_6_eb40ccf8.png","1","4 x 0.15 x 4",""
"Prefab","Sci-Fi Styled Modular Pack","바닥·계단","복도, 화물칸, 방 입구, 공통 선체 마감","stairs_big_with_emmision.prefab","Assets/Sci-Fi Styled Modular Pack/Prefabs/Stairs/stairs_big_with_emmision.prefab","thumbnails/objects/0617_prefab_stairs_big_with_emmision_a6257ff2.png","1","3.89 x 6.21 x 4.09",""
"Prefab","Sci-Fi Styled Modular Pack","바닥·계단","복도, 화물칸, 방 입구, 공통 선체 마감","stairs_small.prefab","Assets/Sci-Fi Styled Modular Pack/Prefabs/Stairs/stairs_small.prefab","thumbnails/objects/0618_prefab_stairs_small_eae938a4.png","1","1.86 x 1.9 x 1.96",""
"Prefab","Sci-Fi Styled Modular Pack","바닥·계단","복도, 화물칸, 방 입구, 공통 선체 마감","stairs_small_corner_no_emmision.prefab","Assets/Sci-Fi Styled Modular Pack/Prefabs/Stairs/stairs_small_corner_no_emmision.prefab","thumbnails/objects/0619_prefab_stairs_small_corner_no_emmision_0df6bbd2.png","1","3.94 x 6.21 x 3.94",""
"Prefab","Sci-Fi Styled Modular Pack","바닥·계단","복도, 화물칸, 방 입구, 공통 선체 마감","stairs_small_corner_with_emmision.prefab","Assets/Sci-Fi Styled Modular Pack/Prefabs/Stairs/stairs_small_corner_with_emmision.prefab","thumbnails/objects/0620_prefab_stairs_small_corner_with_emmision_38ef7e01.png","1","3.94 x 6.21 x 3.94",""
"Prefab","Sci-Fi Styled Modular Pack","바닥·계단","복도, 화물칸, 방 입구, 공통 선체 마감","stairs_small_no_emmision.prefab","Assets/Sci-Fi Styled Modular Pack/Prefabs/Stairs/stairs_small_no_emmision.prefab","thumbnails/objects/0621_prefab_stairs_small_no_emmision_9041fb72.png","1","1.89 x 6.21 x 4.09",""
"Prefab","Sci-Fi Styled Modular Pack","바닥·계단","복도, 화물칸, 방 입구, 공통 선체 마감","stairs_small_with_emmision.prefab","Assets/Sci-Fi Styled Modular Pack/Prefabs/Stairs/stairs_small_with_emmision.prefab","thumbnails/objects/0622_prefab_stairs_small_with_emmision_63b0b6a1.png","1","1.89 x 6.21 x 4.09",""
"Prefab","Sci-Fi Styled Modular Pack","벽·패널","복도, 화물칸, 방 입구, 공통 선체 마감","floor_2_blank.prefab","Assets/Sci-Fi Styled Modular Pack/Prefabs/Floors/floor_2_blank.prefab","thumbnails/objects/0623_prefab_floor_2_blank_018edd27.png","1","4 x 0.08 x 4",""
"Prefab","Sci-Fi Styled Modular Pack","벽·패널","복도, 화물칸, 방 입구, 공통 선체 마감","light_wall_1.prefab","Assets/Sci-Fi Styled Modular Pack/Prefabs/Lights/light_wall_1.prefab","thumbnails/objects/0624_prefab_light_wall_1_af587c3a.png","1","0.3 x 2.62 x 0.26",""
"Prefab","Sci-Fi Styled Modular Pack","벽·패널","복도, 화물칸, 방 입구, 공통 선체 마감","light_wall_1_blue.prefab","Assets/Sci-Fi Styled Modular Pack/Prefabs/Lights/light_wall_1_blue.prefab","thumbnails/objects/0625_prefab_light_wall_1_blue_e296786d.png","1","0.3 x 2.62 x 0.26",""
"Prefab","Sci-Fi Styled Modular Pack","벽·패널","복도, 화물칸, 방 입구, 공통 선체 마감","light_wall_2.prefab","Assets/Sci-Fi Styled Modular Pack/Prefabs/Lights/light_wall_2.prefab","thumbnails/objects/0626_prefab_light_wall_2_74cc6d41.png","1","0.56 x 2.62 x 0.26",""
"Prefab","Sci-Fi Styled Modular Pack","벽·패널","복도, 화물칸, 방 입구, 공통 선체 마감","light_wall_2_blue.prefab","Assets/Sci-Fi Styled Modular Pack/Prefabs/Lights/light_wall_2_blue.prefab","thumbnails/objects/0627_prefab_light_wall_2_blue_cfeb3240.png","1","0.56 x 2.62 x 0.26",""
"Prefab","Sci-Fi Styled Modular Pack","벽·패널","복도, 화물칸, 방 입구, 공통 선체 마감","light_wall_3.prefab","Assets/Sci-Fi Styled Modular Pack/Prefabs/Lights/light_wall_3.prefab","thumbnails/objects/0628_prefab_light_wall_3_4a63a478.png","1","0.34 x 2.36 x 0.26",""
"Prefab","Sci-Fi Styled Modular Pack","벽·패널","복도, 화물칸, 방 입구, 공통 선체 마감","light_wall_3_blue.prefab","Assets/Sci-Fi Styled Modular Pack/Prefabs/Lights/light_wall_3_blue.prefab","thumbnails/objects/0629_prefab_light_wall_3_blue_4274833f.png","1","0.34 x 2.36 x 0.26",""
"Prefab","Sci-Fi Styled Modular Pack","벽·패널","복도, 화물칸, 방 입구, 공통 선체 마감","decorative_wall_1.prefab","Assets/Sci-Fi Styled Modular Pack/Prefabs/Walls/decorative_wall_1.prefab","thumbnails/objects/0630_prefab_decorative_wall_1_bc274da4.png","2","4 x 4 x 0.3",""
"Prefab","Sci-Fi Styled Modular Pack","벽·패널","복도, 화물칸, 방 입구, 공통 선체 마감","decorative_wall_2.prefab","Assets/Sci-Fi Styled Modular Pack/Prefabs/Walls/decorative_wall_2.prefab","thumbnails/objects/0631_prefab_decorative_wall_2_9b245bbf.png","2","4 x 4 x 0.3",""
"Prefab","Sci-Fi Styled Modular Pack","벽·패널","복도, 화물칸, 방 입구, 공통 선체 마감","decorative_wall_3.prefab","Assets/Sci-Fi Styled Modular Pack/Prefabs/Walls/decorative_wall_3.prefab","thumbnails/objects/0632_prefab_decorative_wall_3_c3ddbbe6.png","2","4 x 4 x 0.3",""
"Prefab","Sci-Fi Styled Modular Pack","벽·패널","복도, 화물칸, 방 입구, 공통 선체 마감","decorative_wall_4_computer.prefab","Assets/Sci-Fi Styled Modular Pack/Prefabs/Walls/decorative_wall_4_computer.prefab","thumbnails/objects/0633_prefab_decorative_wall_4_computer_9766bc47.png","2","4 x 4 x 0.48",""
"Prefab","Sci-Fi Styled Modular Pack","벽·패널","복도, 화물칸, 방 입구, 공통 선체 마감","decorative_wall_4_no_computer.prefab","Assets/Sci-Fi Styled Modular Pack/Prefabs/Walls/decorative_wall_4_no_computer.prefab","thumbnails/objects/0634_prefab_decorative_wall_4_no_computer_ecb03057.png","2","4 x 4 x 0.32",""
"Prefab","Sci-Fi Styled Modular Pack","벽·패널","복도, 화물칸, 방 입구, 공통 선체 마감","decorative_wall_5.prefab","Assets/Sci-Fi Styled Modular Pack/Prefabs/Walls/decorative_wall_5.prefab","thumbnails/objects/0635_prefab_decorative_wall_5_8dacd5b8.png","1","4 x 4 x 0.3",""
"Prefab","Sci-Fi Styled Modular Pack","벽·패널","복도, 화물칸, 방 입구, 공통 선체 마감","decorative_wall_6.prefab","Assets/Sci-Fi Styled Modular Pack/Prefabs/Walls/decorative_wall_6.prefab","thumbnails/objects/0636_prefab_decorative_wall_6_193ea843.png","1","4 x 4 x 0.3",""
"Prefab","Sci-Fi Styled Modular Pack","벽·패널","복도, 화물칸, 방 입구, 공통 선체 마감","glass_panel_1.prefab","Assets/Sci-Fi Styled Modular Pack/Prefabs/Walls/glass_panel_1.prefab","thumbnails/objects/0637_prefab_glass_panel_1_deadcbe6.png","1","4 x 4 x 0.33",""
"Prefab","Sci-Fi Styled Modular Pack","벽·패널","복도, 화물칸, 방 입구, 공통 선체 마감","glass_panel_1_corner.prefab","Assets/Sci-Fi Styled Modular Pack/Prefabs/Walls/glass_panel_1_corner.prefab","thumbnails/objects/0638_prefab_glass_panel_1_corner_8ae1be42.png","1","4.16 x 4 x 4.16",""
"Prefab","Sci-Fi Styled Modular Pack","벽·패널","복도, 화물칸, 방 입구, 공통 선체 마감","decorative_half_wall_1_LOD.prefab","Assets/Sci-Fi Styled Modular Pack/Prefabs/Walls/Half walls/decorative_half_wall_1_LOD.prefab","thumbnails/objects/0639_prefab_decorative_half_wall_1_LOD_7692db0b.png","2","4 x 2.2 x 0.3",""
"Prefab","Sci-Fi Styled Modular Pack","벽·패널","복도, 화물칸, 방 입구, 공통 선체 마감","decorative_half_wall_2_LOD.prefab","Assets/Sci-Fi Styled Modular Pack/Prefabs/Walls/Half walls/decorative_half_wall_2_LOD.prefab","thumbnails/objects/0640_prefab_decorative_half_wall_2_LOD_44ad5378.png","2","4 x 2.21 x 0.3",""
"Prefab","Sci-Fi Styled Modular Pack","벽·패널","복도, 화물칸, 방 입구, 공통 선체 마감","decorative_half_wall_3_LOD.prefab","Assets/Sci-Fi Styled Modular Pack/Prefabs/Walls/Half walls/decorative_half_wall_3_LOD.prefab","thumbnails/objects/0641_prefab_decorative_half_wall_3_LOD_94533401.png","2","4 x 2.2 x 0.3",""
"Prefab","Sci-Fi Styled Modular Pack","벽·패널","복도, 화물칸, 방 입구, 공통 선체 마감","decorative_half_wall_4_LOD.prefab","Assets/Sci-Fi Styled Modular Pack/Prefabs/Walls/Half walls/decorative_half_wall_4_LOD.prefab","thumbnails/objects/0642_prefab_decorative_half_wall_4_LOD_57e6d7ee.png","2","4 x 2.2 x 0.32",""
"Prefab","Sci-Fi Styled Modular Pack","벽·패널","복도, 화물칸, 방 입구, 공통 선체 마감","decorative_half_wall_5.prefab","Assets/Sci-Fi Styled Modular Pack/Prefabs/Walls/Half walls/decorative_half_wall_5.prefab","thumbnails/objects/0643_prefab_decorative_half_wall_5_8a37a26f.png","1","4 x 2.2 x 0.3",""
"Prefab","Sci-Fi Styled Modular Pack","벽·패널","복도, 화물칸, 방 입구, 공통 선체 마감","decorative_half_wall_6.prefab","Assets/Sci-Fi Styled Modular Pack/Prefabs/Walls/Half walls/decorative_half_wall_6.prefab","thumbnails/objects/0644_prefab_decorative_half_wall_6_1424e954.png","1","4 x 2.2 x 0.3",""
"Prefab","Sci-Fi Styled Modular Pack","벽·패널","복도, 화물칸, 방 입구, 공통 선체 마감","blank_wall_A.prefab","Assets/Sci-Fi Styled Modular Pack/Prefabs/Walls/Simple/blank_wall_A.prefab","thumbnails/objects/0645_prefab_blank_wall_A_41f16209.png","1","4 x 4 x 0.2",""
"Prefab","Sci-Fi Styled Modular Pack","벽·패널","복도, 화물칸, 방 입구, 공통 선체 마감","blank_wall_B.prefab","Assets/Sci-Fi Styled Modular Pack/Prefabs/Walls/Simple/blank_wall_B.prefab","thumbnails/objects/0646_prefab_blank_wall_B_be45e8c2.png","1","4 x 4 x 0.2",""
"Prefab","Sci-Fi Styled Modular Pack","벽·패널","복도, 화물칸, 방 입구, 공통 선체 마감","blank_wall_C.prefab","Assets/Sci-Fi Styled Modular Pack/Prefabs/Walls/Simple/blank_wall_C.prefab","thumbnails/objects/0647_prefab_blank_wall_C_69ea1e8b.png","1","4 x 4 x 0.2",""
"Prefab","Sci-Fi Styled Modular Pack","벽·패널","복도, 화물칸, 방 입구, 공통 선체 마감","blank_wall_D.prefab","Assets/Sci-Fi Styled Modular Pack/Prefabs/Walls/Simple/blank_wall_D.prefab","thumbnails/objects/0648_prefab_blank_wall_D_c7c0fd8c.png","1","4 x 4 x 0.2",""
"Prefab","Sci-Fi Styled Modular Pack","벽·패널","복도, 화물칸, 방 입구, 공통 선체 마감","decorative_wall_E.prefab","Assets/Sci-Fi Styled Modular Pack/Prefabs/Walls/Simple/decorative_wall_E.prefab","thumbnails/objects/0649_prefab_decorative_wall_E_d27c60dd.png","1","4 x 4 x 0.25",""
"Prefab","Sci-Fi Styled Modular Pack","벽·패널","복도, 화물칸, 방 입구, 공통 선체 마감","decorative_wall_F.prefab","Assets/Sci-Fi Styled Modular Pack/Prefabs/Walls/Simple/decorative_wall_F.prefab","thumbnails/objects/0650_prefab_decorative_wall_F_80b614f6.png","1","4 x 4 x 0.25",""
"Prefab","Sci-Fi Styled Modular Pack","벽·패널","복도, 화물칸, 방 입구, 공통 선체 마감","decorative_wall_G.prefab","Assets/Sci-Fi Styled Modular Pack/Prefabs/Walls/Simple/decorative_wall_G.prefab","thumbnails/objects/0651_prefab_decorative_wall_G_1122fd4f.png","1","4 x 4 x 0.25",""
"Prefab","Sci-Fi Styled Modular Pack","벽·패널","복도, 화물칸, 방 입구, 공통 선체 마감","decorative_wall_H.prefab","Assets/Sci-Fi Styled Modular Pack/Prefabs/Walls/Simple/decorative_wall_H.prefab","thumbnails/objects/0652_prefab_decorative_wall_H_54fa9180.png","1","4 x 4 x 0.25",""
"Prefab","Sci-Fi Styled Modular Pack","벽·패널","복도, 화물칸, 방 입구, 공통 선체 마감","wall_big.prefab","Assets/Sci-Fi Styled Modular Pack/Prefabs/Walls/wall_big.prefab","thumbnails/objects/0653_prefab_wall_big_344e3380.png","2","4 x 4 x 1.58",""
"Prefab","Sci-Fi Styled Modular Pack","복도 셸","복도, 화물칸, 방 입구, 공통 선체 마감","Corridor_1.prefab","Assets/Sci-Fi Styled Modular Pack/Prefabs/Corridors/Corridor_1.prefab","thumbnails/objects/0654_prefab_Corridor_1_ac64434f.png","7","4 x 4 x 4",""
"Prefab","Sci-Fi Styled Modular Pack","복도 셸","복도, 화물칸, 방 입구, 공통 선체 마감","Corridor_2.prefab","Assets/Sci-Fi Styled Modular Pack/Prefabs/Corridors/Corridor_2.prefab","thumbnails/objects/0655_prefab_Corridor_2_5b624334.png","6","4 x 4.01 x 4.33",""
"Prefab","Sci-Fi Styled Modular Pack","복도 셸","복도, 화물칸, 방 입구, 공통 선체 마감","Corridor_3.prefab","Assets/Sci-Fi Styled Modular Pack/Prefabs/Corridors/Corridor_3.prefab","thumbnails/objects/0656_prefab_Corridor_3_6dbda6dd.png","7","4 x 4 x 4",""
"Prefab","Sci-Fi Styled Modular Pack","복도 셸","복도, 화물칸, 방 입구, 공통 선체 마감","Corridor_I.prefab","Assets/Sci-Fi Styled Modular Pack/Prefabs/Corridors/Corridor_I.prefab","thumbnails/objects/0657_prefab_Corridor_I_a33fddf7.png","10","4 x 4.08 x 7.24",""
"Prefab","Sci-Fi Styled Modular Pack","복도 셸","복도, 화물칸, 방 입구, 공통 선체 마감","Corridor_L.prefab","Assets/Sci-Fi Styled Modular Pack/Prefabs/Corridors/Corridor_L.prefab","thumbnails/objects/0658_prefab_Corridor_L_d0c9d672.png","28","9.62 x 4.08 x 9.62",""
"Prefab","Sci-Fi Styled Modular Pack","복도 셸","복도, 화물칸, 방 입구, 공통 선체 마감","Corridor_T.prefab","Assets/Sci-Fi Styled Modular Pack/Prefabs/Corridors/Corridor_T.prefab","thumbnails/objects/0659_prefab_Corridor_T_0198662a.png","30","12 x 4.08 x 9.62",""
"Prefab","Sci-Fi Styled Modular Pack","복도 셸","복도, 화물칸, 방 입구, 공통 선체 마감","Corridor_X.prefab","Assets/Sci-Fi Styled Modular Pack/Prefabs/Corridors/Corridor_X.prefab","thumbnails/objects/0660_prefab_Corridor_X_761e9aae.png","30","12 x 4.08 x 12",""
"Prefab","Sci-Fi Styled Modular Pack","조명","복도, 화물칸, 방 입구, 공통 선체 마감","light_celing_1.prefab","Assets/Sci-Fi Styled Modular Pack/Prefabs/Lights/light_celing_1.prefab","thumbnails/objects/0661_prefab_light_celing_1_d38b5cb6.png","1","0.52 x 0.19 x 2",""
"Prefab","Sci-Fi Styled Modular Pack","조명","복도, 화물칸, 방 입구, 공통 선체 마감","light_celing_2.prefab","Assets/Sci-Fi Styled Modular Pack/Prefabs/Lights/light_celing_2.prefab","thumbnails/objects/0662_prefab_light_celing_2_415ea19d.png","1","0.76 x 0.19 x 2.21",""
"Prefab","Sci-Fi Styled Modular Pack","조명","복도, 화물칸, 방 입구, 공통 선체 마감","light_corner_1.prefab","Assets/Sci-Fi Styled Modular Pack/Prefabs/Lights/light_corner_1.prefab","thumbnails/objects/0663_prefab_light_corner_1_6a4023d9.png","1","0.26 x 2.62 x 0.26",""
"Prefab","Sci-Fi Styled Modular Pack","조명","복도, 화물칸, 방 입구, 공통 선체 마감","light_corner_1_blue.prefab","Assets/Sci-Fi Styled Modular Pack/Prefabs/Lights/light_corner_1_blue.prefab","thumbnails/objects/0664_prefab_light_corner_1_blue_61303de8.png","1","0.26 x 2.62 x 0.26",""
"Prefab","Sci-Fi Styled Modular Pack","창·유리","조종실 전면, 관측창, 통제실 화면 주변","decorative_table_glass.prefab","Assets/Sci-Fi Styled Modular Pack/Prefabs/Decorative elements/Tables/decorative_table_glass.prefab","thumbnails/objects/0665_prefab_decorative_table_glass_f2f54327.png","1","2.65 x 1.1 x 1.39",""
"Prefab","Sci-Fi Styled Modular Pack","창·유리","조종실 전면, 관측창, 통제실 화면 주변","decorative_table_no_glass.prefab","Assets/Sci-Fi Styled Modular Pack/Prefabs/Decorative elements/Tables/decorative_table_no_glass.prefab","thumbnails/objects/0666_prefab_decorative_table_no_glass_04aa21ed.png","1","2.65 x 1.1 x 1.39",""
"Prefab","Sci-Fi Styled Modular Pack","창·유리","조종실 전면, 관측창, 통제실 화면 주변","decorative_table_no_glass_only_top.prefab","Assets/Sci-Fi Styled Modular Pack/Prefabs/Decorative elements/Tables/decorative_table_no_glass_only_top.prefab","thumbnails/objects/0667_prefab_decorative_table_no_glass_only_top_053b302a.png","1","2.65 x 1.1 x 1.39",""
"Prefab","Sci-Fi Styled Modular Pack","창·유리","조종실 전면, 관측창, 통제실 화면 주변","decorative_table_small_glass.prefab","Assets/Sci-Fi Styled Modular Pack/Prefabs/Decorative elements/Tables/decorative_table_small_glass.prefab","thumbnails/objects/0668_prefab_decorative_table_small_glass_35cc5673.png","1","1.07 x 1.06 x 1.08",""
"Prefab","Sci-Fi Styled Modular Pack","창·유리","조종실 전면, 관측창, 통제실 화면 주변","decorative_table_small_no_glass.prefab","Assets/Sci-Fi Styled Modular Pack/Prefabs/Decorative elements/Tables/decorative_table_small_no_glass.prefab","thumbnails/objects/0669_prefab_decorative_table_small_no_glass_6dfac5c9.png","1","1.07 x 1.06 x 1.08",""
"Prefab","Sci-Fi Styled Modular Pack","창·유리","조종실 전면, 관측창, 통제실 화면 주변","window_big.prefab","Assets/Sci-Fi Styled Modular Pack/Prefabs/Windows/Complete Windows/window_big.prefab","thumbnails/objects/0670_prefab_window_big_5cdb8c7f.png","3","4 x 4.08 x 1.62",""
"Prefab","Sci-Fi Styled Modular Pack","창·유리","조종실 전면, 관측창, 통제실 화면 주변","window_big_blocker.prefab","Assets/Sci-Fi Styled Modular Pack/Prefabs/Windows/Complete Windows/window_big_blocker.prefab","thumbnails/objects/0671_prefab_window_big_blocker_6ddc6180.png","5","4.07 x 4.08 x 1.71",""
"Prefab","Sci-Fi Styled Modular Pack","창·유리","조종실 전면, 관측창, 통제실 화면 주변","window_big_corner.prefab","Assets/Sci-Fi Styled Modular Pack/Prefabs/Windows/Complete Windows/window_big_corner.prefab","thumbnails/objects/0672_prefab_window_big_corner_569eff25.png","3","4 x 4.08 x 4",""
"Prefab","Sci-Fi Styled Modular Pack","창·유리","조종실 전면, 관측창, 통제실 화면 주변","window_big_corner_blocker.prefab","Assets/Sci-Fi Styled Modular Pack/Prefabs/Windows/Complete Windows/window_big_corner_blocker.prefab","thumbnails/objects/0673_prefab_window_big_corner_blocker_1349a3b6.png","5","4.12 x 4.08 x 4.13",""
"Prefab","Sci-Fi Styled Modular Pack","창·유리","조종실 전면, 관측창, 통제실 화면 주변","window_big_corner_far.prefab","Assets/Sci-Fi Styled Modular Pack/Prefabs/Windows/Complete Windows/window_big_corner_far.prefab","thumbnails/objects/0674_prefab_window_big_corner_far_5a4da6d3.png","3","1.62 x 4.08 x 1.62",""
"Prefab","Sci-Fi Styled Modular Pack","창·유리","조종실 전면, 관측창, 통제실 화면 주변","window_big.prefab","Assets/Sci-Fi Styled Modular Pack/Prefabs/Windows/window_big.prefab","thumbnails/objects/0675_prefab_window_big_33314f3c.png","2","4 x 4 x 1.56",""
"Prefab","Sci-Fi Styled Modular Pack","창·유리","조종실 전면, 관측창, 통제실 화면 주변","window_big_blocker.prefab","Assets/Sci-Fi Styled Modular Pack/Prefabs/Windows/window_big_blocker.prefab","thumbnails/objects/0676_prefab_window_big_blocker_f193776b.png","1","0.07 x 3.53 x 1.49",""
"Prefab","Sci-Fi Styled Modular Pack","창·유리","조종실 전면, 관측창, 통제실 화면 주변","window_big_blocker_2.prefab","Assets/Sci-Fi Styled Modular Pack/Prefabs/Windows/window_big_blocker_2.prefab","thumbnails/objects/0677_prefab_window_big_blocker_2_87d1c510.png","1","0.07 x 3.53 x 1.49",""
"Prefab","Sci-Fi Styled Modular Pack","창·유리","조종실 전면, 관측창, 통제실 화면 주변","window_big_blocker_3.prefab","Assets/Sci-Fi Styled Modular Pack/Prefabs/Windows/window_big_blocker_3.prefab","thumbnails/objects/0678_prefab_window_big_blocker_3_99df8f99.png","1","0.31 x 3.53 x 1.49",""
"Prefab","Sci-Fi Styled Modular Pack","창·유리","조종실 전면, 관측창, 통제실 화면 주변","window_big_corner.prefab","Assets/Sci-Fi Styled Modular Pack/Prefabs/Windows/window_big_corner.prefab","thumbnails/objects/0679_prefab_window_big_corner_4cd777bc.png","2","4 x 4 x 4",""
"Prefab","Sci-Fi Styled Modular Pack","창·유리","조종실 전면, 관측창, 통제실 화면 주변","window_big_corner_far.prefab","Assets/Sci-Fi Styled Modular Pack/Prefabs/Windows/window_big_corner_far.prefab","thumbnails/objects/0680_prefab_window_big_corner_far_0eb180ce.png","2","1.48 x 4 x 1.48",""
"Prefab","Sci-Fi Styled Modular Pack","창·유리","조종실 전면, 관측창, 통제실 화면 주변","window_big_corner_far_plug.prefab","Assets/Sci-Fi Styled Modular Pack/Prefabs/Windows/window_big_corner_far_plug.prefab","thumbnails/objects/0681_prefab_window_big_corner_far_plug_f5d9fbcd.png","1","1.62 x 4.08 x 1.62",""
"Prefab","Sci-Fi Styled Modular Pack","창·유리","조종실 전면, 관측창, 통제실 화면 주변","window_big_corner_plug.prefab","Assets/Sci-Fi Styled Modular Pack/Prefabs/Windows/window_big_corner_plug.prefab","thumbnails/objects/0682_prefab_window_big_corner_plug_b1665ce7.png","1","4 x 4.08 x 4",""
"Prefab","Sci-Fi Styled Modular Pack","창·유리","조종실 전면, 관측창, 통제실 화면 주변","window_big_no_LOD.prefab","Assets/Sci-Fi Styled Modular Pack/Prefabs/Windows/window_big_no_LOD.prefab","thumbnails/objects/0683_prefab_window_big_no_LOD_59318482.png","1","4 x 4 x 1.56",""
"Prefab","Sci-Fi Styled Modular Pack","창·유리","조종실 전면, 관측창, 통제실 화면 주변","window_big_plug.prefab","Assets/Sci-Fi Styled Modular Pack/Prefabs/Windows/window_big_plug.prefab","thumbnails/objects/0684_prefab_window_big_plug_a71a0367.png","1","4 x 4.08 x 1.62",""
"Prefab","Sci-Fi Styled Modular Pack","창·유리","조종실 전면, 관측창, 통제실 화면 주변","window_big_supplement.prefab","Assets/Sci-Fi Styled Modular Pack/Prefabs/Windows/window_big_supplement.prefab","thumbnails/objects/0685_prefab_window_big_supplement_83c4df4a.png","1","0.3 x 4 x 2",""
"Prefab","Sci-Fi Styled Modular Pack","창·유리","조종실 전면, 관측창, 통제실 화면 주변","window_small.prefab","Assets/Sci-Fi Styled Modular Pack/Prefabs/Windows/window_small.prefab","thumbnails/objects/0686_prefab_window_small_4b9a45db.png","1","4 x 4 x 0.42",""
"Prefab","Sci-Fi Styled Modular Pack","터미널·화면","조종실, 통제실, 무기실, 상점/정비 UI 배경 후보","big_screen.prefab","Assets/Sci-Fi Styled Modular Pack/Prefabs/Decorative elements/big_screen.prefab","thumbnails/objects/0687_prefab_big_screen_bb6803c0.png","1","4.32 x 3.5 x 0.09",""
"Prefab","Sci-Fi Styled Modular Pack","터미널·화면","조종실, 통제실, 무기실, 상점/정비 UI 배경 후보","computer_station.prefab","Assets/Sci-Fi Styled Modular Pack/Prefabs/Decorative elements/computer_station.prefab","thumbnails/objects/0688_prefab_computer_station_948c59e7.png","1","1.42 x 2.91 x 0.53",""
"Prefab","Sci-Fi Styled Modular Pack","터미널·화면","조종실, 통제실, 무기실, 상점/정비 UI 배경 후보","console_screen.prefab","Assets/Sci-Fi Styled Modular Pack/Prefabs/Decorative elements/console_screen.prefab","thumbnails/objects/0689_prefab_console_screen_9d3cb44b.png","1","1.22 x 0.89 x 0.07",""
"Prefab","Sci-Fi Styled Modular Pack","터미널·화면","조종실, 통제실, 무기실, 상점/정비 UI 배경 후보","desk_no_computer.prefab","Assets/Sci-Fi Styled Modular Pack/Prefabs/Decorative elements/Tables/desk_no_computer.prefab","thumbnails/objects/0690_prefab_desk_no_computer_58184824.png","1","4.2 x 1.38 x 1.77",""
"Model","Sci-Fi Styled Modular Pack","가구·보관","비품창고, 통제실, 조종실 보조 소품","cabinet.fbx","Assets/Sci-Fi Styled Modular Pack/Models/cabinet.fbx","thumbnails/objects/0691_model_cabinet_ab6111b4.png","1","2 x 1.77 x 1.56","FBX 원본 모델입니다. 같은 형태의 프리팹이 있으면 프리팹 우선 검토."
"Model","Sci-Fi Styled Modular Pack","가구·보관","비품창고, 통제실, 조종실 보조 소품","cabinet_L.fbx","Assets/Sci-Fi Styled Modular Pack/Models/cabinet_L.fbx","thumbnails/objects/0692_model_cabinet_L_ec57af1b.png","1","3 x 1.77 x 3","FBX 원본 모델입니다. 같은 형태의 프리팹이 있으면 프리팹 우선 검토."
"Model","Sci-Fi Styled Modular Pack","가구·보관","비품창고, 통제실, 조종실 보조 소품","cabinet_L_cutted.fbx","Assets/Sci-Fi Styled Modular Pack/Models/cabinet_L_cutted.fbx","thumbnails/objects/0693_model_cabinet_L_cutted_c58a9071.png","1","3 x 1.77 x 3","FBX 원본 모델입니다. 같은 형태의 프리팹이 있으면 프리팹 우선 검토."
"Model","Sci-Fi Styled Modular Pack","가구·보관","비품창고, 통제실, 조종실 보조 소품","decorative_chair.fbx","Assets/Sci-Fi Styled Modular Pack/Models/decorative_chair.fbx","thumbnails/objects/0694_model_decorative_chair_7a9fabac.png","1","1.08 x 1.56 x 1.29","FBX 원본 모델입니다. 같은 형태의 프리팹이 있으면 프리팹 우선 검토."
"Model","Sci-Fi Styled Modular Pack","가구·보관","비품창고, 통제실, 조종실 보조 소품","decorative_chair_LOD0.fbx","Assets/Sci-Fi Styled Modular Pack/Models/decorative_chair_LOD0.fbx","thumbnails/objects/0695_model_decorative_chair_LOD0_78e6a6b8.png","1","1.08 x 1.56 x 1.29","FBX 원본 모델입니다. 같은 형태의 프리팹이 있으면 프리팹 우선 검토."
"Model","Sci-Fi Styled Modular Pack","가구·보관","비품창고, 통제실, 조종실 보조 소품","decorative_chair_LOD1.fbx","Assets/Sci-Fi Styled Modular Pack/Models/decorative_chair_LOD1.fbx","thumbnails/objects/0696_model_decorative_chair_LOD1_e7d866f3.png","1","1.08 x 1.55 x 1.29","FBX 원본 모델입니다. 같은 형태의 프리팹이 있으면 프리팹 우선 검토."
"Model","Sci-Fi Styled Modular Pack","가구·보관","비품창고, 통제실, 조종실 보조 소품","shelf.fbx","Assets/Sci-Fi Styled Modular Pack/Models/shelf.fbx","thumbnails/objects/0697_model_shelf_5a091df4.png","1","1.67 x 3 x 0.55","FBX 원본 모델입니다. 같은 형태의 프리팹이 있으면 프리팹 우선 검토."
"Model","Sci-Fi Styled Modular Pack","가구·보관","비품창고, 통제실, 조종실 보조 소품","shelf_small.fbx","Assets/Sci-Fi Styled Modular Pack/Models/shelf_small.fbx","thumbnails/objects/0698_model_shelf_small_dabd4638.png","1","1.67 x 1.5 x 0.55","FBX 원본 모델입니다. 같은 형태의 프리팹이 있으면 프리팹 우선 검토."
"Model","Sci-Fi Styled Modular Pack","가구·보관","비품창고, 통제실, 조종실 보조 소품","storage_container_big.fbx","Assets/Sci-Fi Styled Modular Pack/Models/storage_container_big.fbx","thumbnails/objects/0699_model_storage_container_big_9324b690.png","1","3.8 x 1.07 x 3.8","FBX 원본 모델입니다. 같은 형태의 프리팹이 있으면 프리팹 우선 검토."
"Model","Sci-Fi Styled Modular Pack","가구·보관","비품창고, 통제실, 조종실 보조 소품","storage_container_small.fbx","Assets/Sci-Fi Styled Modular Pack/Models/storage_container_small.fbx","thumbnails/objects/0700_model_storage_container_small_e47d2f1d.png","1","3.8 x 1.07 x 3.8","FBX 원본 모델입니다. 같은 형태의 프리팹이 있으면 프리팹 우선 검토."
"Model","Sci-Fi Styled Modular Pack","가구·보관","비품창고, 통제실, 조종실 보조 소품","table_2.fbx","Assets/Sci-Fi Styled Modular Pack/Models/table_2.fbx","thumbnails/objects/0701_model_table_2_f1c2a301.png","1","2.83 x 1.22 x 3.27","FBX 원본 모델입니다. 같은 형태의 프리팹이 있으면 프리팹 우선 검토."
"Model","Sci-Fi Styled Modular Pack","기계·구조물","동력실, 무기실, 화물칸 외곽, 복도 보강재","Cylinder_16_extended.fbx","Assets/Sci-Fi Styled Modular Pack/Models/Cylinder_16_extended.fbx","thumbnails/objects/0702_model_Cylinder_16_extended_02953570.png","1","2 x 2 x 2","FBX 원본 모델입니다. 같은 형태의 프리팹이 있으면 프리팹 우선 검토."
"Model","Sci-Fi Styled Modular Pack","기계·구조물","동력실, 무기실, 화물칸 외곽, 복도 보강재","Joint_T_6.fbx","Assets/Sci-Fi Styled Modular Pack/Models/Joint_T_6.fbx","thumbnails/objects/0703_model_Joint_T_6_47220f4e.png","1","0.58 x 0.9 x 0.3","FBX 원본 모델입니다. 같은 형태의 프리팹이 있으면 프리팹 우선 검토."
"Model","Sci-Fi Styled Modular Pack","기계·구조물","동력실, 무기실, 화물칸 외곽, 복도 보강재","Joint_X_6.fbx","Assets/Sci-Fi Styled Modular Pack/Models/Joint_X_6.fbx","thumbnails/objects/0704_model_Joint_X_6_36b6605a.png","1","0.9 x 0.9 x 0.3","FBX 원본 모델입니다. 같은 형태의 프리팹이 있으면 프리팹 우선 검토."
"Model","Sci-Fi Styled Modular Pack","기계·구조물","동력실, 무기실, 화물칸 외곽, 복도 보강재","Joint_Y_6.fbx","Assets/Sci-Fi Styled Modular Pack/Models/Joint_Y_6.fbx","thumbnails/objects/0705_model_Joint_Y_6_461f6f05.png","1","0.82 x 0.86 x 0.3","FBX 원본 모델입니다. 같은 형태의 프리팹이 있으면 프리팹 우선 검토."
"Model","Sci-Fi Styled Modular Pack","기타","형태 확인 후 용도 결정","art_1.fbx","Assets/Sci-Fi Styled Modular Pack/Models/art_1.fbx","thumbnails/objects/0706_model_art_1_b1d04c19.png","1","0.28 x 0.43 x 0.36","FBX 원본 모델입니다. 같은 형태의 프리팹이 있으면 프리팹 우선 검토."
"Model","Sci-Fi Styled Modular Pack","기타","형태 확인 후 용도 결정","art_2.fbx","Assets/Sci-Fi Styled Modular Pack/Models/art_2.fbx","thumbnails/objects/0707_model_art_2_6e1d0aa8.png","1","0.22 x 0.56 x 0.23","FBX 원본 모델입니다. 같은 형태의 프리팹이 있으면 프리팹 우선 검토."
"Model","Sci-Fi Styled Modular Pack","기타","형태 확인 후 용도 결정","art_3.fbx","Assets/Sci-Fi Styled Modular Pack/Models/art_3.fbx","thumbnails/objects/0708_model_art_3_89783be3.png","1","0.34 x 0.44 x 0.31","FBX 원본 모델입니다. 같은 형태의 프리팹이 있으면 프리팹 우선 검토."
"Model","Sci-Fi Styled Modular Pack","기타","형태 확인 후 용도 결정","art_4.fbx","Assets/Sci-Fi Styled Modular Pack/Models/art_4.fbx","thumbnails/objects/0709_model_art_4_a811fdd2.png","1","0.35 x 0.52 x 0.37","FBX 원본 모델입니다. 같은 형태의 프리팹이 있으면 프리팹 우선 검토."
"Model","Sci-Fi Styled Modular Pack","기타","형태 확인 후 용도 결정","art_5.fbx","Assets/Sci-Fi Styled Modular Pack/Models/art_5.fbx","thumbnails/objects/0710_model_art_5_1386c285.png","1","0.33 x 0.45 x 0.18","FBX 원본 모델입니다. 같은 형태의 프리팹이 있으면 프리팹 우선 검토."
"Model","Sci-Fi Styled Modular Pack","기타","형태 확인 후 용도 결정","art_6.fbx","Assets/Sci-Fi Styled Modular Pack/Models/art_6.fbx","thumbnails/objects/0711_model_art_6_fdf619c4.png","1","0.21 x 0.42 x 0.22","FBX 원본 모델입니다. 같은 형태의 프리팹이 있으면 프리팹 우선 검토."
"Model","Sci-Fi Styled Modular Pack","기타","형태 확인 후 용도 결정","battery.fbx","Assets/Sci-Fi Styled Modular Pack/Models/battery.fbx","thumbnails/objects/0712_model_battery_10c44b31.png","1","2 x 2.88 x 2","FBX 원본 모델입니다. 같은 형태의 프리팹이 있으면 프리팹 우선 검토."
"Model","Sci-Fi Styled Modular Pack","기타","형태 확인 후 용도 결정","battery_big.fbx","Assets/Sci-Fi Styled Modular Pack/Models/battery_big.fbx","thumbnails/objects/0713_model_battery_big_2d8ab41c.png","1","3.78 x 3.88 x 4.16","FBX 원본 모델입니다. 같은 형태의 프리팹이 있으면 프리팹 우선 검토."
"Model","Sci-Fi Styled Modular Pack","기타","형태 확인 후 용도 결정","battery_medium.fbx","Assets/Sci-Fi Styled Modular Pack/Models/battery_medium.fbx","thumbnails/objects/0714_model_battery_medium_3dbe4c89.png","1","2 x 3.88 x 2","FBX 원본 모델입니다. 같은 형태의 프리팹이 있으면 프리팹 우선 검토."
"Model","Sci-Fi Styled Modular Pack","기타","형태 확인 후 용도 결정","bed.fbx","Assets/Sci-Fi Styled Modular Pack/Models/bed.fbx","thumbnails/objects/0715_model_bed_86506e8b.png","1","2.19 x 1.66 x 4.2","FBX 원본 모델입니다. 같은 형태의 프리팹이 있으면 프리팹 우선 검토."
"Model","Sci-Fi Styled Modular Pack","기타","형태 확인 후 용도 결정","bulletin_board_big.fbx","Assets/Sci-Fi Styled Modular Pack/Models/bulletin_board_big.fbx","thumbnails/objects/0716_model_bulletin_board_big_b265bdcd.png","1","2.36 x 3.75 x 0.43","FBX 원본 모델입니다. 같은 형태의 프리팹이 있으면 프리팹 우선 검토."
"Model","Sci-Fi Styled Modular Pack","기타","형태 확인 후 용도 결정","bulletin_board_small.fbx","Assets/Sci-Fi Styled Modular Pack/Models/bulletin_board_small.fbx","thumbnails/objects/0717_model_bulletin_board_small_328cd5e0.png","1","1.62 x 3.75 x 0.43","FBX 원본 모델입니다. 같은 형태의 프리팹이 있으면 프리팹 우선 검토."
"Model","Sci-Fi Styled Modular Pack","기타","형태 확인 후 용도 결정","bunk_bed.fbx","Assets/Sci-Fi Styled Modular Pack/Models/bunk_bed.fbx","thumbnails/objects/0718_model_bunk_bed_c7b87f82.png","1","1.84 x 3.37 x 3.79","FBX 원본 모델입니다. 같은 형태의 프리팹이 있으면 프리팹 우선 검토."
"Model","Sci-Fi Styled Modular Pack","기타","형태 확인 후 용도 결정","column_end.fbx","Assets/Sci-Fi Styled Modular Pack/Models/column_end.fbx","thumbnails/objects/0719_model_column_end_febfa1a4.png","1","0.8 x 4 x 0.8","FBX 원본 모델입니다. 같은 형태의 프리팹이 있으면 프리팹 우선 검토."
"Model","Sci-Fi Styled Modular Pack","기타","형태 확인 후 용도 결정","column_kneel.fbx","Assets/Sci-Fi Styled Modular Pack/Models/column_kneel.fbx","thumbnails/objects/0720_model_column_kneel_58de79cc.png","1","3.1 x 3.1 x 0.52","FBX 원본 모델입니다. 같은 형태의 프리팹이 있으면 프리팹 우선 검토."
"Model","Sci-Fi Styled Modular Pack","기타","형태 확인 후 용도 결정","column_kneel_2.fbx","Assets/Sci-Fi Styled Modular Pack/Models/column_kneel_2.fbx","thumbnails/objects/0721_model_column_kneel_2_0a31f44d.png","1","3.06 x 3.06 x 0.44","FBX 원본 모델입니다. 같은 형태의 프리팹이 있으면 프리팹 우선 검토."
"Model","Sci-Fi Styled Modular Pack","기타","형태 확인 후 용도 결정","column_middle.fbx","Assets/Sci-Fi Styled Modular Pack/Models/column_middle.fbx","thumbnails/objects/0722_model_column_middle_cc21c2f6.png","1","0.51 x 4 x 0.44","FBX 원본 모델입니다. 같은 형태의 프리팹이 있으면 프리팹 우선 검토."
"Model","Sci-Fi Styled Modular Pack","기타","형태 확인 후 용도 결정","console.fbx","Assets/Sci-Fi Styled Modular Pack/Models/console.fbx","thumbnails/objects/0723_model_console_9cc4b2a1.png","1","1.3 x 2.15 x 0.89","FBX 원본 모델입니다. 같은 형태의 프리팹이 있으면 프리팹 우선 검토."
"Model","Sci-Fi Styled Modular Pack","기타","형태 확인 후 용도 결정","console_celing.fbx","Assets/Sci-Fi Styled Modular Pack/Models/console_celing.fbx","thumbnails/objects/0724_model_console_celing_7be3e402.png","1","1.3 x 2.16 x 1.84","FBX 원본 모델입니다. 같은 형태의 프리팹이 있으면 프리팹 우선 검토."
"Model","Sci-Fi Styled Modular Pack","기타","형태 확인 후 용도 결정","container_big.fbx","Assets/Sci-Fi Styled Modular Pack/Models/container_big.fbx","thumbnails/objects/0725_model_container_big_63688302.png","1","3.45 x 3.13 x 3.45","FBX 원본 모델입니다. 같은 형태의 프리팹이 있으면 프리팹 우선 검토."
"Model","Sci-Fi Styled Modular Pack","기타","형태 확인 후 용도 결정","container_small.fbx","Assets/Sci-Fi Styled Modular Pack/Models/container_small.fbx","thumbnails/objects/0726_model_container_small_d863a533.png","1","1.5 x 1.56 x 1.5","FBX 원본 모델입니다. 같은 형태의 프리팹이 있으면 프리팹 우선 검토."
"Model","Sci-Fi Styled Modular Pack","기타","형태 확인 후 용도 결정","Cube_1x1_extended.fbx","Assets/Sci-Fi Styled Modular Pack/Models/Cube_1x1_extended.fbx","thumbnails/objects/0727_model_Cube_1x1_extended_e156610e.png","1","2 x 2 x 2","FBX 원본 모델입니다. 같은 형태의 프리팹이 있으면 프리팹 우선 검토."
"Model","Sci-Fi Styled Modular Pack","기타","형태 확인 후 용도 결정","Cube_1x2_extended.fbx","Assets/Sci-Fi Styled Modular Pack/Models/Cube_1x2_extended.fbx","thumbnails/objects/0728_model_Cube_1x2_extended_00354a75.png","1","4 x 2 x 2","FBX 원본 모델입니다. 같은 형태의 프리팹이 있으면 프리팹 우선 검토."
"Model","Sci-Fi Styled Modular Pack","기타","형태 확인 후 용도 결정","Cube_2x2_extended.fbx","Assets/Sci-Fi Styled Modular Pack/Models/Cube_2x2_extended.fbx","thumbnails/objects/0729_model_Cube_2x2_extended_b76f67e6.png","1","4 x 2 x 4","FBX 원본 모델입니다. 같은 형태의 프리팹이 있으면 프리팹 우선 검토."
"Model","Sci-Fi Styled Modular Pack","기타","형태 확인 후 용도 결정","decorative_pilow.fbx","Assets/Sci-Fi Styled Modular Pack/Models/decorative_pilow.fbx","thumbnails/objects/0730_model_decorative_pilow_90a7c25e.png","1","0.69 x 0.17 x 0.75","FBX 원본 모델입니다. 같은 형태의 프리팹이 있으면 프리팹 우선 검토."
"Model","Sci-Fi Styled Modular Pack","기타","형태 확인 후 용도 결정","decorative_pilow_LOD0.fbx","Assets/Sci-Fi Styled Modular Pack/Models/decorative_pilow_LOD0.fbx","thumbnails/objects/0731_model_decorative_pilow_LOD0_2f8e679e.png","1","0.69 x 0.17 x 0.75","FBX 원본 모델입니다. 같은 형태의 프리팹이 있으면 프리팹 우선 검토."
"Model","Sci-Fi Styled Modular Pack","기타","형태 확인 후 용도 결정","decorative_pilow_LOD1.fbx","Assets/Sci-Fi Styled Modular Pack/Models/decorative_pilow_LOD1.fbx","thumbnails/objects/0732_model_decorative_pilow_LOD1_cdd55e81.png","1","0.68 x 0.16 x 0.74","FBX 원본 모델입니다. 같은 형태의 프리팹이 있으면 프리팹 우선 검토."
"Model","Sci-Fi Styled Modular Pack","기타","형태 확인 후 용도 결정","decorative_plant.fbx","Assets/Sci-Fi Styled Modular Pack/Models/decorative_plant.fbx","thumbnails/objects/0733_model_decorative_plant_af873a94.png","1","1.6 x 2.02 x 1.46","FBX 원본 모델입니다. 같은 형태의 프리팹이 있으면 프리팹 우선 검토."
"Model","Sci-Fi Styled Modular Pack","기타","형태 확인 후 용도 결정","decorative_plant_desk.fbx","Assets/Sci-Fi Styled Modular Pack/Models/decorative_plant_desk.fbx","thumbnails/objects/0734_model_decorative_plant_desk_08ca7f6c.png","1","0.43 x 0.51 x 0.39","FBX 원본 모델입니다. 같은 형태의 프리팹이 있으면 프리팹 우선 검토."
"Model","Sci-Fi Styled Modular Pack","기타","형태 확인 후 용도 결정","decorative_plant_small.fbx","Assets/Sci-Fi Styled Modular Pack/Models/decorative_plant_small.fbx","thumbnails/objects/0735_model_decorative_plant_small_97658c98.png","1","0.82 x 0.97 x 0.75","FBX 원본 모델입니다. 같은 형태의 프리팹이 있으면 프리팹 우선 검토."
"Model","Sci-Fi Styled Modular Pack","기타","형태 확인 후 용도 결정","decorative_sofa.fbx","Assets/Sci-Fi Styled Modular Pack/Models/decorative_sofa.fbx","thumbnails/objects/0736_model_decorative_sofa_e67a2f38.png","1","3.24 x 1.56 x 1.29","FBX 원본 모델입니다. 같은 형태의 프리팹이 있으면 프리팹 우선 검토."
"Model","Sci-Fi Styled Modular Pack","기타","형태 확인 후 용도 결정","decorative_sofa_LOD0.fbx","Assets/Sci-Fi Styled Modular Pack/Models/decorative_sofa_LOD0.fbx","thumbnails/objects/0737_model_decorative_sofa_LOD0_d4564b0c.png","1","3.24 x 1.56 x 1.29","FBX 원본 모델입니다. 같은 형태의 프리팹이 있으면 프리팹 우선 검토."
"Model","Sci-Fi Styled Modular Pack","기타","형태 확인 후 용도 결정","decorative_sofa_LOD1.fbx","Assets/Sci-Fi Styled Modular Pack/Models/decorative_sofa_LOD1.fbx","thumbnails/objects/0738_model_decorative_sofa_LOD1_3d0b9637.png","1","3.24 x 1.55 x 1.29","FBX 원본 모델입니다. 같은 형태의 프리팹이 있으면 프리팹 우선 검토."
"Model","Sci-Fi Styled Modular Pack","기타","형태 확인 후 용도 결정","desk.fbx","Assets/Sci-Fi Styled Modular Pack/Models/desk.fbx","thumbnails/objects/0739_model_desk_1b0b7de1.png","1","4.2 x 2.08 x 1.77","FBX 원본 모델입니다. 같은 형태의 프리팹이 있으면 프리팹 우선 검토."
"Model","Sci-Fi Styled Modular Pack","기타","형태 확인 후 용도 결정","desk_LOD0.fbx","Assets/Sci-Fi Styled Modular Pack/Models/desk_LOD0.fbx","thumbnails/objects/0740_model_desk_LOD0_027a717b.png","1","4.2 x 2.08 x 1.77","FBX 원본 모델입니다. 같은 형태의 프리팹이 있으면 프리팹 우선 검토."
"Model","Sci-Fi Styled Modular Pack","기타","형태 확인 후 용도 결정","double_bed.fbx","Assets/Sci-Fi Styled Modular Pack/Models/double_bed.fbx","thumbnails/objects/0741_model_double_bed_1d2f8dfd.png","1","4.22 x 1.66 x 4.2","FBX 원본 모델입니다. 같은 형태의 프리팹이 있으면 프리팹 우선 검토."
"Model","Sci-Fi Styled Modular Pack","기타","형태 확인 후 용도 결정","generator.fbx","Assets/Sci-Fi Styled Modular Pack/Models/generator.fbx","thumbnails/objects/0742_model_generator_bd17bb85.png","1","2.41 x 2.43 x 4.66","FBX 원본 모델입니다. 같은 형태의 프리팹이 있으면 프리팹 우선 검토."
"Model","Sci-Fi Styled Modular Pack","기타","형태 확인 후 용도 결정","hologram.fbx","Assets/Sci-Fi Styled Modular Pack/Models/hologram.fbx","thumbnails/objects/0743_model_hologram_e67d623b.png","1","5.42 x 4.12 x 5.42","FBX 원본 모델입니다. 같은 형태의 프리팹이 있으면 프리팹 우선 검토."
"Model","Sci-Fi Styled Modular Pack","기타","형태 확인 후 용도 결정","hologram_LOD0.fbx","Assets/Sci-Fi Styled Modular Pack/Models/hologram_LOD0.fbx","thumbnails/objects/0744_model_hologram_LOD0_0f8bbcf1.png","1","5.42 x 4.12 x 5.42","FBX 원본 모델입니다. 같은 형태의 프리팹이 있으면 프리팹 우선 검토."
"Model","Sci-Fi Styled Modular Pack","기타","형태 확인 후 용도 결정","hologram_LOD1.fbx","Assets/Sci-Fi Styled Modular Pack/Models/hologram_LOD1.fbx","thumbnails/objects/0745_model_hologram_LOD1_74b72b0e.png","1","5.22 x 4.12 x 5.22","FBX 원본 모델입니다. 같은 형태의 프리팹이 있으면 프리팹 우선 검토."
"Model","Sci-Fi Styled Modular Pack","기타","형태 확인 후 용도 결정","hydroponic.fbx","Assets/Sci-Fi Styled Modular Pack/Models/hydroponic.fbx","thumbnails/objects/0746_model_hydroponic_bbfe37af.png","1","2.89 x 2.15 x 1.63","FBX 원본 모델입니다. 같은 형태의 프리팹이 있으면 프리팹 우선 검토."
"Model","Sci-Fi Styled Modular Pack","기타","형태 확인 후 용도 결정","pilot_seat.fbx","Assets/Sci-Fi Styled Modular Pack/Models/pilot_seat.fbx","thumbnails/objects/0747_model_pilot_seat_65c539d6.png","1","1.29 x 2.55 x 1.62","FBX 원본 모델입니다. 같은 형태의 프리팹이 있으면 프리팹 우선 검토."
"Model","Sci-Fi Styled Modular Pack","기타","형태 확인 후 용도 결정","projector.fbx","Assets/Sci-Fi Styled Modular Pack/Models/projector.fbx","thumbnails/objects/0748_model_projector_07fff544.png","1","4.78 x 2.24 x 4.78","FBX 원본 모델입니다. 같은 형태의 프리팹이 있으면 프리팹 우선 검토."
"Model","Sci-Fi Styled Modular Pack","기타","형태 확인 후 용도 결정","projector_2.fbx","Assets/Sci-Fi Styled Modular Pack/Models/projector_2.fbx","thumbnails/objects/0749_model_projector_2_6aedacf5.png","1","5.31 x 2.25 x 5.31","FBX 원본 모델입니다. 같은 형태의 프리팹이 있으면 프리팹 우선 검토."
"Model","Sci-Fi Styled Modular Pack","기타","형태 확인 후 용도 결정","projector_LOD0.fbx","Assets/Sci-Fi Styled Modular Pack/Models/projector_LOD0.fbx","thumbnails/objects/0750_model_projector_LOD0_44ead770.png","1","4.78 x 2.24 x 4.78","FBX 원본 모델입니다. 같은 형태의 프리팹이 있으면 프리팹 우선 검토."
"Model","Sci-Fi Styled Modular Pack","기타","형태 확인 후 용도 결정","projector_LOD1.fbx","Assets/Sci-Fi Styled Modular Pack/Models/projector_LOD1.fbx","thumbnails/objects/0751_model_projector_LOD1_e2a7854b.png","1","4.78 x 2.23 x 4.78","FBX 원본 모델입니다. 같은 형태의 프리팹이 있으면 프리팹 우선 검토."
"Model","Sci-Fi Styled Modular Pack","기타","형태 확인 후 용도 결정","rotor.fbx","Assets/Sci-Fi Styled Modular Pack/Models/rotor.fbx","thumbnails/objects/0752_model_rotor_902c6edc.png","1","3.54 x 1.94 x 1.94","FBX 원본 모델입니다. 같은 형태의 프리팹이 있으면 프리팹 우선 검토."
"Model","Sci-Fi Styled Modular Pack","기타","형태 확인 후 용도 결정","shield_generator.fbx","Assets/Sci-Fi Styled Modular Pack/Models/shield_generator.fbx","thumbnails/objects/0753_model_shield_generator_ee57acf7.png","1","6.37 x 3.79 x 6.53","FBX 원본 모델입니다. 같은 형태의 프리팹이 있으면 프리팹 우선 검토."
"Model","Sci-Fi Styled Modular Pack","기타","형태 확인 후 용도 결정","shield_generator_rotor.fbx","Assets/Sci-Fi Styled Modular Pack/Models/shield_generator_rotor.fbx","thumbnails/objects/0754_model_shield_generator_rotor_beb08b40.png","1","3.54 x 1.94 x 1.94","FBX 원본 모델입니다. 같은 형태의 프리팹이 있으면 프리팹 우선 검토."
"Model","Sci-Fi Styled Modular Pack","기타","형태 확인 후 용도 결정","sign.fbx","Assets/Sci-Fi Styled Modular Pack/Models/sign.fbx","thumbnails/objects/0755_model_sign_a11c5445.png","1","3.1 x 1.01 x 0.1","FBX 원본 모델입니다. 같은 형태의 프리팹이 있으면 프리팹 우선 검토."
"Model","Sci-Fi Styled Modular Pack","기타","형태 확인 후 용도 결정","sing.fbx","Assets/Sci-Fi Styled Modular Pack/Models/sing.fbx","thumbnails/objects/0756_model_sing_7c2958ef.png","1","2.45 x 0.8 x 0.08","FBX 원본 모델입니다. 같은 형태의 프리팹이 있으면 프리팹 우선 검토."
"Model","Sci-Fi Styled Modular Pack","기타","형태 확인 후 용도 결정","sing_small.fbx","Assets/Sci-Fi Styled Modular Pack/Models/sing_small.fbx","thumbnails/objects/0757_model_sing_small_18e1b877.png","1","1.45 x 0.8 x 0.08","FBX 원본 모델입니다. 같은 형태의 프리팹이 있으면 프리팹 우선 검토."
"Model","Sci-Fi Styled Modular Pack","기타","형태 확인 후 용도 결정","Sphere_16_extended.fbx","Assets/Sci-Fi Styled Modular Pack/Models/Sphere_16_extended.fbx","thumbnails/objects/0758_model_Sphere_16_extended_7c12cadb.png","1","1.96 x 1.89 x 1.96","FBX 원본 모델입니다. 같은 형태의 프리팹이 있으면 프리팹 우선 검토."
"Model","Sci-Fi Styled Modular Pack","기타","형태 확인 후 용도 결정","Sphere_32_extended.fbx","Assets/Sci-Fi Styled Modular Pack/Models/Sphere_32_extended.fbx","thumbnails/objects/0759_model_Sphere_32_extended_7186203d.png","1","1.96 x 1.89 x 1.96","FBX 원본 모델입니다. 같은 형태의 프리팹이 있으면 프리팹 우선 검토."
"Model","Sci-Fi Styled Modular Pack","기타","형태 확인 후 용도 결정","torpedo.fbx","Assets/Sci-Fi Styled Modular Pack/Models/torpedo.fbx","thumbnails/objects/0760_model_torpedo_d414619b.png","1","0.79 x 0.79 x 7.18","FBX 원본 모델입니다. 같은 형태의 프리팹이 있으면 프리팹 우선 검토."
"Model","Sci-Fi Styled Modular Pack","기타","형태 확인 후 용도 결정","torpedo_docking_station_1_side.fbx","Assets/Sci-Fi Styled Modular Pack/Models/torpedo_docking_station_1_side.fbx","thumbnails/objects/0761_model_torpedo_docking_station_1_side_40a25de4.png","1","4.93 x 3.81 x 7.21","FBX 원본 모델입니다. 같은 형태의 프리팹이 있으면 프리팹 우선 검토."
"Model","Sci-Fi Styled Modular Pack","기타","형태 확인 후 용도 결정","torpedo_docking_station_2_side.fbx","Assets/Sci-Fi Styled Modular Pack/Models/torpedo_docking_station_2_side.fbx","thumbnails/objects/0762_model_torpedo_docking_station_2_side_bfe2c8f7.png","1","9.21 x 3.81 x 7.21","FBX 원본 모델입니다. 같은 형태의 프리팹이 있으면 프리팹 우선 검토."
"Model","Sci-Fi Styled Modular Pack","기타","형태 확인 후 용도 결정","vending_machine.fbx","Assets/Sci-Fi Styled Modular Pack/Models/vending_machine.fbx","thumbnails/objects/0763_model_vending_machine_41ffad5f.png","1","2.4 x 4 x 1.15","FBX 원본 모델입니다. 같은 형태의 프리팹이 있으면 프리팹 우선 검토."
"Model","Sci-Fi Styled Modular Pack","문","복도, 화물칸, 방 입구, 공통 선체 마감","door_1_left.fbx","Assets/Sci-Fi Styled Modular Pack/Models/door_1_left.fbx","thumbnails/objects/0764_model_door_1_left_49e97164.png","1","1.35 x 3.86 x 0.15","FBX 원본 모델입니다. 같은 형태의 프리팹이 있으면 프리팹 우선 검토."
"Model","Sci-Fi Styled Modular Pack","문","복도, 화물칸, 방 입구, 공통 선체 마감","door_1_right.fbx","Assets/Sci-Fi Styled Modular Pack/Models/door_1_right.fbx","thumbnails/objects/0765_model_door_1_right_860b0185.png","1","1.62 x 3.86 x 0.15","FBX 원본 모델입니다. 같은 형태의 프리팹이 있으면 프리팹 우선 검토."
"Model","Sci-Fi Styled Modular Pack","문","복도, 화물칸, 방 입구, 공통 선체 마감","door_2_left.fbx","Assets/Sci-Fi Styled Modular Pack/Models/door_2_left.fbx","thumbnails/objects/0766_model_door_2_left_891b665f.png","1","3.86 x 2.35 x 0.12","FBX 원본 모델입니다. 같은 형태의 프리팹이 있으면 프리팹 우선 검토."
"Model","Sci-Fi Styled Modular Pack","문","복도, 화물칸, 방 입구, 공통 선체 마감","door_2_right.fbx","Assets/Sci-Fi Styled Modular Pack/Models/door_2_right.fbx","thumbnails/objects/0767_model_door_2_right_4a69b270.png","1","3.86 x 2.12 x 0.1","FBX 원본 모델입니다. 같은 형태의 프리팹이 있으면 프리팹 우선 검토."
"Model","Sci-Fi Styled Modular Pack","문","복도, 화물칸, 방 입구, 공통 선체 마감","door_3_bottom_A.fbx","Assets/Sci-Fi Styled Modular Pack/Models/door_3_bottom_A.fbx","thumbnails/objects/0768_model_door_3_bottom_A_1576f204.png","1","2.8 x 1.1 x 0.38","FBX 원본 모델입니다. 같은 형태의 프리팹이 있으면 프리팹 우선 검토."
"Model","Sci-Fi Styled Modular Pack","문","복도, 화물칸, 방 입구, 공통 선체 마감","door_3_bottom_B.fbx","Assets/Sci-Fi Styled Modular Pack/Models/door_3_bottom_B.fbx","thumbnails/objects/0769_model_door_3_bottom_B_2b079ac5.png","1","2.8 x 0.8 x 0.14","FBX 원본 모델입니다. 같은 형태의 프리팹이 있으면 프리팹 우선 검토."
"Model","Sci-Fi Styled Modular Pack","문","복도, 화물칸, 방 입구, 공통 선체 마감","door_3_top_A.fbx","Assets/Sci-Fi Styled Modular Pack/Models/door_3_top_A.fbx","thumbnails/objects/0770_model_door_3_top_A_44f9dc66.png","1","2.8 x 0.96 x 0.38","FBX 원본 모델입니다. 같은 형태의 프리팹이 있으면 프리팹 우선 검토."
"Model","Sci-Fi Styled Modular Pack","문","복도, 화물칸, 방 입구, 공통 선체 마감","door_3_top_B.fbx","Assets/Sci-Fi Styled Modular Pack/Models/door_3_top_B.fbx","thumbnails/objects/0771_model_door_3_top_B_d9c5aa53.png","1","2.8 x 1.07 x 0.17","FBX 원본 모델입니다. 같은 형태의 프리팹이 있으면 프리팹 우선 검토."
"Model","Sci-Fi Styled Modular Pack","문","복도, 화물칸, 방 입구, 공통 선체 마감","frame_door_1.fbx","Assets/Sci-Fi Styled Modular Pack/Models/frame_door_1.fbx","thumbnails/objects/0772_model_frame_door_1_2578a8be.png","1","4 x 4.05 x 0.86","FBX 원본 모델입니다. 같은 형태의 프리팹이 있으면 프리팹 우선 검토."
"Model","Sci-Fi Styled Modular Pack","문","복도, 화물칸, 방 입구, 공통 선체 마감","frame_door_1_colision_mesh.fbx","Assets/Sci-Fi Styled Modular Pack/Models/frame_door_1_colision_mesh.fbx","thumbnails/objects/0773_model_frame_door_1_colision_mesh_5e228419.png","1","4.04 x 4.1 x 0.92","FBX 원본 모델입니다. 같은 형태의 프리팹이 있으면 프리팹 우선 검토."
"Model","Sci-Fi Styled Modular Pack","문","복도, 화물칸, 방 입구, 공통 선체 마감","frame_door_2.fbx","Assets/Sci-Fi Styled Modular Pack/Models/frame_door_2.fbx","thumbnails/objects/0774_model_frame_door_2_249805cb.png","1","4 x 4.05 x 0.86","FBX 원본 모델입니다. 같은 형태의 프리팹이 있으면 프리팹 우선 검토."
"Model","Sci-Fi Styled Modular Pack","문","복도, 화물칸, 방 입구, 공통 선체 마감","frame_door_2_colision_mesh.fbx","Assets/Sci-Fi Styled Modular Pack/Models/frame_door_2_colision_mesh.fbx","thumbnails/objects/0775_model_frame_door_2_colision_mesh_f8b09e98.png","1","4.04 x 4.1 x 0.92","FBX 원본 모델입니다. 같은 형태의 프리팹이 있으면 프리팹 우선 검토."
"Model","Sci-Fi Styled Modular Pack","문","복도, 화물칸, 방 입구, 공통 선체 마감","frame_door_3.fbx","Assets/Sci-Fi Styled Modular Pack/Models/frame_door_3.fbx","thumbnails/objects/0776_model_frame_door_3_86db57f0.png","1","4 x 4.05 x 0.86","FBX 원본 모델입니다. 같은 형태의 프리팹이 있으면 프리팹 우선 검토."
"Model","Sci-Fi Styled Modular Pack","문","복도, 화물칸, 방 입구, 공통 선체 마감","frame_door_3_colision_mesh.fbx","Assets/Sci-Fi Styled Modular Pack/Models/frame_door_3_colision_mesh.fbx","thumbnails/objects/0777_model_frame_door_3_colision_mesh_0b8929b3.png","1","4 x 4.1 x 0.92","FBX 원본 모델입니다. 같은 형태의 프리팹이 있으면 프리팹 우선 검토."
"Model","Sci-Fi Styled Modular Pack","문","복도, 화물칸, 방 입구, 공통 선체 마감","glass_panel_1_door.fbx","Assets/Sci-Fi Styled Modular Pack/Models/glass_panel_1_door.fbx","thumbnails/objects/0778_model_glass_panel_1_door_e28887a6.png","1","1.32 x 2.99 x 0.14","FBX 원본 모델입니다. 같은 형태의 프리팹이 있으면 프리팹 우선 검토."
"Model","Sci-Fi Styled Modular Pack","문","복도, 화물칸, 방 입구, 공통 선체 마감","glass_panel_1_with_door.fbx","Assets/Sci-Fi Styled Modular Pack/Models/glass_panel_1_with_door.fbx","thumbnails/objects/0779_model_glass_panel_1_with_door_6a979a93.png","1","4 x 4 x 0.33","FBX 원본 모델입니다. 같은 형태의 프리팹이 있으면 프리팹 우선 검토."
"Model","Sci-Fi Styled Modular Pack","바닥·계단","복도, 화물칸, 방 입구, 공통 선체 마감","floor_1.fbx","Assets/Sci-Fi Styled Modular Pack/Models/floor_1.fbx","thumbnails/objects/0780_model_floor_1_d7400bde.png","1","4 x 0.1 x 4","FBX 원본 모델입니다. 같은 형태의 프리팹이 있으면 프리팹 우선 검토."
"Model","Sci-Fi Styled Modular Pack","바닥·계단","복도, 화물칸, 방 입구, 공통 선체 마감","floor_1_LOD0.fbx","Assets/Sci-Fi Styled Modular Pack/Models/floor_1_LOD0.fbx","thumbnails/objects/0781_model_floor_1_LOD0_2470e41e.png","1","4 x 0.1 x 4","FBX 원본 모델입니다. 같은 형태의 프리팹이 있으면 프리팹 우선 검토."
"Model","Sci-Fi Styled Modular Pack","바닥·계단","복도, 화물칸, 방 입구, 공통 선체 마감","floor_1_LOD1.fbx","Assets/Sci-Fi Styled Modular Pack/Models/floor_1_LOD1.fbx","thumbnails/objects/0782_model_floor_1_LOD1_c2b7db01.png","1","4 x 0.08 x 4","FBX 원본 모델입니다. 같은 형태의 프리팹이 있으면 프리팹 우선 검토."
"Model","Sci-Fi Styled Modular Pack","바닥·계단","복도, 화물칸, 방 입구, 공통 선체 마감","floor_2.fbx","Assets/Sci-Fi Styled Modular Pack/Models/floor_2.fbx","thumbnails/objects/0783_model_floor_2_034faa6b.png","1","4 x 0.2 x 4","FBX 원본 모델입니다. 같은 형태의 프리팹이 있으면 프리팹 우선 검토."
"Model","Sci-Fi Styled Modular Pack","바닥·계단","복도, 화물칸, 방 입구, 공통 선체 마감","floor_2_LOD0.fbx","Assets/Sci-Fi Styled Modular Pack/Models/floor_2_LOD0.fbx","thumbnails/objects/0784_model_floor_2_LOD0_62533341.png","1","4 x 0.2 x 4","FBX 원본 모델입니다. 같은 형태의 프리팹이 있으면 프리팹 우선 검토."
"Model","Sci-Fi Styled Modular Pack","바닥·계단","복도, 화물칸, 방 입구, 공통 선체 마감","floor_2_LOD1.fbx","Assets/Sci-Fi Styled Modular Pack/Models/floor_2_LOD1.fbx","thumbnails/objects/0785_model_floor_2_LOD1_c686a55e.png","1","4 x 0.2 x 4","FBX 원본 모델입니다. 같은 형태의 프리팹이 있으면 프리팹 우선 검토."
"Model","Sci-Fi Styled Modular Pack","바닥·계단","복도, 화물칸, 방 입구, 공통 선체 마감","floor_2_L_LOD0.fbx","Assets/Sci-Fi Styled Modular Pack/Models/floor_2_L_LOD0.fbx","thumbnails/objects/0786_model_floor_2_L_LOD0_65236e00.png","1","4 x 0.2 x 4","FBX 원본 모델입니다. 같은 형태의 프리팹이 있으면 프리팹 우선 검토."
"Model","Sci-Fi Styled Modular Pack","바닥·계단","복도, 화물칸, 방 입구, 공통 선체 마감","floor_2_L_LOD1.fbx","Assets/Sci-Fi Styled Modular Pack/Models/floor_2_L_LOD1.fbx","thumbnails/objects/0787_model_floor_2_L_LOD1_ea8b62db.png","1","4 x 0.2 x 4","FBX 원본 모델입니다. 같은 형태의 프리팹이 있으면 프리팹 우선 검토."
"Model","Sci-Fi Styled Modular Pack","바닥·계단","복도, 화물칸, 방 입구, 공통 선체 마감","floor_2_no_lattice.fbx","Assets/Sci-Fi Styled Modular Pack/Models/floor_2_no_lattice.fbx","thumbnails/objects/0788_model_floor_2_no_lattice_3237f972.png","1","4 x 0.2 x 4","FBX 원본 모델입니다. 같은 형태의 프리팹이 있으면 프리팹 우선 검토."
"Model","Sci-Fi Styled Modular Pack","바닥·계단","복도, 화물칸, 방 입구, 공통 선체 마감","floor_2_no_lattice_LOD0.fbx","Assets/Sci-Fi Styled Modular Pack/Models/floor_2_no_lattice_LOD0.fbx","thumbnails/objects/0789_model_floor_2_no_lattice_LOD0_e044b66a.png","1","4 x 0.2 x 4","FBX 원본 모델입니다. 같은 형태의 프리팹이 있으면 프리팹 우선 검토."
"Model","Sci-Fi Styled Modular Pack","바닥·계단","복도, 화물칸, 방 입구, 공통 선체 마감","floor_2_no_lattice_LOD1.fbx","Assets/Sci-Fi Styled Modular Pack/Models/floor_2_no_lattice_LOD1.fbx","thumbnails/objects/0790_model_floor_2_no_lattice_LOD1_35415a5d.png","1","4 x 0.2 x 4","FBX 원본 모델입니다. 같은 형태의 프리팹이 있으면 프리팹 우선 검토."
"Model","Sci-Fi Styled Modular Pack","바닥·계단","복도, 화물칸, 방 입구, 공통 선체 마감","floor_3.fbx","Assets/Sci-Fi Styled Modular Pack/Models/floor_3.fbx","thumbnails/objects/0791_model_floor_3_6592fc90.png","1","4 x 0.16 x 4","FBX 원본 모델입니다. 같은 형태의 프리팹이 있으면 프리팹 우선 검토."
"Model","Sci-Fi Styled Modular Pack","바닥·계단","복도, 화물칸, 방 입구, 공통 선체 마감","floor_3_LOD0.fbx","Assets/Sci-Fi Styled Modular Pack/Models/floor_3_LOD0.fbx","thumbnails/objects/0792_model_floor_3_LOD0_622cd244.png","1","4 x 0.16 x 4","FBX 원본 모델입니다. 같은 형태의 프리팹이 있으면 프리팹 우선 검토."
"Model","Sci-Fi Styled Modular Pack","바닥·계단","복도, 화물칸, 방 입구, 공통 선체 마감","floor_3_LOD1.fbx","Assets/Sci-Fi Styled Modular Pack/Models/floor_3_LOD1.fbx","thumbnails/objects/0793_model_floor_3_LOD1_b469fcaf.png","1","4 x 0.16 x 4","FBX 원본 모델입니다. 같은 형태의 프리팹이 있으면 프리팹 우선 검토."
"Model","Sci-Fi Styled Modular Pack","바닥·계단","복도, 화물칸, 방 입구, 공통 선체 마감","floor_3_no_clamps.fbx","Assets/Sci-Fi Styled Modular Pack/Models/floor_3_no_clamps.fbx","thumbnails/objects/0794_model_floor_3_no_clamps_4b351df7.png","1","4 x 0.16 x 4","FBX 원본 모델입니다. 같은 형태의 프리팹이 있으면 프리팹 우선 검토."
"Model","Sci-Fi Styled Modular Pack","바닥·계단","복도, 화물칸, 방 입구, 공통 선체 마감","floor_4.fbx","Assets/Sci-Fi Styled Modular Pack/Models/floor_4.fbx","thumbnails/objects/0795_model_floor_4_39c7a20d.png","1","4 x 0.16 x 4","FBX 원본 모델입니다. 같은 형태의 프리팹이 있으면 프리팹 우선 검토."
"Model","Sci-Fi Styled Modular Pack","바닥·계단","복도, 화물칸, 방 입구, 공통 선체 마감","floor_5.fbx","Assets/Sci-Fi Styled Modular Pack/Models/floor_5.fbx","thumbnails/objects/0796_model_floor_5_e97a979a.png","1","4 x 0.18 x 4","FBX 원본 모델입니다. 같은 형태의 프리팹이 있으면 프리팹 우선 검토."
"Model","Sci-Fi Styled Modular Pack","바닥·계단","복도, 화물칸, 방 입구, 공통 선체 마감","floor_6.fbx","Assets/Sci-Fi Styled Modular Pack/Models/floor_6.fbx","thumbnails/objects/0797_model_floor_6_4cb167d7.png","1","4 x 0.15 x 4","FBX 원본 모델입니다. 같은 형태의 프리팹이 있으면 프리팹 우선 검토."
"Model","Sci-Fi Styled Modular Pack","바닥·계단","복도, 화물칸, 방 입구, 공통 선체 마감","floor_corner_ornament.fbx","Assets/Sci-Fi Styled Modular Pack/Models/floor_corner_ornament.fbx","thumbnails/objects/0798_model_floor_corner_ornament_55166eb3.png","1","4 x 0.48 x 0.59","FBX 원본 모델입니다. 같은 형태의 프리팹이 있으면 프리팹 우선 검토."
"Model","Sci-Fi Styled Modular Pack","바닥·계단","복도, 화물칸, 방 입구, 공통 선체 마감","floor_corner_ornament_pipes.fbx","Assets/Sci-Fi Styled Modular Pack/Models/floor_corner_ornament_pipes.fbx","thumbnails/objects/0799_model_floor_corner_ornament_pipes_ac4ae735.png","1","4 x 0.55 x 0.6","FBX 원본 모델입니다. 같은 형태의 프리팹이 있으면 프리팹 우선 검토."
"Model","Sci-Fi Styled Modular Pack","바닥·계단","복도, 화물칸, 방 입구, 공통 선체 마감","floor_corner_ornament_pipes_corner.fbx","Assets/Sci-Fi Styled Modular Pack/Models/floor_corner_ornament_pipes_corner.fbx","thumbnails/objects/0800_model_floor_corner_ornament_pipes_corner_884c4307.png","1","0.6 x 0.55 x 0.6","FBX 원본 모델입니다. 같은 형태의 프리팹이 있으면 프리팹 우선 검토."
"Model","Sci-Fi Styled Modular Pack","바닥·계단","복도, 화물칸, 방 입구, 공통 선체 마감","stairs_big.fbx","Assets/Sci-Fi Styled Modular Pack/Models/stairs_big.fbx","thumbnails/objects/0801_model_stairs_big_aa393e17.png","1","3.89 x 6.21 x 4.09","FBX 원본 모델입니다. 같은 형태의 프리팹이 있으면 프리팹 우선 검토."
"Model","Sci-Fi Styled Modular Pack","바닥·계단","복도, 화물칸, 방 입구, 공통 선체 마감","stairs_big_with_emmision.fbx","Assets/Sci-Fi Styled Modular Pack/Models/stairs_big_with_emmision.fbx","thumbnails/objects/0802_model_stairs_big_with_emmision_7e916b6c.png","1","3.89 x 6.21 x 4.09","FBX 원본 모델입니다. 같은 형태의 프리팹이 있으면 프리팹 우선 검토."
"Model","Sci-Fi Styled Modular Pack","바닥·계단","복도, 화물칸, 방 입구, 공통 선체 마감","stairs_small.fbx","Assets/Sci-Fi Styled Modular Pack/Models/stairs_small.fbx","thumbnails/objects/0803_model_stairs_small_0f00e146.png","1","1.86 x 1.9 x 1.96","FBX 원본 모델입니다. 같은 형태의 프리팹이 있으면 프리팹 우선 검토."
"Model","Sci-Fi Styled Modular Pack","바닥·계단","복도, 화물칸, 방 입구, 공통 선체 마감","stairs_small_corner_no_emmision.fbx","Assets/Sci-Fi Styled Modular Pack/Models/stairs_small_corner_no_emmision.fbx","thumbnails/objects/0804_model_stairs_small_corner_no_emmision_5abd8c44.png","1","3.94 x 6.21 x 3.94","FBX 원본 모델입니다. 같은 형태의 프리팹이 있으면 프리팹 우선 검토."
"Model","Sci-Fi Styled Modular Pack","바닥·계단","복도, 화물칸, 방 입구, 공통 선체 마감","stairs_small_corner_with_emmision.fbx","Assets/Sci-Fi Styled Modular Pack/Models/stairs_small_corner_with_emmision.fbx","thumbnails/objects/0805_model_stairs_small_corner_with_emmision_48aae39d.png","1","3.94 x 6.21 x 3.94","FBX 원본 모델입니다. 같은 형태의 프리팹이 있으면 프리팹 우선 검토."
"Model","Sci-Fi Styled Modular Pack","바닥·계단","복도, 화물칸, 방 입구, 공통 선체 마감","stairs_small_no_emmision.fbx","Assets/Sci-Fi Styled Modular Pack/Models/stairs_small_no_emmision.fbx","thumbnails/objects/0806_model_stairs_small_no_emmision_558731ac.png","1","1.89 x 6.21 x 4.09","FBX 원본 모델입니다. 같은 형태의 프리팹이 있으면 프리팹 우선 검토."
"Model","Sci-Fi Styled Modular Pack","바닥·계단","복도, 화물칸, 방 입구, 공통 선체 마감","stairs_small_with_emmision.fbx","Assets/Sci-Fi Styled Modular Pack/Models/stairs_small_with_emmision.fbx","thumbnails/objects/0807_model_stairs_small_with_emmision_7b70bc05.png","1","1.89 x 6.21 x 4.09","FBX 원본 모델입니다. 같은 형태의 프리팹이 있으면 프리팹 우선 검토."
"Model","Sci-Fi Styled Modular Pack","벽·패널","복도, 화물칸, 방 입구, 공통 선체 마감","blank_wall_A.fbx","Assets/Sci-Fi Styled Modular Pack/Models/blank_wall_A.fbx","thumbnails/objects/0808_model_blank_wall_A_c2ec07b7.png","1","4 x 4 x 0.2","FBX 원본 모델입니다. 같은 형태의 프리팹이 있으면 프리팹 우선 검토."
"Model","Sci-Fi Styled Modular Pack","벽·패널","복도, 화물칸, 방 입구, 공통 선체 마감","blank_wall_B.fbx","Assets/Sci-Fi Styled Modular Pack/Models/blank_wall_B.fbx","thumbnails/objects/0809_model_blank_wall_B_5fb5377a.png","1","4 x 4 x 0.2","FBX 원본 모델입니다. 같은 형태의 프리팹이 있으면 프리팹 우선 검토."
"Model","Sci-Fi Styled Modular Pack","벽·패널","복도, 화물칸, 방 입구, 공통 선체 마감","blank_wall_C.fbx","Assets/Sci-Fi Styled Modular Pack/Models/blank_wall_C.fbx","thumbnails/objects/0810_model_blank_wall_C_cbc95fed.png","1","4 x 4 x 0.2","FBX 원본 모델입니다. 같은 형태의 프리팹이 있으면 프리팹 우선 검토."
"Model","Sci-Fi Styled Modular Pack","벽·패널","복도, 화물칸, 방 입구, 공통 선체 마감","blank_wall_D.fbx","Assets/Sci-Fi Styled Modular Pack/Models/blank_wall_D.fbx","thumbnails/objects/0811_model_blank_wall_D_c8287cf0.png","1","4 x 4 x 0.2","FBX 원본 모델입니다. 같은 형태의 프리팹이 있으면 프리팹 우선 검토."
"Model","Sci-Fi Styled Modular Pack","벽·패널","복도, 화물칸, 방 입구, 공통 선체 마감","decorative_half_wall_1_LOD0.fbx","Assets/Sci-Fi Styled Modular Pack/Models/decorative_half_wall_1_LOD0.fbx","thumbnails/objects/0812_model_decorative_half_wall_1_LOD0_fe658569.png","1","4 x 2.2 x 0.3","FBX 원본 모델입니다. 같은 형태의 프리팹이 있으면 프리팹 우선 검토."
"Model","Sci-Fi Styled Modular Pack","벽·패널","복도, 화물칸, 방 입구, 공통 선체 마감","decorative_half_wall_1_LOD1.fbx","Assets/Sci-Fi Styled Modular Pack/Models/decorative_half_wall_1_LOD1.fbx","thumbnails/objects/0813_model_decorative_half_wall_1_LOD1_60bdf246.png","1","4 x 2.2 x 0.3","FBX 원본 모델입니다. 같은 형태의 프리팹이 있으면 프리팹 우선 검토."
"Model","Sci-Fi Styled Modular Pack","벽·패널","복도, 화물칸, 방 입구, 공통 선체 마감","decorative_half_wall_2_LOD0.fbx","Assets/Sci-Fi Styled Modular Pack/Models/decorative_half_wall_2_LOD0.fbx","thumbnails/objects/0814_model_decorative_half_wall_2_LOD0_f124da06.png","1","4 x 2.2 x 0.3","FBX 원본 모델입니다. 같은 형태의 프리팹이 있으면 프리팹 우선 검토."
"Model","Sci-Fi Styled Modular Pack","벽·패널","복도, 화물칸, 방 입구, 공통 선체 마감","decorative_half_wall_2_LOD1.fbx","Assets/Sci-Fi Styled Modular Pack/Models/decorative_half_wall_2_LOD1.fbx","thumbnails/objects/0815_model_decorative_half_wall_2_LOD1_8c539729.png","1","4 x 2.21 x 0.3","FBX 원본 모델입니다. 같은 형태의 프리팹이 있으면 프리팹 우선 검토."
"Model","Sci-Fi Styled Modular Pack","벽·패널","복도, 화물칸, 방 입구, 공통 선체 마감","decorative_half_wall_3_LOD0.fbx","Assets/Sci-Fi Styled Modular Pack/Models/decorative_half_wall_3_LOD0.fbx","thumbnails/objects/0816_model_decorative_half_wall_3_LOD0_261cb123.png","1","4 x 2.2 x 0.3","FBX 원본 모델입니다. 같은 형태의 프리팹이 있으면 프리팹 우선 검토."
"Model","Sci-Fi Styled Modular Pack","벽·패널","복도, 화물칸, 방 입구, 공통 선체 마감","decorative_half_wall_3_LOD1.fbx","Assets/Sci-Fi Styled Modular Pack/Models/decorative_half_wall_3_LOD1.fbx","thumbnails/objects/0817_model_decorative_half_wall_3_LOD1_f1765de8.png","1","4 x 2.2 x 0.3","FBX 원본 모델입니다. 같은 형태의 프리팹이 있으면 프리팹 우선 검토."
"Model","Sci-Fi Styled Modular Pack","벽·패널","복도, 화물칸, 방 입구, 공통 선체 마감","decorative_half_wall_4_LOD0.fbx","Assets/Sci-Fi Styled Modular Pack/Models/decorative_half_wall_4_LOD0.fbx","thumbnails/objects/0818_model_decorative_half_wall_4_LOD0_e3b8ef00.png","1","4 x 2.2 x 0.3","FBX 원본 모델입니다. 같은 형태의 프리팹이 있으면 프리팹 우선 검토."
"Model","Sci-Fi Styled Modular Pack","벽·패널","복도, 화물칸, 방 입구, 공통 선체 마감","decorative_half_wall_4_LOD1.fbx","Assets/Sci-Fi Styled Modular Pack/Models/decorative_half_wall_4_LOD1.fbx","thumbnails/objects/0819_model_decorative_half_wall_4_LOD1_6920e3db.png","1","4 x 2.2 x 0.32","FBX 원본 모델입니다. 같은 형태의 프리팹이 있으면 프리팹 우선 검토."
"Model","Sci-Fi Styled Modular Pack","벽·패널","복도, 화물칸, 방 입구, 공통 선체 마감","decorative_half_wall_5.fbx","Assets/Sci-Fi Styled Modular Pack/Models/decorative_half_wall_5.fbx","thumbnails/objects/0820_model_decorative_half_wall_5_d5c6d81f.png","1","4 x 2.2 x 0.3","FBX 원본 모델입니다. 같은 형태의 프리팹이 있으면 프리팹 우선 검토."
"Model","Sci-Fi Styled Modular Pack","벽·패널","복도, 화물칸, 방 입구, 공통 선체 마감","decorative_half_wall_6.fbx","Assets/Sci-Fi Styled Modular Pack/Models/decorative_half_wall_6.fbx","thumbnails/objects/0821_model_decorative_half_wall_6_f0872382.png","1","4 x 2.2 x 0.3","FBX 원본 모델입니다. 같은 형태의 프리팹이 있으면 프리팹 우선 검토."
"Model","Sci-Fi Styled Modular Pack","벽·패널","복도, 화물칸, 방 입구, 공통 선체 마감","decorative_wall_1_LOD0.fbx","Assets/Sci-Fi Styled Modular Pack/Models/decorative_wall_1_LOD0.fbx","thumbnails/objects/0822_model_decorative_wall_1_LOD0_854d2285.png","1","4 x 4 x 0.3","FBX 원본 모델입니다. 같은 형태의 프리팹이 있으면 프리팹 우선 검토."
"Model","Sci-Fi Styled Modular Pack","벽·패널","복도, 화물칸, 방 입구, 공통 선체 마감","decorative_wall_1_LOD1.fbx","Assets/Sci-Fi Styled Modular Pack/Models/decorative_wall_1_LOD1.fbx","thumbnails/objects/0823_model_decorative_wall_1_LOD1_19d85dd2.png","1","4 x 4 x 0.3","FBX 원본 모델입니다. 같은 형태의 프리팹이 있으면 프리팹 우선 검토."
"Model","Sci-Fi Styled Modular Pack","벽·패널","복도, 화물칸, 방 입구, 공통 선체 마감","decorative_wall_2_LOD0.fbx","Assets/Sci-Fi Styled Modular Pack/Models/decorative_wall_2_LOD0.fbx","thumbnails/objects/0824_model_decorative_wall_2_LOD0_22bfc492.png","1","4 x 4 x 0.3","FBX 원본 모델입니다. 같은 형태의 프리팹이 있으면 프리팹 우선 검토."
"Model","Sci-Fi Styled Modular Pack","벽·패널","복도, 화물칸, 방 입구, 공통 선체 마감","decorative_wall_2_LOD1.fbx","Assets/Sci-Fi Styled Modular Pack/Models/decorative_wall_2_LOD1.fbx","thumbnails/objects/0825_model_decorative_wall_2_LOD1_74e7d445.png","1","4 x 4 x 0.3","FBX 원본 모델입니다. 같은 형태의 프리팹이 있으면 프리팹 우선 검토."
"Model","Sci-Fi Styled Modular Pack","벽·패널","복도, 화물칸, 방 입구, 공통 선체 마감","decorative_wall_3_LOD0.fbx","Assets/Sci-Fi Styled Modular Pack/Models/decorative_wall_3_LOD0.fbx","thumbnails/objects/0826_model_decorative_wall_3_LOD0_b98714bf.png","1","4 x 4 x 0.3","FBX 원본 모델입니다. 같은 형태의 프리팹이 있으면 프리팹 우선 검토."
"Model","Sci-Fi Styled Modular Pack","벽·패널","복도, 화물칸, 방 입구, 공통 선체 마감","decorative_wall_3_LOD1.fbx","Assets/Sci-Fi Styled Modular Pack/Models/decorative_wall_3_LOD1.fbx","thumbnails/objects/0827_model_decorative_wall_3_LOD1_4e576094.png","1","4 x 4 x 0.3","FBX 원본 모델입니다. 같은 형태의 프리팹이 있으면 프리팹 우선 검토."
"Model","Sci-Fi Styled Modular Pack","벽·패널","복도, 화물칸, 방 입구, 공통 선체 마감","decorative_wall_4_computer_LOD0.fbx","Assets/Sci-Fi Styled Modular Pack/Models/decorative_wall_4_computer_LOD0.fbx","thumbnails/objects/0828_model_decorative_wall_4_computer_LOD0_08dd2678.png","1","4 x 4 x 0.48","FBX 원본 모델입니다. 같은 형태의 프리팹이 있으면 프리팹 우선 검토."
"Model","Sci-Fi Styled Modular Pack","벽·패널","복도, 화물칸, 방 입구, 공통 선체 마감","decorative_wall_4_computer_LOD1.fbx","Assets/Sci-Fi Styled Modular Pack/Models/decorative_wall_4_computer_LOD1.fbx","thumbnails/objects/0829_model_decorative_wall_4_computer_LOD1_755610b3.png","1","4 x 4 x 0.48","FBX 원본 모델입니다. 같은 형태의 프리팹이 있으면 프리팹 우선 검토."
"Model","Sci-Fi Styled Modular Pack","벽·패널","복도, 화물칸, 방 입구, 공통 선체 마감","decorative_wall_4_no_computer_LOD0.fbx","Assets/Sci-Fi Styled Modular Pack/Models/decorative_wall_4_no_computer_LOD0.fbx","thumbnails/objects/0830_model_decorative_wall_4_no_computer_LOD0_cf99a59e.png","1","4 x 4 x 0.3","FBX 원본 모델입니다. 같은 형태의 프리팹이 있으면 프리팹 우선 검토."
"Model","Sci-Fi Styled Modular Pack","벽·패널","복도, 화물칸, 방 입구, 공통 선체 마감","decorative_wall_4_no_computer_LOD1.fbx","Assets/Sci-Fi Styled Modular Pack/Models/decorative_wall_4_no_computer_LOD1.fbx","thumbnails/objects/0831_model_decorative_wall_4_no_computer_LOD1_6de09c81.png","1","4 x 4 x 0.32","FBX 원본 모델입니다. 같은 형태의 프리팹이 있으면 프리팹 우선 검토."
"Model","Sci-Fi Styled Modular Pack","벽·패널","복도, 화물칸, 방 입구, 공통 선체 마감","decorative_wall_5.fbx","Assets/Sci-Fi Styled Modular Pack/Models/decorative_wall_5.fbx","thumbnails/objects/0832_model_decorative_wall_5_5d413e0b.png","1","4 x 4 x 0.3","FBX 원본 모델입니다. 같은 형태의 프리팹이 있으면 프리팹 우선 검토."
"Model","Sci-Fi Styled Modular Pack","벽·패널","복도, 화물칸, 방 입구, 공통 선체 마감","decorative_wall_6.fbx","Assets/Sci-Fi Styled Modular Pack/Models/decorative_wall_6.fbx","thumbnails/objects/0833_model_decorative_wall_6_475127fe.png","1","4 x 4 x 0.3","FBX 원본 모델입니다. 같은 형태의 프리팹이 있으면 프리팹 우선 검토."
"Model","Sci-Fi Styled Modular Pack","벽·패널","복도, 화물칸, 방 입구, 공통 선체 마감","decorative_wall_E.fbx","Assets/Sci-Fi Styled Modular Pack/Models/decorative_wall_E.fbx","thumbnails/objects/0834_model_decorative_wall_E_1137277b.png","1","4 x 4 x 0.25","FBX 원본 모델입니다. 같은 형태의 프리팹이 있으면 프리팹 우선 검토."
"Model","Sci-Fi Styled Modular Pack","벽·패널","복도, 화물칸, 방 입구, 공통 선체 마감","decorative_wall_F.fbx","Assets/Sci-Fi Styled Modular Pack/Models/decorative_wall_F.fbx","thumbnails/objects/0835_model_decorative_wall_F_3688e76e.png","1","4 x 4 x 0.25","FBX 원본 모델입니다. 같은 형태의 프리팹이 있으면 프리팹 우선 검토."
"Model","Sci-Fi Styled Modular Pack","벽·패널","복도, 화물칸, 방 입구, 공통 선체 마감","decorative_wall_G.fbx","Assets/Sci-Fi Styled Modular Pack/Models/decorative_wall_G.fbx","thumbnails/objects/0836_model_decorative_wall_G_d48aa5d1.png","1","4 x 4 x 0.25","FBX 원본 모델입니다. 같은 형태의 프리팹이 있으면 프리팹 우선 검토."
"Model","Sci-Fi Styled Modular Pack","벽·패널","복도, 화물칸, 방 입구, 공통 선체 마감","decorative_wall_H.fbx","Assets/Sci-Fi Styled Modular Pack/Models/decorative_wall_H.fbx","thumbnails/objects/0837_model_decorative_wall_H_889d54f4.png","1","4 x 4 x 0.25","FBX 원본 모델입니다. 같은 형태의 프리팹이 있으면 프리팹 우선 검토."
"Model","Sci-Fi Styled Modular Pack","벽·패널","복도, 화물칸, 방 입구, 공통 선체 마감","floor_2_blank.fbx","Assets/Sci-Fi Styled Modular Pack/Models/floor_2_blank.fbx","thumbnails/objects/0838_model_floor_2_blank_1549e526.png","1","4 x 0.08 x 4","FBX 원본 모델입니다. 같은 형태의 프리팹이 있으면 프리팹 우선 검토."
"Model","Sci-Fi Styled Modular Pack","벽·패널","복도, 화물칸, 방 입구, 공통 선체 마감","glass_panel_1.fbx","Assets/Sci-Fi Styled Modular Pack/Models/glass_panel_1.fbx","thumbnails/objects/0839_model_glass_panel_1_0f1dd785.png","1","4 x 4 x 0.33","FBX 원본 모델입니다. 같은 형태의 프리팹이 있으면 프리팹 우선 검토."
"Model","Sci-Fi Styled Modular Pack","벽·패널","복도, 화물칸, 방 입구, 공통 선체 마감","glass_panel_1_corner.fbx","Assets/Sci-Fi Styled Modular Pack/Models/glass_panel_1_corner.fbx","thumbnails/objects/0840_model_glass_panel_1_corner_e37b7f57.png","1","4.16 x 4 x 4.16","FBX 원본 모델입니다. 같은 형태의 프리팹이 있으면 프리팹 우선 검토."
"Model","Sci-Fi Styled Modular Pack","벽·패널","복도, 화물칸, 방 입구, 공통 선체 마감","light_wall_1.fbx","Assets/Sci-Fi Styled Modular Pack/Models/light_wall_1.fbx","thumbnails/objects/0841_model_light_wall_1_da395589.png","1","0.3 x 2.62 x 0.26","FBX 원본 모델입니다. 같은 형태의 프리팹이 있으면 프리팹 우선 검토."
"Model","Sci-Fi Styled Modular Pack","벽·패널","복도, 화물칸, 방 입구, 공통 선체 마감","light_wall_1_blue.fbx","Assets/Sci-Fi Styled Modular Pack/Models/light_wall_1_blue.fbx","thumbnails/objects/0842_model_light_wall_1_blue_ec6dcbfe.png","1","0.3 x 2.62 x 0.26","FBX 원본 모델입니다. 같은 형태의 프리팹이 있으면 프리팹 우선 검토."
"Model","Sci-Fi Styled Modular Pack","벽·패널","복도, 화물칸, 방 입구, 공통 선체 마감","light_wall_2.fbx","Assets/Sci-Fi Styled Modular Pack/Models/light_wall_2.fbx","thumbnails/objects/0843_model_light_wall_2_944f5098.png","1","0.56 x 2.62 x 0.26","FBX 원본 모델입니다. 같은 형태의 프리팹이 있으면 프리팹 우선 검토."
"Model","Sci-Fi Styled Modular Pack","벽·패널","복도, 화물칸, 방 입구, 공통 선체 마감","light_wall_2_blue.fbx","Assets/Sci-Fi Styled Modular Pack/Models/light_wall_2_blue.fbx","thumbnails/objects/0844_model_light_wall_2_blue_02cf6b85.png","1","0.56 x 2.62 x 0.26","FBX 원본 모델입니다. 같은 형태의 프리팹이 있으면 프리팹 우선 검토."
"Model","Sci-Fi Styled Modular Pack","벽·패널","복도, 화물칸, 방 입구, 공통 선체 마감","light_wall_3.fbx","Assets/Sci-Fi Styled Modular Pack/Models/light_wall_3.fbx","thumbnails/objects/0845_model_light_wall_3_eaa8b253.png","1","0.34 x 2.36 x 0.26","FBX 원본 모델입니다. 같은 형태의 프리팹이 있으면 프리팹 우선 검토."
"Model","Sci-Fi Styled Modular Pack","벽·패널","복도, 화물칸, 방 입구, 공통 선체 마감","light_wall_3_blue.fbx","Assets/Sci-Fi Styled Modular Pack/Models/light_wall_3_blue.fbx","thumbnails/objects/0846_model_light_wall_3_blue_ff846bd4.png","1","0.34 x 2.36 x 0.26","FBX 원본 모델입니다. 같은 형태의 프리팹이 있으면 프리팹 우선 검토."
"Model","Sci-Fi Styled Modular Pack","벽·패널","복도, 화물칸, 방 입구, 공통 선체 마감","wall_big_no_side_full_LOD0.fbx","Assets/Sci-Fi Styled Modular Pack/Models/wall_big_no_side_full_LOD0.fbx","thumbnails/objects/0847_model_wall_big_no_side_full_LOD0_25b6dd49.png","1","4 x 4 x 1.58","FBX 원본 모델입니다. 같은 형태의 프리팹이 있으면 프리팹 우선 검토."
"Model","Sci-Fi Styled Modular Pack","벽·패널","복도, 화물칸, 방 입구, 공통 선체 마감","wall_big_no_side_full_LOD1.fbx","Assets/Sci-Fi Styled Modular Pack/Models/wall_big_no_side_full_LOD1.fbx","thumbnails/objects/0848_model_wall_big_no_side_full_LOD1_880db726.png","1","4 x 4 x 1.58","FBX 원본 모델입니다. 같은 형태의 프리팹이 있으면 프리팹 우선 검토."
"Model","Sci-Fi Styled Modular Pack","벽·패널","복도, 화물칸, 방 입구, 공통 선체 마감","wall_small_no_side_full_LOD0.fbx","Assets/Sci-Fi Styled Modular Pack/Models/wall_small_no_side_full_LOD0.fbx","thumbnails/objects/0849_model_wall_small_no_side_full_LOD0_e42a49a4.png","1","4 x 4 x 0.42","FBX 원본 모델입니다. 같은 형태의 프리팹이 있으면 프리팹 우선 검토."
"Model","Sci-Fi Styled Modular Pack","조명","복도, 화물칸, 방 입구, 공통 선체 마감","light_celing_1.fbx","Assets/Sci-Fi Styled Modular Pack/Models/light_celing_1.fbx","thumbnails/objects/0850_model_light_celing_1_bbf64219.png","1","0.52 x 0.19 x 2","FBX 원본 모델입니다. 같은 형태의 프리팹이 있으면 프리팹 우선 검토."
"Model","Sci-Fi Styled Modular Pack","조명","복도, 화물칸, 방 입구, 공통 선체 마감","light_celing_2.fbx","Assets/Sci-Fi Styled Modular Pack/Models/light_celing_2.fbx","thumbnails/objects/0851_model_light_celing_2_784300a8.png","1","0.76 x 0.19 x 2.21","FBX 원본 모델입니다. 같은 형태의 프리팹이 있으면 프리팹 우선 검토."
"Model","Sci-Fi Styled Modular Pack","조명","복도, 화물칸, 방 입구, 공통 선체 마감","light_corner_1.fbx","Assets/Sci-Fi Styled Modular Pack/Models/light_corner_1.fbx","thumbnails/objects/0852_model_light_corner_1_19aaa41c.png","1","0.26 x 2.62 x 0.26","FBX 원본 모델입니다. 같은 형태의 프리팹이 있으면 프리팹 우선 검토."
"Model","Sci-Fi Styled Modular Pack","조명","복도, 화물칸, 방 입구, 공통 선체 마감","light_corner_1_blue.fbx","Assets/Sci-Fi Styled Modular Pack/Models/light_corner_1_blue.fbx","thumbnails/objects/0853_model_light_corner_1_blue_46292fd1.png","1","0.26 x 2.62 x 0.26","FBX 원본 모델입니다. 같은 형태의 프리팹이 있으면 프리팹 우선 검토."
"Model","Sci-Fi Styled Modular Pack","창·유리","조종실 전면, 관측창, 통제실 화면 주변","decorative_table_glass.fbx","Assets/Sci-Fi Styled Modular Pack/Models/decorative_table_glass.fbx","thumbnails/objects/0854_model_decorative_table_glass_eeb73032.png","1","2.65 x 1.1 x 1.39","FBX 원본 모델입니다. 같은 형태의 프리팹이 있으면 프리팹 우선 검토."
"Model","Sci-Fi Styled Modular Pack","창·유리","조종실 전면, 관측창, 통제실 화면 주변","decorative_table_glass_only_top.fbx","Assets/Sci-Fi Styled Modular Pack/Models/decorative_table_glass_only_top.fbx","thumbnails/objects/0855_model_decorative_table_glass_only_top_9d38e51d.png","1","2.65 x 1.1 x 1.39","FBX 원본 모델입니다. 같은 형태의 프리팹이 있으면 프리팹 우선 검토."
"Model","Sci-Fi Styled Modular Pack","창·유리","조종실 전면, 관측창, 통제실 화면 주변","decorative_table_no_glass.fbx","Assets/Sci-Fi Styled Modular Pack/Models/decorative_table_no_glass.fbx","thumbnails/objects/0856_model_decorative_table_no_glass_192cfdb2.png","1","2.65 x 1.1 x 1.39","FBX 원본 모델입니다. 같은 형태의 프리팹이 있으면 프리팹 우선 검토."
"Model","Sci-Fi Styled Modular Pack","창·유리","조종실 전면, 관측창, 통제실 화면 주변","decorative_table_no_glass_only_top.fbx","Assets/Sci-Fi Styled Modular Pack/Models/decorative_table_no_glass_only_top.fbx","thumbnails/objects/0857_model_decorative_table_no_glass_only_top_912af59d.png","1","2.65 x 1.1 x 1.39","FBX 원본 모델입니다. 같은 형태의 프리팹이 있으면 프리팹 우선 검토."
"Model","Sci-Fi Styled Modular Pack","창·유리","조종실 전면, 관측창, 통제실 화면 주변","decorative_table_small_glass.fbx","Assets/Sci-Fi Styled Modular Pack/Models/decorative_table_small_glass.fbx","thumbnails/objects/0858_model_decorative_table_small_glass_c010cc6a.png","1","1.07 x 1.06 x 1.08","FBX 원본 모델입니다. 같은 형태의 프리팹이 있으면 프리팹 우선 검토."
"Model","Sci-Fi Styled Modular Pack","창·유리","조종실 전면, 관측창, 통제실 화면 주변","decorative_table_small_no_glass.fbx","Assets/Sci-Fi Styled Modular Pack/Models/decorative_table_small_no_glass.fbx","thumbnails/objects/0859_model_decorative_table_small_no_glass_1176a12a.png","1","1.07 x 1.06 x 1.08","FBX 원본 모델입니다. 같은 형태의 프리팹이 있으면 프리팹 우선 검토."
"Model","Sci-Fi Styled Modular Pack","창·유리","조종실 전면, 관측창, 통제실 화면 주변","window_big_blocker.fbx","Assets/Sci-Fi Styled Modular Pack/Models/window_big_blocker.fbx","thumbnails/objects/0860_model_window_big_blocker_f71d65a8.png","1","0.07 x 3.53 x 1.49","FBX 원본 모델입니다. 같은 형태의 프리팹이 있으면 프리팹 우선 검토."
"Model","Sci-Fi Styled Modular Pack","창·유리","조종실 전면, 관측창, 통제실 화면 주변","window_big_blocker_2.fbx","Assets/Sci-Fi Styled Modular Pack/Models/window_big_blocker_2.fbx","thumbnails/objects/0861_model_window_big_blocker_2_9d427ae1.png","1","0.07 x 3.53 x 1.49","FBX 원본 모델입니다. 같은 형태의 프리팹이 있으면 프리팹 우선 검토."
"Model","Sci-Fi Styled Modular Pack","창·유리","조종실 전면, 관측창, 통제실 화면 주변","window_big_blocker_3.fbx","Assets/Sci-Fi Styled Modular Pack/Models/window_big_blocker_3.fbx","thumbnails/objects/0862_model_window_big_blocker_3_0175ecfe.png","1","0.31 x 3.53 x 1.49","FBX 원본 모델입니다. 같은 형태의 프리팹이 있으면 프리팹 우선 검토."
"Model","Sci-Fi Styled Modular Pack","창·유리","조종실 전면, 관측창, 통제실 화면 주변","window_big_corner_far_LOD0.fbx","Assets/Sci-Fi Styled Modular Pack/Models/window_big_corner_far_LOD0.fbx","thumbnails/objects/0863_model_window_big_corner_far_LOD0_90ef072f.png","1","1.48 x 4 x 1.48","FBX 원본 모델입니다. 같은 형태의 프리팹이 있으면 프리팹 우선 검토."
"Model","Sci-Fi Styled Modular Pack","창·유리","조종실 전면, 관측창, 통제실 화면 주변","window_big_corner_far_LOD1.fbx","Assets/Sci-Fi Styled Modular Pack/Models/window_big_corner_far_LOD1.fbx","thumbnails/objects/0864_model_window_big_corner_far_LOD1_3eb1dcc4.png","1","1.48 x 4 x 1.48","FBX 원본 모델입니다. 같은 형태의 프리팹이 있으면 프리팹 우선 검토."
"Model","Sci-Fi Styled Modular Pack","창·유리","조종실 전면, 관측창, 통제실 화면 주변","window_big_corner_far_plug.fbx","Assets/Sci-Fi Styled Modular Pack/Models/window_big_corner_far_plug.fbx","thumbnails/objects/0865_model_window_big_corner_far_plug_0aa9a0ba.png","1","1.62 x 4.08 x 1.62","FBX 원본 모델입니다. 같은 형태의 프리팹이 있으면 프리팹 우선 검토."
"Model","Sci-Fi Styled Modular Pack","창·유리","조종실 전면, 관측창, 통제실 화면 주변","window_big_corner_LOD0.fbx","Assets/Sci-Fi Styled Modular Pack/Models/window_big_corner_LOD0.fbx","thumbnails/objects/0866_model_window_big_corner_LOD0_0d230541.png","1","4 x 4 x 4","FBX 원본 모델입니다. 같은 형태의 프리팹이 있으면 프리팹 우선 검토."
"Model","Sci-Fi Styled Modular Pack","창·유리","조종실 전면, 관측창, 통제실 화면 주변","window_big_corner_LOD1.fbx","Assets/Sci-Fi Styled Modular Pack/Models/window_big_corner_LOD1.fbx","thumbnails/objects/0867_model_window_big_corner_LOD1_7156775e.png","1","4 x 4 x 4","FBX 원본 모델입니다. 같은 형태의 프리팹이 있으면 프리팹 우선 검토."
"Model","Sci-Fi Styled Modular Pack","창·유리","조종실 전면, 관측창, 통제실 화면 주변","window_big_corner_plug.fbx","Assets/Sci-Fi Styled Modular Pack/Models/window_big_corner_plug.fbx","thumbnails/objects/0868_model_window_big_corner_plug_02fddafc.png","1","4 x 4.08 x 4","FBX 원본 모델입니다. 같은 형태의 프리팹이 있으면 프리팹 우선 검토."
"Model","Sci-Fi Styled Modular Pack","창·유리","조종실 전면, 관측창, 통제실 화면 주변","window_big_no_side.fbx","Assets/Sci-Fi Styled Modular Pack/Models/window_big_no_side.fbx","thumbnails/objects/0869_model_window_big_no_side_46496abd.png","1","4 x 4 x 1.58","FBX 원본 모델입니다. 같은 형태의 프리팹이 있으면 프리팹 우선 검토."
"Model","Sci-Fi Styled Modular Pack","창·유리","조종실 전면, 관측창, 통제실 화면 주변","window_big_no_side_full.fbx","Assets/Sci-Fi Styled Modular Pack/Models/window_big_no_side_full.fbx","thumbnails/objects/0870_model_window_big_no_side_full_9877d3e7.png","1","4 x 4 x 1.56","FBX 원본 모델입니다. 같은 형태의 프리팹이 있으면 프리팹 우선 검토."
"Model","Sci-Fi Styled Modular Pack","창·유리","조종실 전면, 관측창, 통제실 화면 주변","window_big_no_side_full_LOD0.fbx","Assets/Sci-Fi Styled Modular Pack/Models/window_big_no_side_full_LOD0.fbx","thumbnails/objects/0871_model_window_big_no_side_full_LOD0_0d527f15.png","1","4 x 4 x 1.56","FBX 원본 모델입니다. 같은 형태의 프리팹이 있으면 프리팹 우선 검토."
"Model","Sci-Fi Styled Modular Pack","창·유리","조종실 전면, 관측창, 통제실 화면 주변","window_big_no_side_full_LOD1.fbx","Assets/Sci-Fi Styled Modular Pack/Models/window_big_no_side_full_LOD1.fbx","thumbnails/objects/0872_model_window_big_no_side_full_LOD1_b855db22.png","1","4 x 4 x 1.55","FBX 원본 모델입니다. 같은 형태의 프리팹이 있으면 프리팹 우선 검토."
"Model","Sci-Fi Styled Modular Pack","창·유리","조종실 전면, 관측창, 통제실 화면 주변","window_big_no_side_LOD0.fbx","Assets/Sci-Fi Styled Modular Pack/Models/window_big_no_side_LOD0.fbx","thumbnails/objects/0873_model_window_big_no_side_LOD0_183235ef.png","1","4 x 4 x 1.58","FBX 원본 모델입니다. 같은 형태의 프리팹이 있으면 프리팹 우선 검토."
"Model","Sci-Fi Styled Modular Pack","창·유리","조종실 전면, 관측창, 통제실 화면 주변","window_big_no_side_LOD1.fbx","Assets/Sci-Fi Styled Modular Pack/Models/window_big_no_side_LOD1.fbx","thumbnails/objects/0874_model_window_big_no_side_LOD1_aca9e984.png","1","4 x 4 x 1.58","FBX 원본 모델입니다. 같은 형태의 프리팹이 있으면 프리팹 우선 검토."
"Model","Sci-Fi Styled Modular Pack","창·유리","조종실 전면, 관측창, 통제실 화면 주변","window_big_plug.fbx","Assets/Sci-Fi Styled Modular Pack/Models/window_big_plug.fbx","thumbnails/objects/0875_model_window_big_plug_e6134f76.png","1","4 x 4.08 x 1.62","FBX 원본 모델입니다. 같은 형태의 프리팹이 있으면 프리팹 우선 검토."
"Model","Sci-Fi Styled Modular Pack","창·유리","조종실 전면, 관측창, 통제실 화면 주변","window_big_supplement.fbx","Assets/Sci-Fi Styled Modular Pack/Models/window_big_supplement.fbx","thumbnails/objects/0876_model_window_big_supplement_5d7d50f5.png","1","0.3 x 4 x 2","FBX 원본 모델입니다. 같은 형태의 프리팹이 있으면 프리팹 우선 검토."
"Model","Sci-Fi Styled Modular Pack","창·유리","조종실 전면, 관측창, 통제실 화면 주변","window_big_with_side.fbx","Assets/Sci-Fi Styled Modular Pack/Models/window_big_with_side.fbx","thumbnails/objects/0877_model_window_big_with_side_0e04899c.png","1","4 x 4 x 1.58","FBX 원본 모델입니다. 같은 형태의 프리팹이 있으면 프리팹 우선 검토."
"Model","Sci-Fi Styled Modular Pack","창·유리","조종실 전면, 관측창, 통제실 화면 주변","window_big_with_side_full.fbx","Assets/Sci-Fi Styled Modular Pack/Models/window_big_with_side_full.fbx","thumbnails/objects/0878_model_window_big_with_side_full_c76b645c.png","1","4 x 4 x 1.57","FBX 원본 모델입니다. 같은 형태의 프리팹이 있으면 프리팹 우선 검토."
"Model","Sci-Fi Styled Modular Pack","창·유리","조종실 전면, 관측창, 통제실 화면 주변","window_big_with_side_full_LOD0.fbx","Assets/Sci-Fi Styled Modular Pack/Models/window_big_with_side_full_LOD0.fbx","thumbnails/objects/0879_model_window_big_with_side_full_LOD0_4c431f48.png","1","4 x 4 x 1.57","FBX 원본 모델입니다. 같은 형태의 프리팹이 있으면 프리팹 우선 검토."
"Model","Sci-Fi Styled Modular Pack","창·유리","조종실 전면, 관측창, 통제실 화면 주변","window_big_with_side_full_LOD1.fbx","Assets/Sci-Fi Styled Modular Pack/Models/window_big_with_side_full_LOD1.fbx","thumbnails/objects/0880_model_window_big_with_side_full_LOD1_6acb7d03.png","1","4 x 4 x 1.57","FBX 원본 모델입니다. 같은 형태의 프리팹이 있으면 프리팹 우선 검토."
"Model","Sci-Fi Styled Modular Pack","창·유리","조종실 전면, 관측창, 통제실 화면 주변","window_big_with_side_full_offset.fbx","Assets/Sci-Fi Styled Modular Pack/Models/window_big_with_side_full_offset.fbx","thumbnails/objects/0881_model_window_big_with_side_full_offset_6b3560aa.png","1","4 x 4 x 1.89","FBX 원본 모델입니다. 같은 형태의 프리팹이 있으면 프리팹 우선 검토."
"Model","Sci-Fi Styled Modular Pack","창·유리","조종실 전면, 관측창, 통제실 화면 주변","window_big_with_side_full_offset_LOD0.fbx","Assets/Sci-Fi Styled Modular Pack/Models/window_big_with_side_full_offset_LOD0.fbx","thumbnails/objects/0882_model_window_big_with_side_full_offset_LOD0_d345cde2.png","1","4 x 4 x 1.89","FBX 원본 모델입니다. 같은 형태의 프리팹이 있으면 프리팹 우선 검토."
"Model","Sci-Fi Styled Modular Pack","창·유리","조종실 전면, 관측창, 통제실 화면 주변","window_big_with_side_full_offset_LOD1.fbx","Assets/Sci-Fi Styled Modular Pack/Models/window_big_with_side_full_offset_LOD1.fbx","thumbnails/objects/0883_model_window_big_with_side_full_offset_LOD1_3f14bdd5.png","1","4 x 4 x 1.89","FBX 원본 모델입니다. 같은 형태의 프리팹이 있으면 프리팹 우선 검토."
"Model","Sci-Fi Styled Modular Pack","창·유리","조종실 전면, 관측창, 통제실 화면 주변","window_big_with_side_LOD0.fbx","Assets/Sci-Fi Styled Modular Pack/Models/window_big_with_side_LOD0.fbx","thumbnails/objects/0884_model_window_big_with_side_LOD0_b5e71608.png","1","4 x 4 x 1.58","FBX 원본 모델입니다. 같은 형태의 프리팹이 있으면 프리팹 우선 검토."
"Model","Sci-Fi Styled Modular Pack","창·유리","조종실 전면, 관측창, 통제실 화면 주변","window_big_with_side_LOD1.fbx","Assets/Sci-Fi Styled Modular Pack/Models/window_big_with_side_LOD1.fbx","thumbnails/objects/0885_model_window_big_with_side_LOD1_b8a6c2c3.png","1","4 x 4 x 1.58","FBX 원본 모델입니다. 같은 형태의 프리팹이 있으면 프리팹 우선 검토."
"Model","Sci-Fi Styled Modular Pack","창·유리","조종실 전면, 관측창, 통제실 화면 주변","window_big_with_side_offset.fbx","Assets/Sci-Fi Styled Modular Pack/Models/window_big_with_side_offset.fbx","thumbnails/objects/0886_model_window_big_with_side_offset_0accd7ea.png","1","4 x 4 x 1.9","FBX 원본 모델입니다. 같은 형태의 프리팹이 있으면 프리팹 우선 검토."
"Model","Sci-Fi Styled Modular Pack","창·유리","조종실 전면, 관측창, 통제실 화면 주변","window_big_with_side_offset_LOD0.fbx","Assets/Sci-Fi Styled Modular Pack/Models/window_big_with_side_offset_LOD0.fbx","thumbnails/objects/0887_model_window_big_with_side_offset_LOD0_fee218a2.png","1","4 x 4 x 1.9","FBX 원본 모델입니다. 같은 형태의 프리팹이 있으면 프리팹 우선 검토."
"Model","Sci-Fi Styled Modular Pack","창·유리","조종실 전면, 관측창, 통제실 화면 주변","window_big_with_side_offset_LOD1.fbx","Assets/Sci-Fi Styled Modular Pack/Models/window_big_with_side_offset_LOD1.fbx","thumbnails/objects/0888_model_window_big_with_side_offset_LOD1_53debc95.png","1","4.1 x 4 x 1.9","FBX 원본 모델입니다. 같은 형태의 프리팹이 있으면 프리팹 우선 검토."
"Model","Sci-Fi Styled Modular Pack","터미널·화면","조종실, 통제실, 무기실, 상점/정비 UI 배경 후보","big_screen.fbx","Assets/Sci-Fi Styled Modular Pack/Models/big_screen.fbx","thumbnails/objects/0889_model_big_screen_f7b5211f.png","1","4.32 x 3.5 x 0.09","FBX 원본 모델입니다. 같은 형태의 프리팹이 있으면 프리팹 우선 검토."
"Model","Sci-Fi Styled Modular Pack","터미널·화면","조종실, 통제실, 무기실, 상점/정비 UI 배경 후보","computer_station.fbx","Assets/Sci-Fi Styled Modular Pack/Models/computer_station.fbx","thumbnails/objects/0890_model_computer_station_d38a6f02.png","1","1.42 x 2.91 x 0.53","FBX 원본 모델입니다. 같은 형태의 프리팹이 있으면 프리팹 우선 검토."
"Model","Sci-Fi Styled Modular Pack","터미널·화면","조종실, 통제실, 무기실, 상점/정비 UI 배경 후보","console_screen.fbx","Assets/Sci-Fi Styled Modular Pack/Models/console_screen.fbx","thumbnails/objects/0891_model_console_screen_d846676e.png","1","1.22 x 0.89 x 0.07","FBX 원본 모델입니다. 같은 형태의 프리팹이 있으면 프리팹 우선 검토."
"Model","Sci-Fi Styled Modular Pack","터미널·화면","조종실, 통제실, 무기실, 상점/정비 UI 배경 후보","desk_no_computer.fbx","Assets/Sci-Fi Styled Modular Pack/Models/desk_no_computer.fbx","thumbnails/objects/0892_model_desk_no_computer_9d8d0f8f.png","1","4.2 x 1.38 x 1.77","FBX 원본 모델입니다. 같은 형태의 프리팹이 있으면 프리팹 우선 검토."
"Material","Sci-Fi Styled Modular Pack","머티리얼","재질 후보, 색감/마모/발광 확인","Sand.mat","Assets/Sci-Fi Styled Modular Pack/Example scenes/Materials/Sand.mat","thumbnails/materials/0080_material_Sand_9bc1ec50.png","1","1 x 1 x 1","데모/예시 폴더 출처입니다. 실제 적용 전 재확인 필요."
"Material","Sci-Fi Styled Modular Pack","머티리얼","재질 후보, 색감/마모/발광 확인","Snow.mat","Assets/Sci-Fi Styled Modular Pack/Example scenes/Materials/Snow.mat","thumbnails/materials/0081_material_Snow_33a0263d.png","1","1 x 1 x 1","데모/예시 폴더 출처입니다. 실제 적용 전 재확인 필요."
"Material","Sci-Fi Styled Modular Pack","머티리얼","재질 후보, 색감/마모/발광 확인","blue emission.mat","Assets/Sci-Fi Styled Modular Pack/Materials/blue emission.mat","thumbnails/materials/0082_material_blue_emission_1ec2d117.png","1","1 x 1 x 1","머티리얼 파일입니다. 렌더러 적용 전 셰이더 호환성 확인 필요."
"Material","Sci-Fi Styled Modular Pack","머티리얼","재질 후보, 색감/마모/발광 확인","comuter_wall.mat","Assets/Sci-Fi Styled Modular Pack/Materials/comuter_wall.mat","thumbnails/materials/0083_material_comuter_wall_73d4685c.png","1","1 x 1 x 1","머티리얼 파일입니다. 렌더러 적용 전 셰이더 호환성 확인 필요."
"Material","Sci-Fi Styled Modular Pack","머티리얼","재질 후보, 색감/마모/발광 확인","glass.mat","Assets/Sci-Fi Styled Modular Pack/Materials/glass.mat","thumbnails/materials/0084_material_glass_a34753b0.png","1","1 x 1 x 1","머티리얼 파일입니다. 렌더러 적용 전 셰이더 호환성 확인 필요."
"Material","Sci-Fi Styled Modular Pack","머티리얼","재질 후보, 색감/마모/발광 확인","hologram.mat","Assets/Sci-Fi Styled Modular Pack/Materials/hologram.mat","thumbnails/materials/0085_material_hologram_54334b03.png","1","1 x 1 x 1","머티리얼 파일입니다. 렌더러 적용 전 셰이더 호환성 확인 필요."
"Material","Sci-Fi Styled Modular Pack","머티리얼","재질 후보, 색감/마모/발광 확인","hologram_particle.mat","Assets/Sci-Fi Styled Modular Pack/Materials/hologram_particle.mat","thumbnails/materials/0086_material_hologram_particle_7740dd32.png","1","1 x 1 x 1","머티리얼 파일입니다. 렌더러 적용 전 셰이더 호환성 확인 필요."
"Material","Sci-Fi Styled Modular Pack","머티리얼","재질 후보, 색감/마모/발광 확인","lattice floor.mat","Assets/Sci-Fi Styled Modular Pack/Materials/lattice floor.mat","thumbnails/materials/0087_material_lattice_floor_a2edc224.png","1","1 x 1 x 1","머티리얼 파일입니다. 렌더러 적용 전 셰이더 호환성 확인 필요."
"Material","Sci-Fi Styled Modular Pack","머티리얼","재질 후보, 색감/마모/발광 확인","lattice.mat","Assets/Sci-Fi Styled Modular Pack/Materials/lattice.mat","thumbnails/materials/0088_material_lattice_29f09572.png","1","1 x 1 x 1","머티리얼 파일입니다. 렌더러 적용 전 셰이더 호환성 확인 필요."
"Material","Sci-Fi Styled Modular Pack","머티리얼","재질 후보, 색감/마모/발광 확인","nature_bush.mat","Assets/Sci-Fi Styled Modular Pack/Materials/nature_bush.mat","thumbnails/materials/0089_material_nature_bush_0bc23e66.png","1","1 x 1 x 1","머티리얼 파일입니다. 렌더러 적용 전 셰이더 호환성 확인 필요."
"Material","Sci-Fi Styled Modular Pack","머티리얼","재질 후보, 색감/마모/발광 확인","nature_ground.mat","Assets/Sci-Fi Styled Modular Pack/Materials/nature_ground.mat","thumbnails/materials/0090_material_nature_ground_8bf764ab.png","1","1 x 1 x 1","머티리얼 파일입니다. 렌더러 적용 전 셰이더 호환성 확인 필요."
"Material","Sci-Fi Styled Modular Pack","머티리얼","재질 후보, 색감/마모/발광 확인","nature_leaves.mat","Assets/Sci-Fi Styled Modular Pack/Materials/nature_leaves.mat","thumbnails/materials/0091_material_nature_leaves_ca5b753c.png","1","1 x 1 x 1","머티리얼 파일입니다. 렌더러 적용 전 셰이더 호환성 확인 필요."
"Material","Sci-Fi Styled Modular Pack","머티리얼","재질 후보, 색감/마모/발광 확인","nature_root.mat","Assets/Sci-Fi Styled Modular Pack/Materials/nature_root.mat","thumbnails/materials/0092_material_nature_root_b36b56a8.png","1","1 x 1 x 1","머티리얼 파일입니다. 렌더러 적용 전 셰이더 호환성 확인 필요."
"Material","Sci-Fi Styled Modular Pack","머티리얼","재질 후보, 색감/마모/발광 확인","base color.mat","Assets/Sci-Fi Styled Modular Pack/Materials/Palletes/base color.mat","thumbnails/materials/0093_material_base_color_5e340719.png","1","1 x 1 x 1","머티리얼 파일입니다. 렌더러 적용 전 셰이더 호환성 확인 필요."
"Material","Sci-Fi Styled Modular Pack","머티리얼","재질 후보, 색감/마모/발광 확인","blue color.mat","Assets/Sci-Fi Styled Modular Pack/Materials/Palletes/blue color.mat","thumbnails/materials/0094_material_blue_color_a5592910.png","1","1 x 1 x 1","머티리얼 파일입니다. 렌더러 적용 전 셰이더 호환성 확인 필요."
"Material","Sci-Fi Styled Modular Pack","머티리얼","재질 후보, 색감/마모/발광 확인","coffee color.mat","Assets/Sci-Fi Styled Modular Pack/Materials/Palletes/coffee color.mat","thumbnails/materials/0095_material_coffee_color_bd1dabe8.png","1","1 x 1 x 1","머티리얼 파일입니다. 렌더러 적용 전 셰이더 호환성 확인 필요."
"Material","Sci-Fi Styled Modular Pack","머티리얼","재질 후보, 색감/마모/발광 확인","dark color.mat","Assets/Sci-Fi Styled Modular Pack/Materials/Palletes/dark color.mat","thumbnails/materials/0096_material_dark_color_7d1f753c.png","1","1 x 1 x 1","머티리얼 파일입니다. 렌더러 적용 전 셰이더 호환성 확인 필요."
"Material","Sci-Fi Styled Modular Pack","머티리얼","재질 후보, 색감/마모/발광 확인","iron man color.mat","Assets/Sci-Fi Styled Modular Pack/Materials/Palletes/iron man color.mat","thumbnails/materials/0097_material_iron_man_color_5a261b86.png","1","1 x 1 x 1","머티리얼 파일입니다. 렌더러 적용 전 셰이더 호환성 확인 필요."
"Material","Sci-Fi Styled Modular Pack","머티리얼","재질 후보, 색감/마모/발광 확인","projector_warning.mat","Assets/Sci-Fi Styled Modular Pack/Materials/projector_warning.mat","thumbnails/materials/0098_material_projector_warning_fbd74a27.png","1","1 x 1 x 1","머티리얼 파일입니다. 렌더러 적용 전 셰이더 호환성 확인 필요."
"Material","Sci-Fi Styled Modular Pack","머티리얼","재질 후보, 색감/마모/발광 확인","screen.mat","Assets/Sci-Fi Styled Modular Pack/Materials/screen.mat","thumbnails/materials/0099_material_screen_e49ee788.png","1","1 x 1 x 1","머티리얼 파일입니다. 렌더러 적용 전 셰이더 호환성 확인 필요."
"Material","Sci-Fi Styled Modular Pack","머티리얼","재질 후보, 색감/마모/발광 확인","white emision.mat","Assets/Sci-Fi Styled Modular Pack/Materials/white emision.mat","thumbnails/materials/0100_material_white_emision_42c72cc1.png","1","1 x 1 x 1","머티리얼 파일입니다. 렌더러 적용 전 셰이더 호환성 확인 필요."
"Material","Sci-Fi Styled Modular Pack","머티리얼","재질 후보, 색감/마모/발광 확인","window.mat","Assets/Sci-Fi Styled Modular Pack/Materials/window.mat","thumbnails/materials/0101_material_window_d4c4f270.png","1","1 x 1 x 1","머티리얼 파일입니다. 렌더러 적용 전 셰이더 호환성 확인 필요."
"Material","Sci-Fi Styled Modular Pack","머티리얼","재질 후보, 색감/마모/발광 확인","base color.mat","Assets/Sci-Fi Styled Modular Pack/Models/Materials/base color.mat","thumbnails/materials/0102_material_base_color_927fa873.png","1","1 x 1 x 1","머티리얼 파일입니다. 렌더러 적용 전 셰이더 호환성 확인 필요."
"Material","Sci-Fi Styled Modular Pack","머티리얼","재질 후보, 색감/마모/발광 확인","No Name.mat","Assets/Sci-Fi Styled Modular Pack/Models/Materials/No Name.mat","thumbnails/materials/0103_material_No_Name_4dc6d79d.png","1","1 x 1 x 1","머티리얼 파일입니다. 렌더러 적용 전 셰이더 호환성 확인 필요."
"Texture","Sci-Fi Styled Modular Pack","텍스처/금속·거칠기","재질 후보, 색감/마모/발광 확인","computer_wall_metalic.png","Assets/Sci-Fi Styled Modular Pack/Textures/computer_wall_metalic.png","thumbnails/textures/0233_texture_computer_wall_metalic_4c90826b.png","0","1024x1024","텍스처 파일입니다. 형태가 아니라 재질 후보로 보십시오."
"Texture","Sci-Fi Styled Modular Pack","텍스처/노멀","재질 후보, 색감/마모/발광 확인","base-color-normal.png","Assets/Sci-Fi Styled Modular Pack/Textures/base-color-normal.png","thumbnails/textures/0234_texture_base_color_normal_bd89f98c.png","0","2048x2048","텍스처 파일입니다. 형태가 아니라 재질 후보로 보십시오."
"Texture","Sci-Fi Styled Modular Pack","텍스처/발광","재질 후보, 색감/마모/발광 확인","window_big_emission_mask.png","Assets/Sci-Fi Styled Modular Pack/Textures/window_big_emission_mask.png","thumbnails/textures/0235_texture_window_big_emission_mask_c6cfb633.png","0","1024x1024","텍스처 파일입니다. 형태가 아니라 재질 후보로 보십시오."
"Texture","Sci-Fi Styled Modular Pack","텍스처/색상","재질 후보, 색감/마모/발광 확인","base-color.png","Assets/Sci-Fi Styled Modular Pack/Textures/base-color.png","thumbnails/textures/0236_texture_base_color_1bb0ce02.png","0","512x512","텍스처 파일입니다. 형태가 아니라 재질 후보로 보십시오."
"Texture","Sci-Fi Styled Modular Pack","텍스처/색상","재질 후보, 색감/마모/발광 확인","black-color.png","Assets/Sci-Fi Styled Modular Pack/Textures/black-color.png","thumbnails/textures/0237_texture_black_color_6113563c.png","0","256x256","텍스처 파일입니다. 형태가 아니라 재질 후보로 보십시오."
"Texture","Sci-Fi Styled Modular Pack","텍스처/색상","재질 후보, 색감/마모/발광 확인","blood-color.png","Assets/Sci-Fi Styled Modular Pack/Textures/blood-color.png","thumbnails/textures/0238_texture_blood_color_9ffc97bb.png","0","256x256","텍스처 파일입니다. 형태가 아니라 재질 후보로 보십시오."
"Texture","Sci-Fi Styled Modular Pack","텍스처/색상","재질 후보, 색감/마모/발광 확인","blue-color.png","Assets/Sci-Fi Styled Modular Pack/Textures/blue-color.png","thumbnails/textures/0239_texture_blue_color_fe50dadf.png","0","256x256","텍스처 파일입니다. 형태가 아니라 재질 후보로 보십시오."
"Texture","Sci-Fi Styled Modular Pack","텍스처/색상","재질 후보, 색감/마모/발광 확인","bush.png","Assets/Sci-Fi Styled Modular Pack/Textures/bush.png","thumbnails/textures/0240_texture_bush_e47bfa6f.png","0","512x512","텍스처 파일입니다. 형태가 아니라 재질 후보로 보십시오."
"Texture","Sci-Fi Styled Modular Pack","텍스처/색상","재질 후보, 색감/마모/발광 확인","coffee-color.png","Assets/Sci-Fi Styled Modular Pack/Textures/coffee-color.png","thumbnails/textures/0241_texture_coffee_color_ce56b9bf.png","0","64x64","텍스처 파일입니다. 형태가 아니라 재질 후보로 보십시오."
"Texture","Sci-Fi Styled Modular Pack","텍스처/색상","재질 후보, 색감/마모/발광 확인","computer_wall_texture.png","Assets/Sci-Fi Styled Modular Pack/Textures/computer_wall_texture.png","thumbnails/textures/0242_texture_computer_wall_texture_c3f18553.png","0","1024x1024","텍스처 파일입니다. 형태가 아니라 재질 후보로 보십시오."
"Texture","Sci-Fi Styled Modular Pack","텍스처/색상","재질 후보, 색감/마모/발광 확인","dark-color.png","Assets/Sci-Fi Styled Modular Pack/Textures/dark-color.png","thumbnails/textures/0243_texture_dark_color_b12308df.png","0","200x200","텍스처 파일입니다. 형태가 아니라 재질 후보로 보십시오."
"Texture","Sci-Fi Styled Modular Pack","텍스처/색상","재질 후보, 색감/마모/발광 확인","green-color.png","Assets/Sci-Fi Styled Modular Pack/Textures/green-color.png","thumbnails/textures/0244_texture_green_color_5ccd8684.png","0","256x256","텍스처 파일입니다. 형태가 아니라 재질 후보로 보십시오."
"Texture","Sci-Fi Styled Modular Pack","텍스처/색상","재질 후보, 색감/마모/발광 확인","grey-color.png","Assets/Sci-Fi Styled Modular Pack/Textures/grey-color.png","thumbnails/textures/0245_texture_grey_color_dae19624.png","0","200x200","텍스처 파일입니다. 형태가 아니라 재질 후보로 보십시오."
"Texture","Sci-Fi Styled Modular Pack","텍스처/색상","재질 후보, 색감/마모/발광 확인","hologram texture.png","Assets/Sci-Fi Styled Modular Pack/Textures/hologram texture.png","thumbnails/textures/0246_texture_hologram_texture_52e92a2d.png","0","512x512","텍스처 파일입니다. 형태가 아니라 재질 후보로 보십시오."
"Texture","Sci-Fi Styled Modular Pack","텍스처/색상","재질 후보, 색감/마모/발광 확인","keyboard.png","Assets/Sci-Fi Styled Modular Pack/Textures/keyboard.png","thumbnails/textures/0247_texture_keyboard_82212904.png","0","640x320","텍스처 파일입니다. 형태가 아니라 재질 후보로 보십시오."
"Texture","Sci-Fi Styled Modular Pack","텍스처/색상","재질 후보, 색감/마모/발광 확인","lattice-emision-mask.png","Assets/Sci-Fi Styled Modular Pack/Textures/lattice-emision-mask.png","thumbnails/textures/0248_texture_lattice_emision_mask_95b35103.png","0","512x512","텍스처 파일입니다. 형태가 아니라 재질 후보로 보십시오."
"Texture","Sci-Fi Styled Modular Pack","텍스처/색상","재질 후보, 색감/마모/발광 확인","lattice.png","Assets/Sci-Fi Styled Modular Pack/Textures/lattice.png","thumbnails/textures/0249_texture_lattice_1a94f25f.png","0","512x512","텍스처 파일입니다. 형태가 아니라 재질 후보로 보십시오."
"Texture","Sci-Fi Styled Modular Pack","텍스처/색상","재질 후보, 색감/마모/발광 확인","mettalic.png","Assets/Sci-Fi Styled Modular Pack/Textures/mettalic.png","thumbnails/textures/0250_texture_mettalic_a71f3042.png","0","200x200","텍스처 파일입니다. 형태가 아니라 재질 후보로 보십시오."
"Texture","Sci-Fi Styled Modular Pack","텍스처/색상","재질 후보, 색감/마모/발광 확인","nature_leaves.png","Assets/Sci-Fi Styled Modular Pack/Textures/nature_leaves.png","thumbnails/textures/0251_texture_nature_leaves_277d3ac1.png","0","626x1510","텍스처 파일입니다. 형태가 아니라 재질 후보로 보십시오."
"Texture","Sci-Fi Styled Modular Pack","텍스처/색상","재질 후보, 색감/마모/발광 확인","projector_warning.png","Assets/Sci-Fi Styled Modular Pack/Textures/projector_warning.png","thumbnails/textures/0252_texture_projector_warning_aff73fc6.png","0","256x256","텍스처 파일입니다. 형태가 아니라 재질 후보로 보십시오."
"Texture","Sci-Fi Styled Modular Pack","텍스처/색상","재질 후보, 색감/마모/발광 확인","second-color.png","Assets/Sci-Fi Styled Modular Pack/Textures/second-color.png","thumbnails/textures/0253_texture_second_color_2caafb97.png","0","200x200","텍스처 파일입니다. 형태가 아니라 재질 후보로 보십시오."
"Texture","Sci-Fi Styled Modular Pack","텍스처/색상","재질 후보, 색감/마모/발광 확인","window_big.png","Assets/Sci-Fi Styled Modular Pack/Textures/window_big.png","thumbnails/textures/0254_texture_window_big_cfa103e4.png","0","1024x1024","텍스처 파일입니다. 형태가 아니라 재질 후보로 보십시오."
"Texture","Sci-Fi Styled Modular Pack","텍스처/색상","재질 후보, 색감/마모/발광 확인","window_big_transparent_mask.png","Assets/Sci-Fi Styled Modular Pack/Textures/window_big_transparent_mask.png","thumbnails/textures/0255_texture_window_big_transparent_mask_10a8c090.png","0","1024x1024","텍스처 파일입니다. 형태가 아니라 재질 후보로 보십시오."
